start Fri Oct  9 21:30:45     2026 head c0448b1
[log] file C:\Users\robin\AppData\Local\crow\logs\engine.log (rotate at 64.000 MiB, keep 8, gzip on rotation), stderr mirror on, filter info
[glmgolden] golden ../models/GLM-5.3-Flash-step06/ref-mul1-all: 90 rows (T 86 + D 4), prompt in calls of 512 (5 calls), layers [0, 1, 2, 3, 4, 5, 6, 7, 8, 9, 10, 11, 12, 13, 14, 15, 16, 17, 18, 19, 20, 21, 22, 23, 24, 25, 26, 27, 28, 29, 30, 31, 32, 33, 34, 35, 36, 37, 38, 39, 40, 41, 42, 43, 44], golden-fed (G3: cosine >= 0.9999 per layer, site and row group)
[glmgolden] container ../converter/GLM-5.3-Flash-MUL1K3.cnq: 38 constants verified, routed experts 288 x 9474048 B (12096 records, codec mul1)
[glmgolden] l0 kda+dense loaded in 0.1 s: 169280500 B to VRAM, 0 NVFP4 scale bytes 0x7F -> 0x7E (#177)
[glmgolden] l0 computed in 0.03 s (taps synchronize: not a speed figure)
glmgolden l0  attn pre        not compared (HF's hyper-connection does not return it)
glmgolden l0  attn post       prompt rows    0..85   max_abs 2.384e-7  (coefficients, reported)
glmgolden l0  attn post       decode rows   86..89   max_abs 2.384e-7  (coefficients, reported)
glmgolden l0  attn comb       prompt rows    0..85   max_abs 1.192e-7  (coefficients, reported)
glmgolden l0  attn comb       decode rows   86..89   max_abs 1.788e-7  (coefficients, reported)
glmgolden l0  attn collapsed  prompt rows    0..85   cosine 1.000000000 (worst row 32 1.000000000)  max_abs 7.451e-9  rel_rms 4.855e-8  PASS
glmgolden l0  attn collapsed  decode rows   86..89   cosine 1.000000000 (worst row 86 1.000000000)  max_abs 7.451e-9  rel_rms 1.298e-7  PASS
glmgolden l0  attn out        prompt rows    0..85   cosine 1.000000000 (worst row 85 1.000000000)  max_abs 2.906e-7  rel_rms 3.677e-6  PASS
glmgolden l0  attn out        decode rows   86..89   cosine 1.000000000 (worst row 86 1.000000000)  max_abs 4.470e-8  rel_rms 7.278e-7  PASS
glmgolden l0  attn expanded   prompt rows    0..85   cosine 1.000000000 (worst row 85 1.000000000)  max_abs 5.700e-7  rel_rms 4.018e-6  PASS
glmgolden l0  attn expanded   decode rows   86..89   cosine 1.000000000 (worst row 86 1.000000000)  max_abs 8.196e-8  rel_rms 8.862e-7  PASS
glmgolden l0  ffn  pre        not compared (HF's hyper-connection does not return it)
glmgolden l0  ffn  post       prompt rows    0..85   max_abs 2.384e-7  (coefficients, reported)
glmgolden l0  ffn  post       decode rows   86..89   max_abs 2.682e-7  (coefficients, reported)
glmgolden l0  ffn  comb       prompt rows    0..85   max_abs 3.874e-7  (coefficients, reported)
glmgolden l0  ffn  comb       decode rows   86..89   max_abs 5.662e-7  (coefficients, reported)
glmgolden l0  ffn  collapsed  prompt rows    0..85   cosine 1.000000000 (worst row 39 1.000000000)  max_abs 5.960e-8  rel_rms 2.057e-7  PASS
glmgolden l0  ffn  collapsed  decode rows   86..89   cosine 1.000000000 (worst row 88 1.000000000)  max_abs 7.451e-8  rel_rms 4.819e-7  PASS
glmgolden l0  ffn  out        prompt rows    0..85   cosine 1.000000000 (worst row 39 1.000000000)  max_abs 2.608e-8  rel_rms 3.711e-7  PASS
glmgolden l0  ffn  out        decode rows   86..89   cosine 1.000000000 (worst row 88 1.000000000)  max_abs 4.470e-8  rel_rms 6.251e-7  PASS
glmgolden l0  ffn  expanded   prompt rows    0..85   cosine 1.000000000 (worst row 32 1.000000000)  max_abs 3.353e-8  rel_rms 3.041e-7  PASS
glmgolden l0  ffn  expanded   decode rows   86..89   cosine 1.000000000 (worst row 86 1.000000000)  max_abs 4.470e-8  rel_rms 4.865e-7  PASS
[glmgolden] l1 kda+dense loaded in 0.1 s: 169280500 B to VRAM, 0 NVFP4 scale bytes 0x7F -> 0x7E (#177)
[glmgolden] l1 computed in 0.03 s (taps synchronize: not a speed figure)
glmgolden l1  attn pre        not compared (HF's hyper-connection does not return it)
glmgolden l1  attn post       prompt rows    0..85   max_abs 2.384e-7  (coefficients, reported)
glmgolden l1  attn post       decode rows   86..89   max_abs 2.384e-7  (coefficients, reported)
glmgolden l1  attn comb       prompt rows    0..85   max_abs 4.172e-7  (coefficients, reported)
glmgolden l1  attn comb       decode rows   86..89   max_abs 6.557e-7  (coefficients, reported)
glmgolden l1  attn collapsed  prompt rows    0..85   cosine 1.000000000 (worst row 74 1.000000000)  max_abs 2.794e-8  rel_rms 1.639e-7  PASS
glmgolden l1  attn collapsed  decode rows   86..89   cosine 1.000000000 (worst row 89 1.000000000)  max_abs 4.470e-8  rel_rms 1.011e-6  PASS
glmgolden l1  attn out        prompt rows    0..85   cosine 1.000000000 (worst row 70 1.000000000)  max_abs 1.909e-7  rel_rms 5.140e-6  PASS
glmgolden l1  attn out        decode rows   86..89   cosine 1.000000000 (worst row 87 1.000000000)  max_abs 4.750e-8  rel_rms 1.908e-6  PASS
glmgolden l1  attn expanded   prompt rows    0..85   cosine 1.000000000 (worst row 67 1.000000000)  max_abs 3.707e-7  rel_rms 3.364e-6  PASS
glmgolden l1  attn expanded   decode rows   86..89   cosine 1.000000000 (worst row 86 1.000000000)  max_abs 9.220e-8  rel_rms 1.282e-6  PASS
glmgolden l1  ffn  pre        not compared (HF's hyper-connection does not return it)
glmgolden l1  ffn  post       prompt rows    0..85   max_abs 2.384e-7  (coefficients, reported)
glmgolden l1  ffn  post       decode rows   86..89   max_abs 2.980e-7  (coefficients, reported)
glmgolden l1  ffn  comb       prompt rows    0..85   max_abs 1.788e-7  (coefficients, reported)
glmgolden l1  ffn  comb       decode rows   86..89   max_abs 1.192e-7  (coefficients, reported)
glmgolden l1  ffn  collapsed  prompt rows    0..85   cosine 1.000000000 (worst row 70 1.000000000)  max_abs 1.863e-8  rel_rms 1.876e-7  PASS
glmgolden l1  ffn  collapsed  decode rows   86..89   cosine 1.000000000 (worst row 87 1.000000000)  max_abs 1.490e-8  rel_rms 2.306e-7  PASS
glmgolden l1  ffn  out        prompt rows    0..85   cosine 1.000000000 (worst row 70 1.000000000)  max_abs 1.304e-8  rel_rms 4.027e-7  PASS
glmgolden l1  ffn  out        decode rows   86..89   cosine 1.000000000 (worst row 89 1.000000000)  max_abs 1.490e-8  rel_rms 6.543e-7  PASS
glmgolden l1  ffn  expanded   prompt rows    0..85   cosine 1.000000000 (worst row 70 1.000000000)  max_abs 1.583e-8  rel_rms 1.709e-7  PASS
glmgolden l1  ffn  expanded   decode rows   86..89   cosine 1.000000000 (worst row 87 1.000000000)  max_abs 1.164e-8  rel_rms 2.431e-7  PASS
[glmgolden] l2 kda+dense loaded in 0.1 s: 169280500 B to VRAM, 0 NVFP4 scale bytes 0x7F -> 0x7E (#177)
[glmgolden] l2 computed in 0.03 s (taps synchronize: not a speed figure)
glmgolden l2  attn pre        not compared (HF's hyper-connection does not return it)
glmgolden l2  attn post       prompt rows    0..85   max_abs 2.384e-7  (coefficients, reported)
glmgolden l2  attn post       decode rows   86..89   max_abs 2.384e-7  (coefficients, reported)
glmgolden l2  attn comb       prompt rows    0..85   max_abs 2.980e-7  (coefficients, reported)
glmgolden l2  attn comb       decode rows   86..89   max_abs 1.192e-7  (coefficients, reported)
glmgolden l2  attn collapsed  prompt rows    0..85   cosine 1.000000000 (worst row 25 1.000000000)  max_abs 3.353e-8  rel_rms 2.332e-7  PASS
glmgolden l2  attn collapsed  decode rows   86..89   cosine 1.000000000 (worst row 89 1.000000000)  max_abs 3.912e-8  rel_rms 7.011e-7  PASS
glmgolden l2  attn out        prompt rows    0..85   cosine 1.000000000 (worst row 53 1.000000000)  max_abs 1.331e-7  rel_rms 5.466e-6  PASS
glmgolden l2  attn out        decode rows   86..89   cosine 1.000000000 (worst row 87 1.000000000)  max_abs 3.912e-8  rel_rms 2.150e-6  PASS
glmgolden l2  attn expanded   prompt rows    0..85   cosine 1.000000000 (worst row 67 1.000000000)  max_abs 2.547e-7  rel_rms 3.033e-6  PASS
glmgolden l2  attn expanded   decode rows   86..89   cosine 1.000000000 (worst row 86 1.000000000)  max_abs 6.706e-8  rel_rms 1.137e-6  PASS
glmgolden l2  ffn  pre        not compared (HF's hyper-connection does not return it)
glmgolden l2  ffn  post       prompt rows    0..85   max_abs 2.384e-7  (coefficients, reported)
glmgolden l2  ffn  post       decode rows   86..89   max_abs 2.384e-7  (coefficients, reported)
glmgolden l2  ffn  comb       prompt rows    0..85   max_abs 1.788e-7  (coefficients, reported)
glmgolden l2  ffn  comb       decode rows   86..89   max_abs 1.788e-7  (coefficients, reported)
glmgolden l2  ffn  collapsed  prompt rows    0..85   cosine 1.000000000 (worst row 81 1.000000000)  max_abs 1.490e-8  rel_rms 2.283e-7  PASS
glmgolden l2  ffn  collapsed  decode rows   86..89   cosine 1.000000000 (worst row 86 1.000000000)  max_abs 3.353e-8  rel_rms 7.004e-7  PASS
glmgolden l2  ffn  out        prompt rows    0..85   cosine 1.000000000 (worst row 39 1.000000000)  max_abs 7.451e-8  rel_rms 2.816e-7  PASS
glmgolden l2  ffn  out        decode rows   86..89   cosine 1.000000000 (worst row 86 1.000000000)  max_abs 1.416e-7  rel_rms 7.160e-7  PASS
glmgolden l2  ffn  expanded   prompt rows    0..85   cosine 1.000000000 (worst row 39 1.000000000)  max_abs 1.490e-7  rel_rms 2.720e-7  PASS
glmgolden l2  ffn  expanded   decode rows   86..89   cosine 1.000000000 (worst row 86 1.000000000)  max_abs 2.533e-7  rel_rms 7.030e-7  PASS
[glmgolden] l3 dsa+moe loaded in 1.4 s: 2851778932 B to VRAM, 0 NVFP4 scale bytes 0x7F -> 0x7E (#177), kv_b to BF16: 14942625 of 16777216 values inexact (RNE)
[glmgolden] l3 computed in 0.05 s (taps synchronize: not a speed figure)
glmgolden l3  attn pre        not compared (HF's hyper-connection does not return it)
glmgolden l3  attn post       prompt rows    0..85   max_abs 1.164e-8  (coefficients, reported)
glmgolden l3  attn post       decode rows   86..89   max_abs 4.843e-8  (coefficients, reported)
glmgolden l3  attn comb       prompt rows    0..85   max_abs 2.682e-7  (coefficients, reported)
glmgolden l3  attn comb       decode rows   86..89   max_abs 1.788e-7  (coefficients, reported)
glmgolden l3  attn collapsed  prompt rows    0..85   cosine 1.000000000 (worst row 17 1.000000000)  max_abs 1.304e-8  rel_rms 2.597e-7  PASS
glmgolden l3  attn collapsed  decode rows   86..89   cosine 1.000000000 (worst row 87 1.000000000)  max_abs 1.909e-8  rel_rms 5.889e-7  PASS
glmgolden l3  attn out        prompt rows    0..85   cosine 0.999998338 (worst row 1 0.999997301)  max_abs 4.242e-3  rel_rms 1.835e-3  PASS
glmgolden l3  attn out        decode rows   86..89   cosine 0.999998530 (worst row 86 0.999998196)  max_abs 2.056e-3  rel_rms 1.715e-3  PASS
glmgolden l3  attn expanded   prompt rows    0..85   cosine 0.999999997 (worst row 0 0.999999986)  max_abs 4.882e-5  rel_rms 7.706e-5  PASS
glmgolden l3  attn expanded   decode rows   86..89   cosine 0.999999997 (worst row 87 0.999999994)  max_abs 2.659e-5  rel_rms 8.255e-5  PASS
glmgolden l3  ffn  pre        not compared (HF's hyper-connection does not return it)
glmgolden l3  ffn  post       prompt rows    0..85   max_abs 6.706e-8  (coefficients, reported)
glmgolden l3  ffn  post       decode rows   86..89   max_abs 7.078e-8  (coefficients, reported)
glmgolden l3  ffn  comb       prompt rows    0..85   max_abs 4.172e-7  (coefficients, reported)
glmgolden l3  ffn  comb       decode rows   86..89   max_abs 1.192e-7  (coefficients, reported)
glmgolden l3  ffn  collapsed  prompt rows    0..85   cosine 1.000000000 (worst row 22 1.000000000)  max_abs 9.313e-9  rel_rms 1.474e-7  PASS
glmgolden l3  ffn  collapsed  decode rows   86..89   cosine 1.000000000 (worst row 89 1.000000000)  max_abs 1.863e-8  rel_rms 8.510e-7  PASS
glmgolden l3  ffn  out        prompt rows    0..85   cosine 1.000000000 (worst row 71 1.000000000)  max_abs 4.768e-6  rel_rms 3.278e-7  PASS
glmgolden l3  ffn  out        decode rows   86..89   cosine 1.000000000 (worst row 89 1.000000000)  max_abs 5.245e-6  rel_rms 1.078e-6  PASS
glmgolden l3  ffn  expanded   prompt rows    0..85   cosine 1.000000000 (worst row 55 1.000000000)  max_abs 7.153e-7  rel_rms 2.933e-7  PASS
glmgolden l3  ffn  expanded   decode rows   86..89   cosine 1.000000000 (worst row 89 1.000000000)  max_abs 7.749e-7  rel_rms 1.114e-6  PASS
glmgolden l3  routing top-8 overlap 1.0000 (90 / 90 rows the same set)
glmgolden l3  dsa selection overlap 1.0000 (90 / 90 rows the same set)
[glmgolden] l4 kda+moe loaded in 1.3 s: 2829387892 B to VRAM, 0 NVFP4 scale bytes 0x7F -> 0x7E (#177)
[glmgolden] l4 computed in 0.04 s (taps synchronize: not a speed figure)
glmgolden l4  attn pre        not compared (HF's hyper-connection does not return it)
glmgolden l4  attn post       prompt rows    0..85   max_abs 1.639e-7  (coefficients, reported)
glmgolden l4  attn post       decode rows   86..89   max_abs 3.427e-7  (coefficients, reported)
glmgolden l4  attn comb       prompt rows    0..85   max_abs 3.576e-7  (coefficients, reported)
glmgolden l4  attn comb       decode rows   86..89   max_abs 7.749e-7  (coefficients, reported)
glmgolden l4  attn collapsed  prompt rows    0..85   cosine 1.000000000 (worst row 79 1.000000000)  max_abs 4.098e-8  rel_rms 3.544e-7  PASS
glmgolden l4  attn collapsed  decode rows   86..89   cosine 1.000000000 (worst row 89 1.000000000)  max_abs 2.049e-8  rel_rms 6.030e-7  PASS
glmgolden l4  attn out        prompt rows    0..85   cosine 1.000000000 (worst row 68 1.000000000)  max_abs 4.694e-7  rel_rms 4.356e-6  PASS
glmgolden l4  attn out        decode rows   86..89   cosine 1.000000000 (worst row 86 1.000000000)  max_abs 1.714e-7  rel_rms 1.775e-6  PASS
glmgolden l4  attn expanded   prompt rows    0..85   cosine 1.000000000 (worst row 3 1.000000000)  max_abs 1.593e-7  rel_rms 1.112e-7  PASS
glmgolden l4  attn expanded   decode rows   86..89   cosine 1.000000000 (worst row 89 1.000000000)  max_abs 3.632e-8  rel_rms 7.560e-8  PASS
glmgolden l4  ffn  pre        not compared (HF's hyper-connection does not return it)
glmgolden l4  ffn  post       prompt rows    0..85   max_abs 1.192e-7  (coefficients, reported)
glmgolden l4  ffn  post       decode rows   86..89   max_abs 1.490e-7  (coefficients, reported)
glmgolden l4  ffn  comb       prompt rows    0..85   max_abs 4.768e-7  (coefficients, reported)
glmgolden l4  ffn  comb       decode rows   86..89   max_abs 1.192e-7  (coefficients, reported)
glmgolden l4  ffn  collapsed  prompt rows    0..85   cosine 1.000000000 (worst row 59 1.000000000)  max_abs 9.313e-9  rel_rms 1.084e-7  PASS
glmgolden l4  ffn  collapsed  decode rows   86..89   cosine 1.000000000 (worst row 88 1.000000000)  max_abs 9.313e-9  rel_rms 2.780e-7  PASS
glmgolden l4  ffn  out        prompt rows    0..85   cosine 1.000000000 (worst row 45 1.000000000)  max_abs 5.364e-7  rel_rms 5.177e-7  PASS
glmgolden l4  ffn  out        decode rows   86..89   cosine 1.000000000 (worst row 88 1.000000000)  max_abs 2.310e-7  rel_rms 7.160e-7  PASS
glmgolden l4  ffn  expanded   prompt rows    0..85   cosine 1.000000000 (worst row 50 1.000000000)  max_abs 1.192e-7  rel_rms 8.229e-8  PASS
glmgolden l4  ffn  expanded   decode rows   86..89   cosine 1.000000000 (worst row 89 1.000000000)  max_abs 1.043e-7  rel_rms 1.494e-7  PASS
glmgolden l4  routing top-8 overlap 1.0000 (90 / 90 rows the same set)
[glmgolden] l5 kda+moe loaded in 1.3 s: 2829387892 B to VRAM, 0 NVFP4 scale bytes 0x7F -> 0x7E (#177)
[glmgolden] l5 computed in 0.04 s (taps synchronize: not a speed figure)
glmgolden l5  attn pre        not compared (HF's hyper-connection does not return it)
glmgolden l5  attn post       prompt rows    0..85   max_abs 2.384e-7  (coefficients, reported)
glmgolden l5  attn post       decode rows   86..89   max_abs 5.960e-8  (coefficients, reported)
glmgolden l5  attn comb       prompt rows    0..85   max_abs 3.576e-7  (coefficients, reported)
glmgolden l5  attn comb       decode rows   86..89   max_abs 1.788e-7  (coefficients, reported)
glmgolden l5  attn collapsed  prompt rows    0..85   cosine 1.000000000 (worst row 83 1.000000000)  max_abs 5.215e-8  rel_rms 4.084e-7  PASS
glmgolden l5  attn collapsed  decode rows   86..89   cosine 1.000000000 (worst row 88 1.000000000)  max_abs 2.980e-8  rel_rms 1.004e-6  PASS
glmgolden l5  attn out        prompt rows    0..85   cosine 1.000000000 (worst row 67 1.000000000)  max_abs 1.192e-7  rel_rms 4.753e-6  PASS
glmgolden l5  attn out        decode rows   86..89   cosine 1.000000000 (worst row 89 1.000000000)  max_abs 5.984e-8  rel_rms 3.150e-6  PASS
glmgolden l5  attn expanded   prompt rows    0..85   cosine 1.000000000 (worst row 3 1.000000000)  max_abs 1.024e-7  rel_rms 1.101e-7  PASS
glmgolden l5  attn expanded   decode rows   86..89   cosine 1.000000000 (worst row 88 1.000000000)  max_abs 5.960e-8  rel_rms 9.865e-8  PASS
glmgolden l5  ffn  pre        not compared (HF's hyper-connection does not return it)
glmgolden l5  ffn  post       prompt rows    0..85   max_abs 8.941e-8  (coefficients, reported)
glmgolden l5  ffn  post       decode rows   86..89   max_abs 2.384e-7  (coefficients, reported)
glmgolden l5  ffn  comb       prompt rows    0..85   max_abs 1.937e-7  (coefficients, reported)
glmgolden l5  ffn  comb       decode rows   86..89   max_abs 1.192e-7  (coefficients, reported)
glmgolden l5  ffn  collapsed  prompt rows    0..85   cosine 1.000000000 (worst row 65 1.000000000)  max_abs 1.024e-8  rel_rms 1.558e-7  PASS
glmgolden l5  ffn  collapsed  decode rows   86..89   cosine 1.000000000 (worst row 87 1.000000000)  max_abs 2.328e-8  rel_rms 6.294e-7  PASS
glmgolden l5  ffn  out        prompt rows    0..85   cosine 1.000000000 (worst row 65 1.000000000)  max_abs 4.768e-7  rel_rms 5.526e-7  PASS
glmgolden l5  ffn  out        decode rows   86..89   cosine 1.000000000 (worst row 87 1.000000000)  max_abs 3.576e-7  rel_rms 9.372e-7  PASS
glmgolden l5  ffn  expanded   prompt rows    0..85   cosine 1.000000000 (worst row 19 1.000000000)  max_abs 1.639e-7  rel_rms 1.067e-7  PASS
glmgolden l5  ffn  expanded   decode rows   86..89   cosine 1.000000000 (worst row 87 1.000000000)  max_abs 1.043e-7  rel_rms 2.079e-7  PASS
glmgolden l5  routing top-8 overlap 1.0000 (90 / 90 rows the same set)
[glmgolden] l6 kda+moe loaded in 1.3 s: 2829387892 B to VRAM, 0 NVFP4 scale bytes 0x7F -> 0x7E (#177)
[glmgolden] l6 computed in 0.04 s (taps synchronize: not a speed figure)
glmgolden l6  attn pre        not compared (HF's hyper-connection does not return it)
glmgolden l6  attn post       prompt rows    0..85   max_abs 2.384e-7  (coefficients, reported)
glmgolden l6  attn post       decode rows   86..89   max_abs 2.384e-7  (coefficients, reported)
glmgolden l6  attn comb       prompt rows    0..85   max_abs 1.788e-7  (coefficients, reported)
glmgolden l6  attn comb       decode rows   86..89   max_abs 1.360e-7  (coefficients, reported)
glmgolden l6  attn collapsed  prompt rows    0..85   cosine 1.000000000 (worst row 63 1.000000000)  max_abs 5.215e-8  rel_rms 4.165e-7  PASS
glmgolden l6  attn collapsed  decode rows   86..89   cosine 1.000000000 (worst row 88 1.000000000)  max_abs 2.328e-8  rel_rms 7.132e-7  PASS
glmgolden l6  attn out        prompt rows    0..85   cosine 1.000000000 (worst row 49 1.000000000)  max_abs 1.173e-7  rel_rms 5.099e-6  PASS
glmgolden l6  attn out        decode rows   86..89   cosine 1.000000000 (worst row 86 1.000000000)  max_abs 3.097e-8  rel_rms 2.017e-6  PASS
glmgolden l6  attn expanded   prompt rows    0..85   cosine 1.000000000 (worst row 3 1.000000000)  max_abs 1.974e-7  rel_rms 1.465e-7  PASS
glmgolden l6  attn expanded   decode rows   86..89   cosine 1.000000000 (worst row 88 1.000000000)  max_abs 5.960e-8  rel_rms 9.440e-8  PASS
glmgolden l6  ffn  pre        not compared (HF's hyper-connection does not return it)
glmgolden l6  ffn  post       prompt rows    0..85   max_abs 1.043e-7  (coefficients, reported)
glmgolden l6  ffn  post       decode rows   86..89   max_abs 2.086e-7  (coefficients, reported)
glmgolden l6  ffn  comb       prompt rows    0..85   max_abs 1.192e-7  (coefficients, reported)
glmgolden l6  ffn  comb       decode rows   86..89   max_abs 5.960e-8  (coefficients, reported)
glmgolden l6  ffn  collapsed  prompt rows    0..85   cosine 1.000000000 (worst row 62 1.000000000)  max_abs 1.304e-8  rel_rms 1.414e-7  PASS
glmgolden l6  ffn  collapsed  decode rows   86..89   cosine 1.000000000 (worst row 87 1.000000000)  max_abs 1.676e-8  rel_rms 5.022e-7  PASS
glmgolden l6  ffn  out        prompt rows    0..85   cosine 1.000000000 (worst row 14 1.000000000)  max_abs 4.768e-6  rel_rms 3.305e-7  PASS
glmgolden l6  ffn  out        decode rows   86..89   cosine 1.000000000 (worst row 87 1.000000000)  max_abs 2.980e-7  rel_rms 6.669e-7  PASS
glmgolden l6  ffn  expanded   prompt rows    0..85   cosine 1.000000000 (worst row 1 1.000000000)  max_abs 8.941e-7  rel_rms 2.001e-7  PASS
glmgolden l6  ffn  expanded   decode rows   86..89   cosine 1.000000000 (worst row 89 1.000000000)  max_abs 2.012e-7  rel_rms 3.200e-7  PASS
glmgolden l6  routing top-8 overlap 1.0000 (90 / 90 rows the same set)
[glmgolden] l7 dsa+moe loaded in 1.4 s: 2851778932 B to VRAM, 0 NVFP4 scale bytes 0x7F -> 0x7E (#177), kv_b to BF16: 13992709 of 16777216 values inexact (RNE)
[glmgolden] l7 computed in 0.11 s (taps synchronize: not a speed figure)
glmgolden l7  attn pre        not compared (HF's hyper-connection does not return it)
glmgolden l7  attn post       prompt rows    0..85   max_abs 1.490e-8  (coefficients, reported)
glmgolden l7  attn post       decode rows   86..89   max_abs 1.397e-8  (coefficients, reported)
glmgolden l7  attn comb       prompt rows    0..85   max_abs 1.192e-7  (coefficients, reported)
glmgolden l7  attn comb       decode rows   86..89   max_abs 1.788e-7  (coefficients, reported)
glmgolden l7  attn collapsed  prompt rows    0..85   cosine 1.000000000 (worst row 65 1.000000000)  max_abs 1.192e-7  rel_rms 1.723e-7  PASS
glmgolden l7  attn collapsed  decode rows   86..89   cosine 1.000000000 (worst row 89 1.000000000)  max_abs 3.446e-8  rel_rms 1.443e-6  PASS
glmgolden l7  attn out        prompt rows    0..85   cosine 0.999996580 (worst row 0 0.999986570)  max_abs 4.575e-3  rel_rms 2.616e-3  PASS
glmgolden l7  attn out        decode rows   86..89   cosine 0.999995955 (worst row 89 0.999995273)  max_abs 2.147e-3  rel_rms 2.845e-3  PASS
glmgolden l7  attn expanded   prompt rows    0..85   cosine 0.999999999 (worst row 67 0.999999995)  max_abs 6.169e-5  rel_rms 4.511e-5  PASS
glmgolden l7  attn expanded   decode rows   86..89   cosine 0.999999999 (worst row 87 0.999999999)  max_abs 1.662e-5  rel_rms 3.624e-5  PASS
glmgolden l7  ffn  pre        not compared (HF's hyper-connection does not return it)
glmgolden l7  ffn  post       prompt rows    0..85   max_abs 8.941e-8  (coefficients, reported)
glmgolden l7  ffn  post       decode rows   86..89   max_abs 1.043e-7  (coefficients, reported)
glmgolden l7  ffn  comb       prompt rows    0..85   max_abs 2.980e-7  (coefficients, reported)
glmgolden l7  ffn  comb       decode rows   86..89   max_abs 1.192e-7  (coefficients, reported)
glmgolden l7  ffn  collapsed  prompt rows    0..85   cosine 1.000000000 (worst row 43 1.000000000)  max_abs 5.960e-8  rel_rms 2.099e-7  PASS
glmgolden l7  ffn  collapsed  decode rows   86..89   cosine 1.000000000 (worst row 87 1.000000000)  max_abs 9.313e-9  rel_rms 2.835e-7  PASS
glmgolden l7  ffn  out        prompt rows    0..85   cosine 1.000000000 (worst row 43 1.000000000)  max_abs 2.384e-6  rel_rms 4.897e-7  PASS
glmgolden l7  ffn  out        decode rows   86..89   cosine 1.000000000 (worst row 89 1.000000000)  max_abs 2.682e-7  rel_rms 7.907e-7  PASS
glmgolden l7  ffn  expanded   prompt rows    0..85   cosine 1.000000000 (worst row 61 1.000000000)  max_abs 4.172e-7  rel_rms 1.040e-7  PASS
glmgolden l7  ffn  expanded   decode rows   86..89   cosine 1.000000000 (worst row 89 1.000000000)  max_abs 1.043e-7  rel_rms 1.669e-7  PASS
glmgolden l7  routing top-8 overlap 1.0000 (90 / 90 rows the same set)
glmgolden l7  dsa selection overlap 1.0000 (90 / 90 rows the same set)
[glmgolden] l8 kda+moe loaded in 1.3 s: 2829387892 B to VRAM, 0 NVFP4 scale bytes 0x7F -> 0x7E (#177)
[glmgolden] l8 computed in 0.04 s (taps synchronize: not a speed figure)
glmgolden l8  attn pre        not compared (HF's hyper-connection does not return it)
glmgolden l8  attn post       prompt rows    0..85   max_abs 2.384e-7  (coefficients, reported)
glmgolden l8  attn post       decode rows   86..89   max_abs 1.192e-7  (coefficients, reported)
glmgolden l8  attn comb       prompt rows    0..85   max_abs 5.960e-7  (coefficients, reported)
glmgolden l8  attn comb       decode rows   86..89   max_abs 4.172e-7  (coefficients, reported)
glmgolden l8  attn collapsed  prompt rows    0..85   cosine 1.000000000 (worst row 74 1.000000000)  max_abs 5.215e-8  rel_rms 2.583e-7  PASS
glmgolden l8  attn collapsed  decode rows   86..89   cosine 1.000000000 (worst row 86 1.000000000)  max_abs 4.098e-8  rel_rms 7.231e-7  PASS
glmgolden l8  attn out        prompt rows    0..85   cosine 1.000000000 (worst row 61 1.000000000)  max_abs 9.104e-8  rel_rms 5.874e-6  PASS
glmgolden l8  attn out        decode rows   86..89   cosine 1.000000000 (worst row 86 1.000000000)  max_abs 2.125e-8  rel_rms 2.800e-6  PASS
glmgolden l8  attn expanded   prompt rows    0..85   cosine 1.000000000 (worst row 10 1.000000000)  max_abs 1.527e-7  rel_rms 1.989e-7  PASS
glmgolden l8  attn expanded   decode rows   86..89   cosine 1.000000000 (worst row 86 1.000000000)  max_abs 8.941e-8  rel_rms 1.744e-7  PASS
glmgolden l8  ffn  pre        not compared (HF's hyper-connection does not return it)
glmgolden l8  ffn  post       prompt rows    0..85   max_abs 1.192e-7  (coefficients, reported)
glmgolden l8  ffn  post       decode rows   86..89   max_abs 8.941e-8  (coefficients, reported)
glmgolden l8  ffn  comb       prompt rows    0..85   max_abs 4.172e-7  (coefficients, reported)
glmgolden l8  ffn  comb       decode rows   86..89   max_abs 4.172e-7  (coefficients, reported)
glmgolden l8  ffn  collapsed  prompt rows    0..85   cosine 1.000000000 (worst row 38 1.000000000)  max_abs 2.794e-8  rel_rms 1.510e-7  PASS
glmgolden l8  ffn  collapsed  decode rows   86..89   cosine 1.000000000 (worst row 87 1.000000000)  max_abs 1.118e-8  rel_rms 2.437e-7  PASS
glmgolden l8  ffn  out        prompt rows    0..85   cosine 1.000000000 (worst row 38 1.000000000)  max_abs 2.980e-7  rel_rms 5.430e-7  PASS
glmgolden l8  ffn  out        decode rows   86..89   cosine 1.000000000 (worst row 89 1.000000000)  max_abs 3.129e-7  rel_rms 7.043e-7  PASS
glmgolden l8  ffn  expanded   prompt rows    0..85   cosine 1.000000000 (worst row 13 1.000000000)  max_abs 1.192e-7  rel_rms 7.436e-8  PASS
glmgolden l8  ffn  expanded   decode rows   86..89   cosine 1.000000000 (worst row 89 1.000000000)  max_abs 1.192e-7  rel_rms 1.938e-7  PASS
glmgolden l8  routing top-8 overlap 1.0000 (90 / 90 rows the same set)
[glmgolden] l9 kda+moe loaded in 1.3 s: 2829387892 B to VRAM, 0 NVFP4 scale bytes 0x7F -> 0x7E (#177)
[glmgolden] l9 computed in 0.04 s (taps synchronize: not a speed figure)
glmgolden l9  attn pre        not compared (HF's hyper-connection does not return it)
glmgolden l9  attn post       prompt rows    0..85   max_abs 2.384e-7  (coefficients, reported)
glmgolden l9  attn post       decode rows   86..89   max_abs 1.192e-7  (coefficients, reported)
glmgolden l9  attn comb       prompt rows    0..85   max_abs 2.980e-7  (coefficients, reported)
glmgolden l9  attn comb       decode rows   86..89   max_abs 3.576e-7  (coefficients, reported)
glmgolden l9  attn collapsed  prompt rows    0..85   cosine 1.000000000 (worst row 36 1.000000000)  max_abs 5.960e-8  rel_rms 2.208e-7  PASS
glmgolden l9  attn collapsed  decode rows   86..89   cosine 1.000000000 (worst row 86 1.000000000)  max_abs 3.353e-8  rel_rms 5.166e-7  PASS
glmgolden l9  attn out        prompt rows    0..85   cosine 1.000000000 (worst row 67 1.000000000)  max_abs 9.220e-8  rel_rms 5.510e-6  PASS
glmgolden l9  attn out        decode rows   86..89   cosine 1.000000000 (worst row 86 1.000000000)  max_abs 4.843e-8  rel_rms 3.596e-6  PASS
glmgolden l9  attn expanded   prompt rows    0..85   cosine 1.000000000 (worst row 11 1.000000000)  max_abs 1.751e-7  rel_rms 2.231e-7  PASS
glmgolden l9  attn expanded   decode rows   86..89   cosine 1.000000000 (worst row 87 1.000000000)  max_abs 8.103e-8  rel_rms 1.837e-7  PASS
glmgolden l9  ffn  pre        not compared (HF's hyper-connection does not return it)
glmgolden l9  ffn  post       prompt rows    0..85   max_abs 8.196e-8  (coefficients, reported)
glmgolden l9  ffn  post       decode rows   86..89   max_abs 8.941e-8  (coefficients, reported)
glmgolden l9  ffn  comb       prompt rows    0..85   max_abs 1.192e-7  (coefficients, reported)
glmgolden l9  ffn  comb       decode rows   86..89   max_abs 1.192e-7  (coefficients, reported)
glmgolden l9  ffn  collapsed  prompt rows    0..85   cosine 1.000000000 (worst row 14 1.000000000)  max_abs 2.980e-8  rel_rms 1.998e-7  PASS
glmgolden l9  ffn  collapsed  decode rows   86..89   cosine 1.000000000 (worst row 89 1.000000000)  max_abs 3.912e-8  rel_rms 6.156e-7  PASS
glmgolden l9  ffn  out        prompt rows    0..85   cosine 1.000000000 (worst row 40 1.000000000)  max_abs 7.153e-7  rel_rms 5.373e-7  PASS
glmgolden l9  ffn  out        decode rows   86..89   cosine 1.000000000 (worst row 89 1.000000000)  max_abs 3.874e-7  rel_rms 8.699e-7  PASS
glmgolden l9  ffn  expanded   prompt rows    0..85   cosine 1.000000000 (worst row 62 1.000000000)  max_abs 4.768e-7  rel_rms 1.324e-7  PASS
glmgolden l9  ffn  expanded   decode rows   86..89   cosine 1.000000000 (worst row 89 1.000000000)  max_abs 7.451e-8  rel_rms 1.731e-7  PASS
glmgolden l9  routing top-8 overlap 1.0000 (90 / 90 rows the same set)
[glmgolden] l10 kda+moe loaded in 1.5 s: 2829387892 B to VRAM, 0 NVFP4 scale bytes 0x7F -> 0x7E (#177)
[glmgolden] l10 computed in 0.13 s (taps synchronize: not a speed figure)
glmgolden l10 attn pre        not compared (HF's hyper-connection does not return it)
glmgolden l10 attn post       prompt rows    0..85   max_abs 2.384e-7  (coefficients, reported)
glmgolden l10 attn post       decode rows   86..89   max_abs 2.384e-7  (coefficients, reported)
glmgolden l10 attn comb       prompt rows    0..85   max_abs 1.192e-7  (coefficients, reported)
glmgolden l10 attn comb       decode rows   86..89   max_abs 1.192e-7  (coefficients, reported)
glmgolden l10 attn collapsed  prompt rows    0..85   cosine 1.000000000 (worst row 60 1.000000000)  max_abs 1.192e-7  rel_rms 3.472e-7  PASS
glmgolden l10 attn collapsed  decode rows   86..89   cosine 1.000000000 (worst row 86 1.000000000)  max_abs 1.341e-7  rel_rms 1.417e-6  PASS
glmgolden l10 attn out        prompt rows    0..85   cosine 1.000000000 (worst row 68 1.000000000)  max_abs 2.533e-7  rel_rms 5.695e-6  PASS
glmgolden l10 attn out        decode rows   86..89   cosine 1.000000000 (worst row 86 1.000000000)  max_abs 5.076e-8  rel_rms 2.013e-6  PASS
glmgolden l10 attn expanded   prompt rows    0..85   cosine 1.000000000 (worst row 63 1.000000000)  max_abs 4.768e-7  rel_rms 6.577e-7  PASS
glmgolden l10 attn expanded   decode rows   86..89   cosine 1.000000000 (worst row 86 1.000000000)  max_abs 9.686e-8  rel_rms 2.968e-7  PASS
glmgolden l10 ffn  pre        not compared (HF's hyper-connection does not return it)
glmgolden l10 ffn  post       prompt rows    0..85   max_abs 1.192e-7  (coefficients, reported)
glmgolden l10 ffn  post       decode rows   86..89   max_abs 1.043e-7  (coefficients, reported)
glmgolden l10 ffn  comb       prompt rows    0..85   max_abs 2.980e-7  (coefficients, reported)
glmgolden l10 ffn  comb       decode rows   86..89   max_abs 1.192e-7  (coefficients, reported)
glmgolden l10 ffn  collapsed  prompt rows    0..85   cosine 1.000000000 (worst row 80 1.000000000)  max_abs 4.470e-8  rel_rms 1.913e-7  PASS
glmgolden l10 ffn  collapsed  decode rows   86..89   cosine 1.000000000 (worst row 88 1.000000000)  max_abs 3.912e-8  rel_rms 5.217e-7  PASS
glmgolden l10 ffn  out        prompt rows    0..85   cosine 1.000000000 (worst row 37 1.000000000)  max_abs 1.144e-5  rel_rms 2.935e-7  PASS
glmgolden l10 ffn  out        decode rows   86..89   cosine 1.000000000 (worst row 88 1.000000000)  max_abs 4.172e-7  rel_rms 6.992e-7  PASS
glmgolden l10 ffn  expanded   prompt rows    0..85   cosine 1.000000000 (worst row 39 1.000000000)  max_abs 5.245e-6  rel_rms 2.778e-7  PASS
glmgolden l10 ffn  expanded   decode rows   86..89   cosine 1.000000000 (worst row 88 1.000000000)  max_abs 1.211e-7  rel_rms 2.950e-7  PASS
glmgolden l10 routing top-8 overlap 1.0000 (90 / 90 rows the same set)
[glmgolden] l11 dsa+moe loaded in 1.3 s: 2851778932 B to VRAM, 0 NVFP4 scale bytes 0x7F -> 0x7E (#177), kv_b to BF16: 14976565 of 16777216 values inexact (RNE)
[glmgolden] l11 computed in 0.04 s (taps synchronize: not a speed figure)
glmgolden l11 attn pre        not compared (HF's hyper-connection does not return it)
glmgolden l11 attn post       prompt rows    0..85   max_abs 2.794e-8  (coefficients, reported)
glmgolden l11 attn post       decode rows   86..89   max_abs 2.887e-8  (coefficients, reported)
glmgolden l11 attn comb       prompt rows    0..85   max_abs 1.192e-7  (coefficients, reported)
glmgolden l11 attn comb       decode rows   86..89   max_abs 5.960e-8  (coefficients, reported)
glmgolden l11 attn collapsed  prompt rows    0..85   cosine 1.000000000 (worst row 48 1.000000000)  max_abs 7.153e-7  rel_rms 2.332e-7  PASS
glmgolden l11 attn collapsed  decode rows   86..89   cosine 1.000000000 (worst row 86 1.000000000)  max_abs 5.215e-8  rel_rms 7.520e-7  PASS
glmgolden l11 attn out        prompt rows    0..85   cosine 0.999993732 (worst row 39 0.999991108)  max_abs 4.757e-3  rel_rms 3.543e-3  PASS
glmgolden l11 attn out        decode rows   86..89   cosine 0.999992857 (worst row 86 0.999991529)  max_abs 4.600e-3  rel_rms 3.790e-3  PASS
glmgolden l11 attn expanded   prompt rows    0..85   cosine 0.999999995 (worst row 79 0.999999927)  max_abs 1.186e-4  rel_rms 9.598e-5  PASS
glmgolden l11 attn expanded   decode rows   86..89   cosine 0.999999980 (worst row 87 0.999999974)  max_abs 7.919e-5  rel_rms 2.021e-4  PASS
glmgolden l11 ffn  pre        not compared (HF's hyper-connection does not return it)
glmgolden l11 ffn  post       prompt rows    0..85   max_abs 8.941e-8  (coefficients, reported)
glmgolden l11 ffn  post       decode rows   86..89   max_abs 1.788e-7  (coefficients, reported)
glmgolden l11 ffn  comb       prompt rows    0..85   max_abs 1.192e-7  (coefficients, reported)
glmgolden l11 ffn  comb       decode rows   86..89   max_abs 1.285e-7  (coefficients, reported)
glmgolden l11 ffn  collapsed  prompt rows    0..85   cosine 1.000000000 (worst row 11 1.000000000)  max_abs 3.725e-8  rel_rms 1.696e-7  PASS
glmgolden l11 ffn  collapsed  decode rows   86..89   cosine 1.000000000 (worst row 86 1.000000000)  max_abs 2.608e-8  rel_rms 3.037e-7  PASS
glmgolden l11 ffn  out        prompt rows    0..85   cosine 1.000000000 (worst row 40 1.000000000)  max_abs 3.278e-7  rel_rms 5.031e-7  PASS
glmgolden l11 ffn  out        decode rows   86..89   cosine 1.000000000 (worst row 86 1.000000000)  max_abs 2.012e-7  rel_rms 6.936e-7  PASS
glmgolden l11 ffn  expanded   prompt rows    0..85   cosine 1.000000000 (worst row 50 1.000000000)  max_abs 4.768e-7  rel_rms 6.719e-8  PASS
glmgolden l11 ffn  expanded   decode rows   86..89   cosine 1.000000000 (worst row 87 1.000000000)  max_abs 1.192e-7  rel_rms 1.843e-7  PASS
glmgolden l11 routing top-8 overlap 1.0000 (90 / 90 rows the same set)
glmgolden l11 dsa selection overlap 1.0000 (90 / 90 rows the same set)
[glmgolden] l12 kda+moe loaded in 1.3 s: 2829387892 B to VRAM, 0 NVFP4 scale bytes 0x7F -> 0x7E (#177)
[glmgolden] l12 computed in 0.04 s (taps synchronize: not a speed figure)
glmgolden l12 attn pre        not compared (HF's hyper-connection does not return it)
glmgolden l12 attn post       prompt rows    0..85   max_abs 4.768e-7  (coefficients, reported)
glmgolden l12 attn post       decode rows   86..89   max_abs 2.980e-7  (coefficients, reported)
glmgolden l12 attn comb       prompt rows    0..85   max_abs 3.576e-7  (coefficients, reported)
glmgolden l12 attn comb       decode rows   86..89   max_abs 5.066e-7  (coefficients, reported)
glmgolden l12 attn collapsed  prompt rows    0..85   cosine 1.000000000 (worst row 9 1.000000000)  max_abs 5.215e-8  rel_rms 1.497e-7  PASS
glmgolden l12 attn collapsed  decode rows   86..89   cosine 1.000000000 (worst row 88 1.000000000)  max_abs 2.608e-8  rel_rms 2.429e-7  PASS
glmgolden l12 attn out        prompt rows    0..85   cosine 1.000000000 (worst row 68 1.000000000)  max_abs 8.580e-8  rel_rms 4.967e-6  PASS
glmgolden l12 attn out        decode rows   86..89   cosine 1.000000000 (worst row 86 1.000000000)  max_abs 2.910e-8  rel_rms 2.877e-6  PASS
glmgolden l12 attn expanded   prompt rows    0..85   cosine 1.000000000 (worst row 15 1.000000000)  max_abs 4.768e-7  rel_rms 1.373e-7  PASS
glmgolden l12 attn expanded   decode rows   86..89   cosine 1.000000000 (worst row 86 1.000000000)  max_abs 5.541e-8  rel_rms 1.460e-7  PASS
glmgolden l12 ffn  pre        not compared (HF's hyper-connection does not return it)
glmgolden l12 ffn  post       prompt rows    0..85   max_abs 1.043e-7  (coefficients, reported)
glmgolden l12 ffn  post       decode rows   86..89   max_abs 1.639e-7  (coefficients, reported)
glmgolden l12 ffn  comb       prompt rows    0..85   max_abs 3.576e-7  (coefficients, reported)
glmgolden l12 ffn  comb       decode rows   86..89   max_abs 4.768e-7  (coefficients, reported)
glmgolden l12 ffn  collapsed  prompt rows    0..85   cosine 1.000000000 (worst row 65 1.000000000)  max_abs 4.768e-7  rel_rms 1.396e-7  PASS
glmgolden l12 ffn  collapsed  decode rows   86..89   cosine 1.000000000 (worst row 89 1.000000000)  max_abs 4.470e-8  rel_rms 6.557e-7  PASS
glmgolden l12 ffn  out        prompt rows    0..85   cosine 1.000000000 (worst row 37 1.000000000)  max_abs 2.719e-7  rel_rms 5.196e-7  PASS
glmgolden l12 ffn  out        decode rows   86..89   cosine 1.000000000 (worst row 89 1.000000000)  max_abs 3.055e-7  rel_rms 8.483e-7  PASS
glmgolden l12 ffn  expanded   prompt rows    0..85   cosine 1.000000000 (worst row 39 1.000000000)  max_abs 9.537e-7  rel_rms 5.680e-8  PASS
glmgolden l12 ffn  expanded   decode rows   86..89   cosine 1.000000000 (worst row 89 1.000000000)  max_abs 6.706e-8  rel_rms 1.563e-7  PASS
glmgolden l12 routing top-8 overlap 1.0000 (90 / 90 rows the same set)
[glmgolden] l13 kda+moe loaded in 1.3 s: 2829387892 B to VRAM, 0 NVFP4 scale bytes 0x7F -> 0x7E (#177)
[glmgolden] l13 computed in 0.05 s (taps synchronize: not a speed figure)
glmgolden l13 attn pre        not compared (HF's hyper-connection does not return it)
glmgolden l13 attn post       prompt rows    0..85   max_abs 2.384e-7  (coefficients, reported)
glmgolden l13 attn post       decode rows   86..89   max_abs 2.384e-7  (coefficients, reported)
glmgolden l13 attn comb       prompt rows    0..85   max_abs 5.066e-7  (coefficients, reported)
glmgolden l13 attn comb       decode rows   86..89   max_abs 1.252e-6  (coefficients, reported)
glmgolden l13 attn collapsed  prompt rows    0..85   cosine 1.000000000 (worst row 36 1.000000000)  max_abs 2.235e-8  rel_rms 5.869e-8  PASS
glmgolden l13 attn collapsed  decode rows   86..89   cosine 1.000000000 (worst row 87 1.000000000)  max_abs 5.960e-8  rel_rms 5.609e-7  PASS
glmgolden l13 attn out        prompt rows    0..85   cosine 1.000000000 (worst row 2 1.000000000)  max_abs 1.653e-7  rel_rms 6.028e-6  PASS
glmgolden l13 attn out        decode rows   86..89   cosine 1.000000000 (worst row 86 1.000000000)  max_abs 4.307e-8  rel_rms 2.686e-6  PASS
glmgolden l13 attn expanded   prompt rows    0..85   cosine 1.000000000 (worst row 30 1.000000000)  max_abs 9.537e-7  rel_rms 2.313e-7  PASS
glmgolden l13 attn expanded   decode rows   86..89   cosine 1.000000000 (worst row 87 1.000000000)  max_abs 8.661e-8  rel_rms 2.488e-7  PASS
glmgolden l13 ffn  pre        not compared (HF's hyper-connection does not return it)
glmgolden l13 ffn  post       prompt rows    0..85   max_abs 7.451e-8  (coefficients, reported)
glmgolden l13 ffn  post       decode rows   86..89   max_abs 1.192e-7  (coefficients, reported)
glmgolden l13 ffn  comb       prompt rows    0..85   max_abs 4.172e-7  (coefficients, reported)
glmgolden l13 ffn  comb       decode rows   86..89   max_abs 2.980e-7  (coefficients, reported)
glmgolden l13 ffn  collapsed  prompt rows    0..85   cosine 1.000000000 (worst row 72 1.000000000)  max_abs 2.235e-8  rel_rms 7.068e-8  PASS
glmgolden l13 ffn  collapsed  decode rows   86..89   cosine 1.000000000 (worst row 86 1.000000000)  max_abs 1.118e-8  rel_rms 1.215e-7  PASS
glmgolden l13 ffn  out        prompt rows    0..85   cosine 1.000000000 (worst row 70 1.000000000)  max_abs 3.986e-7  rel_rms 4.757e-7  PASS
glmgolden l13 ffn  out        decode rows   86..89   cosine 1.000000000 (worst row 86 1.000000000)  max_abs 3.874e-7  rel_rms 6.173e-7  PASS
glmgolden l13 ffn  expanded   prompt rows    0..85   cosine 1.000000000 (worst row 11 1.000000000)  max_abs 4.768e-7  rel_rms 5.953e-8  PASS
glmgolden l13 ffn  expanded   decode rows   86..89   cosine 1.000000000 (worst row 89 1.000000000)  max_abs 8.941e-8  rel_rms 1.771e-7  PASS
glmgolden l13 routing top-8 overlap 1.0000 (90 / 90 rows the same set)
[glmgolden] l14 kda+moe loaded in 1.4 s: 2829387892 B to VRAM, 0 NVFP4 scale bytes 0x7F -> 0x7E (#177)
[glmgolden] l14 computed in 0.04 s (taps synchronize: not a speed figure)
glmgolden l14 attn pre        not compared (HF's hyper-connection does not return it)
glmgolden l14 attn post       prompt rows    0..85   max_abs 2.384e-7  (coefficients, reported)
glmgolden l14 attn post       decode rows   86..89   max_abs 1.192e-7  (coefficients, reported)
glmgolden l14 attn comb       prompt rows    0..85   max_abs 2.980e-7  (coefficients, reported)
glmgolden l14 attn comb       decode rows   86..89   max_abs 5.066e-7  (coefficients, reported)
glmgolden l14 attn collapsed  prompt rows    0..85   cosine 1.000000000 (worst row 67 1.000000000)  max_abs 1.490e-7  rel_rms 1.888e-7  PASS
glmgolden l14 attn collapsed  decode rows   86..89   cosine 1.000000000 (worst row 89 1.000000000)  max_abs 1.490e-8  rel_rms 1.586e-7  PASS
glmgolden l14 attn out        prompt rows    0..85   cosine 1.000000000 (worst row 3 1.000000000)  max_abs 2.069e-7  rel_rms 5.368e-6  PASS
glmgolden l14 attn out        decode rows   86..89   cosine 1.000000000 (worst row 86 1.000000000)  max_abs 9.779e-8  rel_rms 2.978e-6  PASS
glmgolden l14 attn expanded   prompt rows    0..85   cosine 1.000000000 (worst row 63 1.000000000)  max_abs 4.768e-7  rel_rms 3.249e-7  PASS
glmgolden l14 attn expanded   decode rows   86..89   cosine 1.000000000 (worst row 87 1.000000000)  max_abs 1.714e-7  rel_rms 3.963e-7  PASS
glmgolden l14 ffn  pre        not compared (HF's hyper-connection does not return it)
glmgolden l14 ffn  post       prompt rows    0..85   max_abs 7.451e-8  (coefficients, reported)
glmgolden l14 ffn  post       decode rows   86..89   max_abs 1.118e-7  (coefficients, reported)
glmgolden l14 ffn  comb       prompt rows    0..85   max_abs 1.192e-7  (coefficients, reported)
glmgolden l14 ffn  comb       decode rows   86..89   max_abs 5.960e-8  (coefficients, reported)
glmgolden l14 ffn  collapsed  prompt rows    0..85   cosine 1.000000000 (worst row 16 1.000000000)  max_abs 8.196e-8  rel_rms 1.610e-7  PASS
glmgolden l14 ffn  collapsed  decode rows   86..89   cosine 1.000000000 (worst row 89 1.000000000)  max_abs 7.451e-8  rel_rms 5.324e-7  PASS
glmgolden l14 ffn  out        prompt rows    0..85   cosine 1.000000000 (worst row 16 1.000000000)  max_abs 6.557e-7  rel_rms 5.232e-7  PASS
glmgolden l14 ffn  out        decode rows   86..89   cosine 1.000000000 (worst row 89 1.000000000)  max_abs 6.557e-7  rel_rms 8.323e-7  PASS
glmgolden l14 ffn  expanded   prompt rows    0..85   cosine 1.000000000 (worst row 10 1.000000000)  max_abs 4.768e-7  rel_rms 7.382e-8  PASS
glmgolden l14 ffn  expanded   decode rows   86..89   cosine 1.000000000 (worst row 89 1.000000000)  max_abs 1.006e-7  rel_rms 2.274e-7  PASS
glmgolden l14 routing top-8 overlap 1.0000 (90 / 90 rows the same set)
[glmgolden] l15 dsa+moe loaded in 1.4 s: 2851778932 B to VRAM, 0 NVFP4 scale bytes 0x7F -> 0x7E (#177), kv_b to BF16: 14974409 of 16777216 values inexact (RNE)
[glmgolden] l15 computed in 0.04 s (taps synchronize: not a speed figure)
glmgolden l15 attn pre        not compared (HF's hyper-connection does not return it)
glmgolden l15 attn post       prompt rows    0..85   max_abs 2.608e-8  (coefficients, reported)
glmgolden l15 attn post       decode rows   86..89   max_abs 4.284e-8  (coefficients, reported)
glmgolden l15 attn comb       prompt rows    0..85   max_abs 1.192e-7  (coefficients, reported)
glmgolden l15 attn comb       decode rows   86..89   max_abs 2.980e-8  (coefficients, reported)
glmgolden l15 attn collapsed  prompt rows    0..85   cosine 1.000000000 (worst row 55 1.000000000)  max_abs 1.192e-7  rel_rms 5.503e-8  PASS
glmgolden l15 attn collapsed  decode rows   86..89   cosine 1.000000000 (worst row 89 1.000000000)  max_abs 8.196e-8  rel_rms 5.344e-7  PASS
glmgolden l15 attn out        prompt rows    0..85   cosine 0.999994940 (worst row 71 0.999992264)  max_abs 7.752e-3  rel_rms 3.185e-3  PASS
glmgolden l15 attn out        decode rows   86..89   cosine 0.999994098 (worst row 88 0.999992266)  max_abs 6.007e-3  rel_rms 3.438e-3  PASS
glmgolden l15 attn expanded   prompt rows    0..85   cosine 0.999999989 (worst row 39 0.999999891)  max_abs 4.253e-4  rel_rms 1.513e-4  PASS
glmgolden l15 attn expanded   decode rows   86..89   cosine 0.999999949 (worst row 87 0.999999932)  max_abs 9.628e-5  rel_rms 3.200e-4  PASS
glmgolden l15 ffn  pre        not compared (HF's hyper-connection does not return it)
glmgolden l15 ffn  post       prompt rows    0..85   max_abs 1.490e-7  (coefficients, reported)
glmgolden l15 ffn  post       decode rows   86..89   max_abs 2.161e-7  (coefficients, reported)
glmgolden l15 ffn  comb       prompt rows    0..85   max_abs 1.788e-7  (coefficients, reported)
glmgolden l15 ffn  comb       decode rows   86..89   max_abs 1.192e-7  (coefficients, reported)
glmgolden l15 ffn  collapsed  prompt rows    0..85   cosine 1.000000000 (worst row 34 1.000000000)  max_abs 7.451e-8  rel_rms 2.025e-7  PASS
glmgolden l15 ffn  collapsed  decode rows   86..89   cosine 1.000000000 (worst row 89 1.000000000)  max_abs 4.470e-8  rel_rms 3.702e-7  PASS
glmgolden l15 ffn  out        prompt rows    0..85   cosine 1.000000000 (worst row 37 1.000000000)  max_abs 4.172e-7  rel_rms 5.228e-7  PASS
glmgolden l15 ffn  out        decode rows   86..89   cosine 1.000000000 (worst row 89 1.000000000)  max_abs 3.502e-7  rel_rms 6.923e-7  PASS
glmgolden l15 ffn  expanded   prompt rows    0..85   cosine 1.000000000 (worst row 23 1.000000000)  max_abs 4.768e-7  rel_rms 9.906e-8  PASS
glmgolden l15 ffn  expanded   decode rows   86..89   cosine 1.000000000 (worst row 86 1.000000000)  max_abs 8.941e-8  rel_rms 2.606e-7  PASS
glmgolden l15 routing top-8 overlap 1.0000 (90 / 90 rows the same set)
glmgolden l15 dsa selection overlap 1.0000 (90 / 90 rows the same set)
[glmgolden] l16 kda+moe loaded in 1.5 s: 2829387892 B to VRAM, 0 NVFP4 scale bytes 0x7F -> 0x7E (#177)
[glmgolden] l16 computed in 0.04 s (taps synchronize: not a speed figure)
glmgolden l16 attn pre        not compared (HF's hyper-connection does not return it)
glmgolden l16 attn post       prompt rows    0..85   max_abs 2.384e-7  (coefficients, reported)
glmgolden l16 attn post       decode rows   86..89   max_abs 5.364e-7  (coefficients, reported)
glmgolden l16 attn comb       prompt rows    0..85   max_abs 5.364e-7  (coefficients, reported)
glmgolden l16 attn comb       decode rows   86..89   max_abs 1.192e-7  (coefficients, reported)
glmgolden l16 attn collapsed  prompt rows    0..85   cosine 1.000000000 (worst row 63 1.000000000)  max_abs 5.960e-8  rel_rms 2.017e-7  PASS
glmgolden l16 attn collapsed  decode rows   86..89   cosine 1.000000000 (worst row 87 1.000000000)  max_abs 6.706e-8  rel_rms 7.855e-7  PASS
glmgolden l16 attn out        prompt rows    0..85   cosine 1.000000000 (worst row 1 1.000000000)  max_abs 2.887e-7  rel_rms 7.591e-6  PASS
glmgolden l16 attn out        decode rows   86..89   cosine 1.000000000 (worst row 87 1.000000000)  max_abs 9.104e-8  rel_rms 2.750e-6  PASS
glmgolden l16 attn expanded   prompt rows    0..85   cosine 1.000000000 (worst row 39 1.000000000)  max_abs 9.537e-7  rel_rms 4.662e-7  PASS
glmgolden l16 attn expanded   decode rows   86..89   cosine 1.000000000 (worst row 87 1.000000000)  max_abs 1.285e-7  rel_rms 3.414e-7  PASS
glmgolden l16 ffn  pre        not compared (HF's hyper-connection does not return it)
glmgolden l16 ffn  post       prompt rows    0..85   max_abs 8.941e-8  (coefficients, reported)
glmgolden l16 ffn  post       decode rows   86..89   max_abs 8.941e-8  (coefficients, reported)
glmgolden l16 ffn  comb       prompt rows    0..85   max_abs 1.788e-7  (coefficients, reported)
glmgolden l16 ffn  comb       decode rows   86..89   max_abs 1.192e-7  (coefficients, reported)
glmgolden l16 ffn  collapsed  prompt rows    0..85   cosine 1.000000000 (worst row 0 1.000000000)  max_abs 8.941e-8  rel_rms 1.373e-7  PASS
glmgolden l16 ffn  collapsed  decode rows   86..89   cosine 1.000000000 (worst row 89 1.000000000)  max_abs 2.980e-8  rel_rms 1.888e-7  PASS
glmgolden l16 ffn  out        prompt rows    0..85   cosine 1.000000000 (worst row 70 1.000000000)  max_abs 1.192e-6  rel_rms 4.660e-7  PASS
glmgolden l16 ffn  out        decode rows   86..89   cosine 1.000000000 (worst row 89 1.000000000)  max_abs 1.974e-7  rel_rms 6.185e-7  PASS
glmgolden l16 ffn  expanded   prompt rows    0..85   cosine 1.000000000 (worst row 36 1.000000000)  max_abs 9.537e-7  rel_rms 1.198e-7  PASS
glmgolden l16 ffn  expanded   decode rows   86..89   cosine 1.000000000 (worst row 89 1.000000000)  max_abs 5.215e-8  rel_rms 1.458e-7  PASS
glmgolden l16 routing top-8 overlap 1.0000 (90 / 90 rows the same set)
[glmgolden] l17 kda+moe loaded in 1.4 s: 2829387892 B to VRAM, 0 NVFP4 scale bytes 0x7F -> 0x7E (#177)
[glmgolden] l17 computed in 0.04 s (taps synchronize: not a speed figure)
glmgolden l17 attn pre        not compared (HF's hyper-connection does not return it)
glmgolden l17 attn post       prompt rows    0..85   max_abs 2.384e-7  (coefficients, reported)
glmgolden l17 attn post       decode rows   86..89   max_abs 2.384e-7  (coefficients, reported)
glmgolden l17 attn comb       prompt rows    0..85   max_abs 2.980e-7  (coefficients, reported)
glmgolden l17 attn comb       decode rows   86..89   max_abs 3.278e-7  (coefficients, reported)
glmgolden l17 attn collapsed  prompt rows    0..85   cosine 1.000000000 (worst row 36 1.000000000)  max_abs 1.788e-7  rel_rms 1.305e-7  PASS
glmgolden l17 attn collapsed  decode rows   86..89   cosine 1.000000000 (worst row 88 1.000000000)  max_abs 3.725e-8  rel_rms 3.804e-7  PASS
glmgolden l17 attn out        prompt rows    0..85   cosine 1.000000000 (worst row 72 1.000000000)  max_abs 4.023e-7  rel_rms 6.718e-6  PASS
glmgolden l17 attn out        decode rows   86..89   cosine 1.000000000 (worst row 86 1.000000000)  max_abs 8.248e-8  rel_rms 2.606e-6  PASS
glmgolden l17 attn expanded   prompt rows    0..85   cosine 1.000000000 (worst row 10 1.000000000)  max_abs 9.537e-7  rel_rms 5.441e-7  PASS
glmgolden l17 attn expanded   decode rows   86..89   cosine 1.000000000 (worst row 86 1.000000000)  max_abs 1.565e-7  rel_rms 4.192e-7  PASS
glmgolden l17 ffn  pre        not compared (HF's hyper-connection does not return it)
glmgolden l17 ffn  post       prompt rows    0..85   max_abs 1.192e-7  (coefficients, reported)
glmgolden l17 ffn  post       decode rows   86..89   max_abs 2.086e-7  (coefficients, reported)
glmgolden l17 ffn  comb       prompt rows    0..85   max_abs 1.192e-7  (coefficients, reported)
glmgolden l17 ffn  comb       decode rows   86..89   max_abs 1.267e-7  (coefficients, reported)
glmgolden l17 ffn  collapsed  prompt rows    0..85   cosine 1.000000000 (worst row 85 1.000000000)  max_abs 2.384e-7  rel_rms 1.123e-7  PASS
glmgolden l17 ffn  collapsed  decode rows   86..89   cosine 1.000000000 (worst row 87 1.000000000)  max_abs 3.725e-8  rel_rms 2.136e-7  PASS
glmgolden l17 ffn  out        prompt rows    0..85   cosine 1.000000000 (worst row 75 1.000000000)  max_abs 4.172e-7  rel_rms 4.935e-7  PASS
glmgolden l17 ffn  out        decode rows   86..89   cosine 1.000000000 (worst row 89 1.000000000)  max_abs 1.751e-7  rel_rms 5.717e-7  PASS
glmgolden l17 ffn  expanded   prompt rows    0..85   cosine 1.000000000 (worst row 51 1.000000000)  max_abs 7.153e-7  rel_rms 1.579e-7  PASS
glmgolden l17 ffn  expanded   decode rows   86..89   cosine 1.000000000 (worst row 86 1.000000000)  max_abs 9.686e-8  rel_rms 2.236e-7  PASS
glmgolden l17 routing top-8 overlap 1.0000 (90 / 90 rows the same set)
[glmgolden] l18 kda+moe loaded in 1.4 s: 2829387892 B to VRAM, 0 NVFP4 scale bytes 0x7F -> 0x7E (#177)
[glmgolden] l18 computed in 0.04 s (taps synchronize: not a speed figure)
glmgolden l18 attn pre        not compared (HF's hyper-connection does not return it)
glmgolden l18 attn post       prompt rows    0..85   max_abs 2.384e-7  (coefficients, reported)
glmgolden l18 attn post       decode rows   86..89   max_abs 2.384e-7  (coefficients, reported)
glmgolden l18 attn comb       prompt rows    0..85   max_abs 2.980e-7  (coefficients, reported)
glmgolden l18 attn comb       decode rows   86..89   max_abs 1.013e-6  (coefficients, reported)
glmgolden l18 attn collapsed  prompt rows    0..85   cosine 1.000000000 (worst row 45 1.000000000)  max_abs 5.960e-8  rel_rms 6.457e-8  PASS
glmgolden l18 attn collapsed  decode rows   86..89   cosine 1.000000000 (worst row 88 1.000000000)  max_abs 3.725e-8  rel_rms 2.446e-7  PASS
glmgolden l18 attn out        prompt rows    0..85   cosine 1.000000000 (worst row 16 1.000000000)  max_abs 5.215e-7  rel_rms 5.186e-6  PASS
glmgolden l18 attn out        decode rows   86..89   cosine 1.000000000 (worst row 86 1.000000000)  max_abs 1.462e-7  rel_rms 3.112e-6  PASS
glmgolden l18 attn expanded   prompt rows    0..85   cosine 1.000000000 (worst row 59 1.000000000)  max_abs 1.431e-6  rel_rms 7.221e-7  PASS
glmgolden l18 attn expanded   decode rows   86..89   cosine 1.000000000 (worst row 86 1.000000000)  max_abs 2.831e-7  rel_rms 6.343e-7  PASS
glmgolden l18 ffn  pre        not compared (HF's hyper-connection does not return it)
glmgolden l18 ffn  post       prompt rows    0..85   max_abs 1.192e-7  (coefficients, reported)
glmgolden l18 ffn  post       decode rows   86..89   max_abs 2.384e-7  (coefficients, reported)
glmgolden l18 ffn  comb       prompt rows    0..85   max_abs 1.788e-7  (coefficients, reported)
glmgolden l18 ffn  comb       decode rows   86..89   max_abs 5.960e-8  (coefficients, reported)
glmgolden l18 ffn  collapsed  prompt rows    0..85   cosine 1.000000000 (worst row 15 1.000000000)  max_abs 2.384e-7  rel_rms 2.473e-8  PASS
glmgolden l18 ffn  collapsed  decode rows   86..89   cosine 1.000000000 (worst row 89 1.000000000)  max_abs 1.490e-8  rel_rms 7.420e-8  PASS
glmgolden l18 ffn  out        prompt rows    0..85   cosine 1.000000000 (worst row 23 1.000000000)  max_abs 1.144e-5  rel_rms 2.847e-7  PASS
glmgolden l18 ffn  out        decode rows   86..89   cosine 1.000000000 (worst row 89 1.000000000)  max_abs 3.129e-7  rel_rms 5.735e-7  PASS
glmgolden l18 ffn  expanded   prompt rows    0..85   cosine 1.000000000 (worst row 0 1.000000000)  max_abs 8.583e-6  rel_rms 3.719e-7  PASS
glmgolden l18 ffn  expanded   decode rows   86..89   cosine 1.000000000 (worst row 87 1.000000000)  max_abs 1.490e-7  rel_rms 2.515e-7  PASS
glmgolden l18 routing top-8 overlap 1.0000 (90 / 90 rows the same set)
[glmgolden] l19 dsa+moe loaded in 1.6 s: 2851778932 B to VRAM, 0 NVFP4 scale bytes 0x7F -> 0x7E (#177), kv_b to BF16: 14959468 of 16777216 values inexact (RNE)
[glmgolden] l19 computed in 0.06 s (taps synchronize: not a speed figure)
glmgolden l19 attn pre        not compared (HF's hyper-connection does not return it)
glmgolden l19 attn post       prompt rows    0..85   max_abs 4.470e-8  (coefficients, reported)
glmgolden l19 attn post       decode rows   86..89   max_abs 2.980e-8  (coefficients, reported)
glmgolden l19 attn comb       prompt rows    0..85   max_abs 4.172e-7  (coefficients, reported)
glmgolden l19 attn comb       decode rows   86..89   max_abs 1.192e-7  (coefficients, reported)
glmgolden l19 attn collapsed  prompt rows    0..85   cosine 1.000000000 (worst row 82 1.000000000)  max_abs 1.907e-6  rel_rms 6.515e-8  PASS
glmgolden l19 attn collapsed  decode rows   86..89   cosine 1.000000000 (worst row 87 1.000000000)  max_abs 1.788e-7  rel_rms 5.787e-7  PASS
glmgolden l19 attn out        prompt rows    0..85   cosine 0.999993527 (worst row 0 0.999987186)  max_abs 1.080e-2  rel_rms 3.603e-3  PASS
glmgolden l19 attn out        decode rows   86..89   cosine 0.999993637 (worst row 86 0.999993057)  max_abs 9.363e-3  rel_rms 3.589e-3  PASS
glmgolden l19 attn expanded   prompt rows    0..85   cosine 0.999999977 (worst row 22 0.999998735)  max_abs 1.752e-3  rel_rms 2.143e-4  PASS
glmgolden l19 attn expanded   decode rows   86..89   cosine 0.999999271 (worst row 87 0.999999128)  max_abs 6.312e-4  rel_rms 1.209e-3  PASS
glmgolden l19 ffn  pre        not compared (HF's hyper-connection does not return it)
glmgolden l19 ffn  post       prompt rows    0..85   max_abs 1.788e-7  (coefficients, reported)
glmgolden l19 ffn  post       decode rows   86..89   max_abs 2.384e-7  (coefficients, reported)
glmgolden l19 ffn  comb       prompt rows    0..85   max_abs 1.192e-7  (coefficients, reported)
glmgolden l19 ffn  comb       decode rows   86..89   max_abs 1.192e-7  (coefficients, reported)
glmgolden l19 ffn  collapsed  prompt rows    0..85   cosine 1.000000000 (worst row 50 1.000000000)  max_abs 7.153e-7  rel_rms 1.619e-7  PASS
glmgolden l19 ffn  collapsed  decode rows   86..89   cosine 1.000000000 (worst row 87 1.000000000)  max_abs 1.639e-7  rel_rms 4.940e-7  PASS
glmgolden l19 ffn  out        prompt rows    0..85   cosine 1.000000000 (worst row 21 1.000000000)  max_abs 4.768e-7  rel_rms 5.024e-7  PASS
glmgolden l19 ffn  out        decode rows   86..89   cosine 1.000000000 (worst row 88 1.000000000)  max_abs 2.086e-7  rel_rms 5.808e-7  PASS
glmgolden l19 ffn  expanded   prompt rows    0..85   cosine 1.000000000 (worst row 76 1.000000000)  max_abs 1.907e-6  rel_rms 8.863e-8  PASS
glmgolden l19 ffn  expanded   decode rows   86..89   cosine 1.000000000 (worst row 89 1.000000000)  max_abs 1.788e-7  rel_rms 2.861e-7  PASS
glmgolden l19 routing top-8 overlap 1.0000 (90 / 90 rows the same set)
glmgolden l19 dsa selection overlap 1.0000 (90 / 90 rows the same set)
[glmgolden] l20 kda+moe loaded in 1.6 s: 2829387892 B to VRAM, 0 NVFP4 scale bytes 0x7F -> 0x7E (#177)
[glmgolden] l20 computed in 0.05 s (taps synchronize: not a speed figure)
glmgolden l20 attn pre        not compared (HF's hyper-connection does not return it)
glmgolden l20 attn post       prompt rows    0..85   max_abs 2.384e-7  (coefficients, reported)
glmgolden l20 attn post       decode rows   86..89   max_abs 2.384e-7  (coefficients, reported)
glmgolden l20 attn comb       prompt rows    0..85   max_abs 4.768e-7  (coefficients, reported)
glmgolden l20 attn comb       decode rows   86..89   max_abs 6.557e-7  (coefficients, reported)
glmgolden l20 attn collapsed  prompt rows    0..85   cosine 1.000000000 (worst row 80 1.000000000)  max_abs 2.384e-7  rel_rms 1.220e-7  PASS
glmgolden l20 attn collapsed  decode rows   86..89   cosine 1.000000000 (worst row 89 1.000000000)  max_abs 2.980e-8  rel_rms 2.242e-7  PASS
glmgolden l20 attn out        prompt rows    0..85   cosine 1.000000000 (worst row 1 1.000000000)  max_abs 7.451e-7  rel_rms 5.417e-6  PASS
glmgolden l20 attn out        decode rows   86..89   cosine 1.000000000 (worst row 87 1.000000000)  max_abs 2.030e-7  rel_rms 2.814e-6  PASS
glmgolden l20 attn expanded   prompt rows    0..85   cosine 1.000000000 (worst row 63 1.000000000)  max_abs 1.431e-6  rel_rms 3.043e-7  PASS
glmgolden l20 attn expanded   decode rows   86..89   cosine 1.000000000 (worst row 86 1.000000000)  max_abs 3.651e-7  rel_rms 8.229e-7  PASS
glmgolden l20 ffn  pre        not compared (HF's hyper-connection does not return it)
glmgolden l20 ffn  post       prompt rows    0..85   max_abs 1.192e-7  (coefficients, reported)
glmgolden l20 ffn  post       decode rows   86..89   max_abs 1.825e-7  (coefficients, reported)
glmgolden l20 ffn  comb       prompt rows    0..85   max_abs 1.788e-7  (coefficients, reported)
glmgolden l20 ffn  comb       decode rows   86..89   max_abs 5.960e-8  (coefficients, reported)
glmgolden l20 ffn  collapsed  prompt rows    0..85   cosine 1.000000000 (worst row 0 1.000000000)  max_abs 8.941e-8  rel_rms 6.512e-8  PASS
glmgolden l20 ffn  collapsed  decode rows   86..89   cosine 1.000000000 (worst row 88 1.000000000)  max_abs 1.490e-7  rel_rms 4.325e-7  PASS
glmgolden l20 ffn  out        prompt rows    0..85   cosine 1.000000000 (worst row 83 1.000000000)  max_abs 6.706e-7  rel_rms 5.073e-7  PASS
glmgolden l20 ffn  out        decode rows   86..89   cosine 1.000000000 (worst row 88 1.000000000)  max_abs 2.431e-7  rel_rms 6.318e-7  PASS
glmgolden l20 ffn  expanded   prompt rows    0..85   cosine 1.000000000 (worst row 79 1.000000000)  max_abs 9.537e-7  rel_rms 6.231e-8  PASS
glmgolden l20 ffn  expanded   decode rows   86..89   cosine 1.000000000 (worst row 86 1.000000000)  max_abs 1.639e-7  rel_rms 3.102e-7  PASS
glmgolden l20 routing top-8 overlap 1.0000 (90 / 90 rows the same set)
[glmgolden] l21 kda+moe loaded in 1.5 s: 2829387892 B to VRAM, 0 NVFP4 scale bytes 0x7F -> 0x7E (#177)
[glmgolden] l21 computed in 0.05 s (taps synchronize: not a speed figure)
glmgolden l21 attn pre        not compared (HF's hyper-connection does not return it)
glmgolden l21 attn post       prompt rows    0..85   max_abs 2.384e-7  (coefficients, reported)
glmgolden l21 attn post       decode rows   86..89   max_abs 1.513e-9  (coefficients, reported)
glmgolden l21 attn comb       prompt rows    0..85   max_abs 3.576e-7  (coefficients, reported)
glmgolden l21 attn comb       decode rows   86..89   max_abs 4.321e-7  (coefficients, reported)
glmgolden l21 attn collapsed  prompt rows    0..85   cosine 1.000000000 (worst row 67 1.000000000)  max_abs 4.768e-7  rel_rms 1.081e-7  PASS
glmgolden l21 attn collapsed  decode rows   86..89   cosine 1.000000000 (worst row 88 1.000000000)  max_abs 2.980e-8  rel_rms 1.189e-7  PASS
glmgolden l21 attn out        prompt rows    0..85   cosine 1.000000000 (worst row 72 1.000000000)  max_abs 6.109e-7  rel_rms 4.592e-6  PASS
glmgolden l21 attn out        decode rows   86..89   cosine 1.000000000 (worst row 87 1.000000000)  max_abs 2.645e-7  rel_rms 2.562e-6  PASS
glmgolden l21 attn expanded   prompt rows    0..85   cosine 1.000000000 (worst row 63 1.000000000)  max_abs 1.907e-6  rel_rms 3.842e-7  PASS
glmgolden l21 attn expanded   decode rows   86..89   cosine 1.000000000 (worst row 88 1.000000000)  max_abs 5.141e-7  rel_rms 9.140e-7  PASS
glmgolden l21 ffn  pre        not compared (HF's hyper-connection does not return it)
glmgolden l21 ffn  post       prompt rows    0..85   max_abs 1.788e-7  (coefficients, reported)
glmgolden l21 ffn  post       decode rows   86..89   max_abs 4.470e-8  (coefficients, reported)
glmgolden l21 ffn  comb       prompt rows    0..85   max_abs 1.788e-7  (coefficients, reported)
glmgolden l21 ffn  comb       decode rows   86..89   max_abs 1.192e-7  (coefficients, reported)
glmgolden l21 ffn  collapsed  prompt rows    0..85   cosine 1.000000000 (worst row 27 1.000000000)  max_abs 9.537e-7  rel_rms 2.688e-7  PASS
glmgolden l21 ffn  collapsed  decode rows   86..89   cosine 1.000000000 (worst row 89 1.000000000)  max_abs 8.941e-8  rel_rms 1.617e-7  PASS
glmgolden l21 ffn  out        prompt rows    0..85   cosine 1.000000000 (worst row 70 1.000000000)  max_abs 1.192e-6  rel_rms 3.888e-7  PASS
glmgolden l21 ffn  out        decode rows   86..89   cosine 1.000000000 (worst row 86 1.000000000)  max_abs 1.937e-7  rel_rms 5.723e-7  PASS
glmgolden l21 ffn  expanded   prompt rows    0..85   cosine 1.000000000 (worst row 51 1.000000000)  max_abs 2.623e-6  rel_rms 1.994e-7  PASS
glmgolden l21 ffn  expanded   decode rows   86..89   cosine 1.000000000 (worst row 86 1.000000000)  max_abs 1.937e-7  rel_rms 2.998e-7  PASS
glmgolden l21 routing top-8 overlap 1.0000 (90 / 90 rows the same set)
[glmgolden] l22 kda+moe loaded in 1.5 s: 2829387892 B to VRAM, 0 NVFP4 scale bytes 0x7F -> 0x7E (#177)
[glmgolden] l22 computed in 0.05 s (taps synchronize: not a speed figure)
glmgolden l22 attn pre        not compared (HF's hyper-connection does not return it)
glmgolden l22 attn post       prompt rows    0..85   max_abs 2.384e-7  (coefficients, reported)
glmgolden l22 attn post       decode rows   86..89   max_abs 2.608e-8  (coefficients, reported)
glmgolden l22 attn comb       prompt rows    0..85   max_abs 2.384e-7  (coefficients, reported)
glmgolden l22 attn comb       decode rows   86..89   max_abs 1.788e-7  (coefficients, reported)
glmgolden l22 attn collapsed  prompt rows    0..85   cosine 1.000000000 (worst row 22 1.000000000)  max_abs 4.768e-7  rel_rms 8.141e-8  PASS
glmgolden l22 attn collapsed  decode rows   86..89   cosine 1.000000000 (worst row 86 1.000000000)  max_abs 4.470e-8  rel_rms 1.807e-7  PASS
glmgolden l22 attn out        prompt rows    0..85   cosine 1.000000000 (worst row 80 1.000000000)  max_abs 7.637e-7  rel_rms 4.279e-6  PASS
glmgolden l22 attn out        decode rows   86..89   cosine 1.000000000 (worst row 86 1.000000000)  max_abs 2.934e-7  rel_rms 2.065e-6  PASS
glmgolden l22 attn expanded   prompt rows    0..85   cosine 1.000000000 (worst row 67 1.000000000)  max_abs 1.498e-6  rel_rms 5.839e-7  PASS
glmgolden l22 attn expanded   decode rows   86..89   cosine 1.000000000 (worst row 86 1.000000000)  max_abs 5.960e-7  rel_rms 9.271e-7  PASS
glmgolden l22 ffn  pre        not compared (HF's hyper-connection does not return it)
glmgolden l22 ffn  post       prompt rows    0..85   max_abs 2.384e-7  (coefficients, reported)
glmgolden l22 ffn  post       decode rows   86..89   max_abs 1.192e-7  (coefficients, reported)
glmgolden l22 ffn  comb       prompt rows    0..85   max_abs 1.192e-7  (coefficients, reported)
glmgolden l22 ffn  comb       decode rows   86..89   max_abs 1.192e-7  (coefficients, reported)
glmgolden l22 ffn  collapsed  prompt rows    0..85   cosine 1.000000000 (worst row 72 1.000000000)  max_abs 1.192e-7  rel_rms 1.008e-7  PASS
glmgolden l22 ffn  collapsed  decode rows   86..89   cosine 1.000000000 (worst row 88 1.000000000)  max_abs 1.192e-7  rel_rms 2.174e-7  PASS
glmgolden l22 ffn  out        prompt rows    0..85   cosine 1.000000000 (worst row 30 1.000000000)  max_abs 5.960e-7  rel_rms 4.991e-7  PASS
glmgolden l22 ffn  out        decode rows   86..89   cosine 1.000000000 (worst row 87 1.000000000)  max_abs 1.714e-7  rel_rms 6.098e-7  PASS
glmgolden l22 ffn  expanded   prompt rows    0..85   cosine 1.000000000 (worst row 83 1.000000000)  max_abs 1.907e-6  rel_rms 1.332e-7  PASS
glmgolden l22 ffn  expanded   decode rows   86..89   cosine 1.000000000 (worst row 88 1.000000000)  max_abs 2.384e-7  rel_rms 3.176e-7  PASS
glmgolden l22 routing top-8 overlap 1.0000 (90 / 90 rows the same set)
[glmgolden] l23 dsa+moe loaded in 1.6 s: 2851778932 B to VRAM, 0 NVFP4 scale bytes 0x7F -> 0x7E (#177), kv_b to BF16: 14968127 of 16777216 values inexact (RNE)
[glmgolden] l23 computed in 0.05 s (taps synchronize: not a speed figure)
glmgolden l23 attn pre        not compared (HF's hyper-connection does not return it)
glmgolden l23 attn post       prompt rows    0..85   max_abs 2.384e-7  (coefficients, reported)
glmgolden l23 attn post       decode rows   86..89   max_abs 1.341e-7  (coefficients, reported)
glmgolden l23 attn comb       prompt rows    0..85   max_abs 1.192e-7  (coefficients, reported)
glmgolden l23 attn comb       decode rows   86..89   max_abs 1.192e-7  (coefficients, reported)
glmgolden l23 attn collapsed  prompt rows    0..85   cosine 1.000000000 (worst row 17 1.000000000)  max_abs 7.153e-7  rel_rms 3.058e-7  PASS
glmgolden l23 attn collapsed  decode rows   86..89   cosine 1.000000000 (worst row 88 1.000000000)  max_abs 4.768e-7  rel_rms 1.036e-6  PASS
glmgolden l23 attn out        prompt rows    0..85   cosine 0.999992109 (worst row 0 0.999978016)  max_abs 8.405e-3  rel_rms 3.980e-3  PASS
glmgolden l23 attn out        decode rows   86..89   cosine 0.999992374 (worst row 86 0.999991185)  max_abs 5.807e-3  rel_rms 3.908e-3  PASS
glmgolden l23 attn expanded   prompt rows    0..85   cosine 0.999999524 (worst row 25 0.999996369)  max_abs 9.632e-3  rel_rms 9.754e-4  PASS
glmgolden l23 attn expanded   decode rows   86..89   cosine 0.999998692 (worst row 89 0.999998274)  max_abs 1.457e-3  rel_rms 1.618e-3  PASS
glmgolden l23 ffn  pre        not compared (HF's hyper-connection does not return it)
glmgolden l23 ffn  post       prompt rows    0..85   max_abs 2.384e-7  (coefficients, reported)
glmgolden l23 ffn  post       decode rows   86..89   max_abs 1.192e-7  (coefficients, reported)
glmgolden l23 ffn  comb       prompt rows    0..85   max_abs 1.788e-7  (coefficients, reported)
glmgolden l23 ffn  comb       decode rows   86..89   max_abs 1.192e-7  (coefficients, reported)
glmgolden l23 ffn  collapsed  prompt rows    0..85   cosine 1.000000000 (worst row 34 1.000000000)  max_abs 2.533e-7  rel_rms 3.859e-7  PASS
glmgolden l23 ffn  collapsed  decode rows   86..89   cosine 1.000000000 (worst row 88 1.000000000)  max_abs 1.788e-7  rel_rms 6.201e-7  PASS
glmgolden l23 ffn  out        prompt rows    0..85   cosine 1.000000000 (worst row 34 1.000000000)  max_abs 2.310e-7  rel_rms 5.345e-7  PASS
glmgolden l23 ffn  out        decode rows   86..89   cosine 1.000000000 (worst row 88 1.000000000)  max_abs 2.831e-7  rel_rms 7.769e-7  PASS
glmgolden l23 ffn  expanded   prompt rows    0..85   cosine 1.000000000 (worst row 34 1.000000000)  max_abs 9.537e-7  rel_rms 1.530e-7  PASS
glmgolden l23 ffn  expanded   decode rows   86..89   cosine 1.000000000 (worst row 88 1.000000000)  max_abs 4.619e-7  rel_rms 4.023e-7  PASS
glmgolden l23 routing top-8 overlap 1.0000 (90 / 90 rows the same set)
glmgolden l23 dsa selection overlap 1.0000 (90 / 90 rows the same set)
[glmgolden] l24 kda+moe loaded in 1.5 s: 2829387892 B to VRAM, 0 NVFP4 scale bytes 0x7F -> 0x7E (#177)
[glmgolden] l24 computed in 0.05 s (taps synchronize: not a speed figure)
glmgolden l24 attn pre        not compared (HF's hyper-connection does not return it)
glmgolden l24 attn post       prompt rows    0..85   max_abs 2.384e-7  (coefficients, reported)
glmgolden l24 attn post       decode rows   86..89   max_abs 1.192e-7  (coefficients, reported)
glmgolden l24 attn comb       prompt rows    0..85   max_abs 1.192e-7  (coefficients, reported)
glmgolden l24 attn comb       decode rows   86..89   max_abs 5.960e-8  (coefficients, reported)
glmgolden l24 attn collapsed  prompt rows    0..85   cosine 1.000000000 (worst row 30 1.000000000)  max_abs 2.086e-7  rel_rms 6.149e-8  PASS
glmgolden l24 attn collapsed  decode rows   86..89   cosine 1.000000000 (worst row 87 1.000000000)  max_abs 1.490e-7  rel_rms 3.104e-7  PASS
glmgolden l24 attn out        prompt rows    0..85   cosine 1.000000000 (worst row 67 1.000000000)  max_abs 1.084e-6  rel_rms 5.232e-6  PASS
glmgolden l24 attn out        decode rows   86..89   cosine 1.000000000 (worst row 86 1.000000000)  max_abs 4.023e-7  rel_rms 2.626e-6  PASS
glmgolden l24 attn expanded   prompt rows    0..85   cosine 1.000000000 (worst row 63 1.000000000)  max_abs 2.168e-6  rel_rms 8.380e-7  PASS
glmgolden l24 attn expanded   decode rows   86..89   cosine 1.000000000 (worst row 86 1.000000000)  max_abs 8.047e-7  rel_rms 8.340e-7  PASS
glmgolden l24 ffn  pre        not compared (HF's hyper-connection does not return it)
glmgolden l24 ffn  post       prompt rows    0..85   max_abs 2.384e-7  (coefficients, reported)
glmgolden l24 ffn  post       decode rows   86..89   max_abs 1.788e-7  (coefficients, reported)
glmgolden l24 ffn  comb       prompt rows    0..85   max_abs 1.192e-7  (coefficients, reported)
glmgolden l24 ffn  comb       decode rows   86..89   max_abs 1.192e-7  (coefficients, reported)
glmgolden l24 ffn  collapsed  prompt rows    0..85   cosine 1.000000000 (worst row 77 1.000000000)  max_abs 4.768e-7  rel_rms 6.919e-8  PASS
glmgolden l24 ffn  collapsed  decode rows   86..89   cosine 1.000000000 (worst row 89 1.000000000)  max_abs 3.427e-7  rel_rms 1.156e-6  PASS
glmgolden l24 ffn  out        prompt rows    0..85   cosine 1.000000000 (worst row 47 1.000000000)  max_abs 4.768e-7  rel_rms 5.295e-7  PASS
glmgolden l24 ffn  out        decode rows   86..89   cosine 1.000000000 (worst row 89 1.000000000)  max_abs 3.800e-7  rel_rms 9.132e-7  PASS
glmgolden l24 ffn  expanded   prompt rows    0..85   cosine 1.000000000 (worst row 80 1.000000000)  max_abs 1.431e-6  rel_rms 1.261e-7  PASS
glmgolden l24 ffn  expanded   decode rows   86..89   cosine 1.000000000 (worst row 89 1.000000000)  max_abs 2.384e-7  rel_rms 2.938e-7  PASS
glmgolden l24 routing top-8 overlap 1.0000 (90 / 90 rows the same set)
[glmgolden] l25 kda+moe loaded in 1.4 s: 2829387892 B to VRAM, 0 NVFP4 scale bytes 0x7F -> 0x7E (#177)
[glmgolden] l25 computed in 0.05 s (taps synchronize: not a speed figure)
glmgolden l25 attn pre        not compared (HF's hyper-connection does not return it)
glmgolden l25 attn post       prompt rows    0..85   max_abs 2.384e-7  (coefficients, reported)
glmgolden l25 attn post       decode rows   86..89   max_abs 5.960e-8  (coefficients, reported)
glmgolden l25 attn comb       prompt rows    0..85   max_abs 3.576e-7  (coefficients, reported)
glmgolden l25 attn comb       decode rows   86..89   max_abs 2.980e-7  (coefficients, reported)
glmgolden l25 attn collapsed  prompt rows    0..85   cosine 1.000000000 (worst row 69 1.000000000)  max_abs 4.768e-7  rel_rms 1.140e-7  PASS
glmgolden l25 attn collapsed  decode rows   86..89   cosine 1.000000000 (worst row 87 1.000000000)  max_abs 1.490e-7  rel_rms 6.920e-7  PASS
glmgolden l25 attn out        prompt rows    0..85   cosine 1.000000000 (worst row 80 1.000000000)  max_abs 1.907e-6  rel_rms 3.453e-6  PASS
glmgolden l25 attn out        decode rows   86..89   cosine 1.000000000 (worst row 86 1.000000000)  max_abs 5.513e-7  rel_rms 1.491e-6  PASS
glmgolden l25 attn expanded   prompt rows    0..85   cosine 1.000000000 (worst row 12 1.000000000)  max_abs 2.474e-6  rel_rms 5.780e-7  PASS
glmgolden l25 attn expanded   decode rows   86..89   cosine 1.000000000 (worst row 86 1.000000000)  max_abs 6.407e-7  rel_rms 5.043e-7  PASS
glmgolden l25 ffn  pre        not compared (HF's hyper-connection does not return it)
glmgolden l25 ffn  post       prompt rows    0..85   max_abs 1.788e-7  (coefficients, reported)
glmgolden l25 ffn  post       decode rows   86..89   max_abs 1.788e-7  (coefficients, reported)
glmgolden l25 ffn  comb       prompt rows    0..85   max_abs 1.192e-7  (coefficients, reported)
glmgolden l25 ffn  comb       decode rows   86..89   max_abs 5.960e-8  (coefficients, reported)
glmgolden l25 ffn  collapsed  prompt rows    0..85   cosine 1.000000000 (worst row 25 1.000000000)  max_abs 4.768e-7  rel_rms 1.416e-7  PASS
glmgolden l25 ffn  collapsed  decode rows   86..89   cosine 1.000000000 (worst row 86 1.000000000)  max_abs 7.451e-8  rel_rms 3.703e-7  PASS
glmgolden l25 ffn  out        prompt rows    0..85   cosine 1.000000000 (worst row 36 1.000000000)  max_abs 1.788e-6  rel_rms 5.028e-7  PASS
glmgolden l25 ffn  out        decode rows   86..89   cosine 1.000000000 (worst row 86 1.000000000)  max_abs 2.831e-7  rel_rms 7.007e-7  PASS
glmgolden l25 ffn  expanded   prompt rows    0..85   cosine 1.000000000 (worst row 25 1.000000000)  max_abs 1.669e-6  rel_rms 1.224e-7  PASS
glmgolden l25 ffn  expanded   decode rows   86..89   cosine 1.000000000 (worst row 86 1.000000000)  max_abs 2.086e-7  rel_rms 2.017e-7  PASS
glmgolden l25 routing top-8 overlap 1.0000 (90 / 90 rows the same set)
[glmgolden] l26 kda+moe loaded in 1.4 s: 2829387892 B to VRAM, 0 NVFP4 scale bytes 0x7F -> 0x7E (#177)
[glmgolden] l26 computed in 0.05 s (taps synchronize: not a speed figure)
glmgolden l26 attn pre        not compared (HF's hyper-connection does not return it)
glmgolden l26 attn post       prompt rows    0..85   max_abs 2.384e-7  (coefficients, reported)
glmgolden l26 attn post       decode rows   86..89   max_abs 1.341e-7  (coefficients, reported)
glmgolden l26 attn comb       prompt rows    0..85   max_abs 1.192e-7  (coefficients, reported)
glmgolden l26 attn comb       decode rows   86..89   max_abs 1.192e-7  (coefficients, reported)
glmgolden l26 attn collapsed  prompt rows    0..85   cosine 1.000000000 (worst row 64 1.000000000)  max_abs 5.960e-8  rel_rms 2.981e-8  PASS
glmgolden l26 attn collapsed  decode rows   86..89   cosine 1.000000000 (worst row 87 1.000000000)  max_abs 8.941e-8  rel_rms 4.093e-7  PASS
glmgolden l26 attn out        prompt rows    0..85   cosine 1.000000000 (worst row 67 1.000000000)  max_abs 1.222e-6  rel_rms 4.814e-6  PASS
glmgolden l26 attn out        decode rows   86..89   cosine 1.000000000 (worst row 87 1.000000000)  max_abs 4.489e-7  rel_rms 2.252e-6  PASS
glmgolden l26 attn expanded   prompt rows    0..85   cosine 1.000000000 (worst row 66 1.000000000)  max_abs 2.384e-6  rel_rms 9.215e-7  PASS
glmgolden l26 attn expanded   decode rows   86..89   cosine 1.000000000 (worst row 87 1.000000000)  max_abs 8.643e-7  rel_rms 7.613e-7  PASS
glmgolden l26 ffn  pre        not compared (HF's hyper-connection does not return it)
glmgolden l26 ffn  post       prompt rows    0..85   max_abs 1.788e-7  (coefficients, reported)
glmgolden l26 ffn  post       decode rows   86..89   max_abs 1.490e-7  (coefficients, reported)
glmgolden l26 ffn  comb       prompt rows    0..85   max_abs 2.384e-7  (coefficients, reported)
glmgolden l26 ffn  comb       decode rows   86..89   max_abs 5.960e-8  (coefficients, reported)
glmgolden l26 ffn  collapsed  prompt rows    0..85   cosine 1.000000000 (worst row 38 1.000000000)  max_abs 5.960e-7  rel_rms 2.813e-7  PASS
glmgolden l26 ffn  collapsed  decode rows   86..89   cosine 1.000000000 (worst row 86 1.000000000)  max_abs 8.196e-8  rel_rms 6.460e-7  PASS
glmgolden l26 ffn  out        prompt rows    0..85   cosine 1.000000000 (worst row 70 1.000000000)  max_abs 1.431e-6  rel_rms 5.019e-7  PASS
glmgolden l26 ffn  out        decode rows   86..89   cosine 1.000000000 (worst row 86 1.000000000)  max_abs 3.353e-7  rel_rms 6.545e-7  PASS
glmgolden l26 ffn  expanded   prompt rows    0..85   cosine 1.000000000 (worst row 1 1.000000000)  max_abs 1.907e-6  rel_rms 1.473e-7  PASS
glmgolden l26 ffn  expanded   decode rows   86..89   cosine 1.000000000 (worst row 88 1.000000000)  max_abs 1.788e-7  rel_rms 1.899e-7  PASS
glmgolden l26 routing top-8 overlap 1.0000 (90 / 90 rows the same set)
[glmgolden] l27 dsa+moe loaded in 1.6 s: 2851778932 B to VRAM, 0 NVFP4 scale bytes 0x7F -> 0x7E (#177), kv_b to BF16: 14022155 of 16777216 values inexact (RNE)
[glmgolden] l27 computed in 0.05 s (taps synchronize: not a speed figure)
glmgolden l27 attn pre        not compared (HF's hyper-connection does not return it)
glmgolden l27 attn post       prompt rows    0..85   max_abs 1.192e-7  (coefficients, reported)
glmgolden l27 attn post       decode rows   86..89   max_abs 8.941e-8  (coefficients, reported)
glmgolden l27 attn comb       prompt rows    0..85   max_abs 1.192e-7  (coefficients, reported)
glmgolden l27 attn comb       decode rows   86..89   max_abs 1.192e-7  (coefficients, reported)
glmgolden l27 attn collapsed  prompt rows    0..85   cosine 1.000000000 (worst row 55 1.000000000)  max_abs 4.768e-7  rel_rms 2.036e-7  PASS
glmgolden l27 attn collapsed  decode rows   86..89   cosine 1.000000000 (worst row 86 1.000000000)  max_abs 2.384e-7  rel_rms 3.242e-7  PASS
glmgolden l27 attn out        prompt rows    0..85   cosine 0.999993387 (worst row 1 0.999974910)  max_abs 5.322e-3  rel_rms 3.654e-3  PASS
glmgolden l27 attn out        decode rows   86..89   cosine 0.999993553 (worst row 86 0.999990582)  max_abs 4.989e-3  rel_rms 3.591e-3  PASS
glmgolden l27 attn expanded   prompt rows    0..85   cosine 0.999999788 (worst row 43 0.999998738)  max_abs 2.219e-3  rel_rms 6.514e-4  PASS
glmgolden l27 attn expanded   decode rows   86..89   cosine 0.999999384 (worst row 86 0.999999265)  max_abs 1.134e-3  rel_rms 1.110e-3  PASS
glmgolden l27 ffn  pre        not compared (HF's hyper-connection does not return it)
glmgolden l27 ffn  post       prompt rows    0..85   max_abs 2.384e-7  (coefficients, reported)
glmgolden l27 ffn  post       decode rows   86..89   max_abs 1.788e-7  (coefficients, reported)
glmgolden l27 ffn  comb       prompt rows    0..85   max_abs 1.192e-7  (coefficients, reported)
glmgolden l27 ffn  comb       decode rows   86..89   max_abs 5.960e-8  (coefficients, reported)
glmgolden l27 ffn  collapsed  prompt rows    0..85   cosine 1.000000000 (worst row 70 1.000000000)  max_abs 2.384e-7  rel_rms 3.328e-7  PASS
glmgolden l27 ffn  collapsed  decode rows   86..89   cosine 1.000000000 (worst row 88 1.000000000)  max_abs 1.341e-7  rel_rms 8.496e-7  PASS
glmgolden l27 ffn  out        prompt rows    0..85   cosine 1.000000000 (worst row 70 1.000000000)  max_abs 9.537e-7  rel_rms 4.960e-7  PASS
glmgolden l27 ffn  out        decode rows   86..89   cosine 1.000000000 (worst row 87 1.000000000)  max_abs 4.172e-7  rel_rms 6.410e-7  PASS
glmgolden l27 ffn  expanded   prompt rows    0..85   cosine 1.000000000 (worst row 6 1.000000000)  max_abs 1.669e-6  rel_rms 1.318e-7  PASS
glmgolden l27 ffn  expanded   decode rows   86..89   cosine 1.000000000 (worst row 87 1.000000000)  max_abs 3.278e-7  rel_rms 2.217e-7  PASS
glmgolden l27 routing top-8 overlap 1.0000 (90 / 90 rows the same set)
glmgolden l27 dsa selection overlap 1.0000 (90 / 90 rows the same set)
[glmgolden] l28 kda+moe loaded in 1.4 s: 2829387892 B to VRAM, 0 NVFP4 scale bytes 0x7F -> 0x7E (#177)
[glmgolden] l28 computed in 0.05 s (taps synchronize: not a speed figure)
glmgolden l28 attn pre        not compared (HF's hyper-connection does not return it)
glmgolden l28 attn post       prompt rows    0..85   max_abs 2.384e-7  (coefficients, reported)
glmgolden l28 attn post       decode rows   86..89   max_abs 2.384e-7  (coefficients, reported)
glmgolden l28 attn comb       prompt rows    0..85   max_abs 1.192e-7  (coefficients, reported)
glmgolden l28 attn comb       decode rows   86..89   max_abs 1.192e-7  (coefficients, reported)
glmgolden l28 attn collapsed  prompt rows    0..85   cosine 1.000000000 (worst row 73 1.000000000)  max_abs 3.576e-7  rel_rms 2.780e-7  PASS
glmgolden l28 attn collapsed  decode rows   86..89   cosine 1.000000000 (worst row 86 1.000000000)  max_abs 1.118e-7  rel_rms 5.727e-7  PASS
glmgolden l28 attn out        prompt rows    0..85   cosine 1.000000000 (worst row 81 1.000000000)  max_abs 1.118e-6  rel_rms 4.797e-6  PASS
glmgolden l28 attn out        decode rows   86..89   cosine 1.000000000 (worst row 86 1.000000000)  max_abs 3.725e-7  rel_rms 2.534e-6  PASS
glmgolden l28 attn expanded   prompt rows    0..85   cosine 1.000000000 (worst row 63 1.000000000)  max_abs 2.265e-6  rel_rms 8.526e-7  PASS
glmgolden l28 attn expanded   decode rows   86..89   cosine 1.000000000 (worst row 86 1.000000000)  max_abs 7.451e-7  rel_rms 6.891e-7  PASS
glmgolden l28 ffn  pre        not compared (HF's hyper-connection does not return it)
glmgolden l28 ffn  post       prompt rows    0..85   max_abs 1.192e-7  (coefficients, reported)
glmgolden l28 ffn  post       decode rows   86..89   max_abs 2.384e-7  (coefficients, reported)
glmgolden l28 ffn  comb       prompt rows    0..85   max_abs 1.192e-7  (coefficients, reported)
glmgolden l28 ffn  comb       decode rows   86..89   max_abs 1.192e-7  (coefficients, reported)
glmgolden l28 ffn  collapsed  prompt rows    0..85   cosine 1.000000000 (worst row 17 1.000000000)  max_abs 4.768e-7  rel_rms 2.919e-7  PASS
glmgolden l28 ffn  collapsed  decode rows   86..89   cosine 1.000000000 (worst row 88 1.000000000)  max_abs 1.192e-7  rel_rms 5.296e-7  PASS
glmgolden l28 ffn  out        prompt rows    0..85   cosine 1.000000000 (worst row 79 1.000000000)  max_abs 1.431e-6  rel_rms 5.564e-7  PASS
glmgolden l28 ffn  out        decode rows   86..89   cosine 1.000000000 (worst row 88 1.000000000)  max_abs 4.768e-7  rel_rms 7.268e-7  PASS
glmgolden l28 ffn  expanded   prompt rows    0..85   cosine 1.000000000 (worst row 14 1.000000000)  max_abs 2.384e-6  rel_rms 1.479e-7  PASS
glmgolden l28 ffn  expanded   decode rows   86..89   cosine 1.000000000 (worst row 88 1.000000000)  max_abs 3.576e-7  rel_rms 2.718e-7  PASS
glmgolden l28 routing top-8 overlap 1.0000 (90 / 90 rows the same set)
[glmgolden] l29 kda+moe loaded in 1.4 s: 2829387892 B to VRAM, 0 NVFP4 scale bytes 0x7F -> 0x7E (#177)
[glmgolden] l29 computed in 0.05 s (taps synchronize: not a speed figure)
glmgolden l29 attn pre        not compared (HF's hyper-connection does not return it)
glmgolden l29 attn post       prompt rows    0..85   max_abs 2.384e-7  (coefficients, reported)
glmgolden l29 attn post       decode rows   86..89   max_abs 3.576e-7  (coefficients, reported)
glmgolden l29 attn comb       prompt rows    0..85   max_abs 1.192e-7  (coefficients, reported)
glmgolden l29 attn comb       decode rows   86..89   max_abs 1.192e-7  (coefficients, reported)
glmgolden l29 attn collapsed  prompt rows    0..85   cosine 1.000000000 (worst row 46 1.000000000)  max_abs 1.192e-7  rel_rms 2.525e-7  PASS
glmgolden l29 attn collapsed  decode rows   86..89   cosine 1.000000000 (worst row 89 1.000000000)  max_abs 1.639e-7  rel_rms 7.122e-7  PASS
glmgolden l29 attn out        prompt rows    0..85   cosine 1.000000000 (worst row 67 1.000000000)  max_abs 1.371e-6  rel_rms 3.943e-6  PASS
glmgolden l29 attn out        decode rows   86..89   cosine 1.000000000 (worst row 87 1.000000000)  max_abs 4.433e-7  rel_rms 2.387e-6  PASS
glmgolden l29 attn expanded   prompt rows    0..85   cosine 1.000000000 (worst row 72 1.000000000)  max_abs 2.652e-6  rel_rms 7.833e-7  PASS
glmgolden l29 attn expanded   decode rows   86..89   cosine 1.000000000 (worst row 87 1.000000000)  max_abs 8.382e-7  rel_rms 6.773e-7  PASS
glmgolden l29 ffn  pre        not compared (HF's hyper-connection does not return it)
glmgolden l29 ffn  post       prompt rows    0..85   max_abs 2.384e-7  (coefficients, reported)
glmgolden l29 ffn  post       decode rows   86..89   max_abs 2.384e-7  (coefficients, reported)
glmgolden l29 ffn  comb       prompt rows    0..85   max_abs 1.192e-7  (coefficients, reported)
glmgolden l29 ffn  comb       decode rows   86..89   max_abs 1.192e-7  (coefficients, reported)
glmgolden l29 ffn  collapsed  prompt rows    0..85   cosine 1.000000000 (worst row 64 1.000000000)  max_abs 9.537e-7  rel_rms 2.528e-7  PASS
glmgolden l29 ffn  collapsed  decode rows   86..89   cosine 1.000000000 (worst row 88 1.000000000)  max_abs 1.788e-7  rel_rms 2.302e-7  PASS
glmgolden l29 ffn  out        prompt rows    0..85   cosine 1.000000000 (worst row 6 1.000000000)  max_abs 1.669e-6  rel_rms 5.076e-7  PASS
glmgolden l29 ffn  out        decode rows   86..89   cosine 1.000000000 (worst row 88 1.000000000)  max_abs 5.960e-7  rel_rms 7.012e-7  PASS
glmgolden l29 ffn  expanded   prompt rows    0..85   cosine 1.000000000 (worst row 68 1.000000000)  max_abs 3.815e-6  rel_rms 2.069e-7  PASS
glmgolden l29 ffn  expanded   decode rows   86..89   cosine 1.000000000 (worst row 88 1.000000000)  max_abs 1.013e-6  rel_rms 3.776e-7  PASS
glmgolden l29 routing top-8 overlap 1.0000 (90 / 90 rows the same set)
[glmgolden] l30 kda+moe loaded in 1.4 s: 2829387892 B to VRAM, 0 NVFP4 scale bytes 0x7F -> 0x7E (#177)
[glmgolden] l30 computed in 0.05 s (taps synchronize: not a speed figure)
glmgolden l30 attn pre        not compared (HF's hyper-connection does not return it)
glmgolden l30 attn post       prompt rows    0..85   max_abs 2.384e-7  (coefficients, reported)
glmgolden l30 attn post       decode rows   86..89   max_abs 1.192e-7  (coefficients, reported)
glmgolden l30 attn comb       prompt rows    0..85   max_abs 1.192e-7  (coefficients, reported)
glmgolden l30 attn comb       decode rows   86..89   max_abs 5.960e-8  (coefficients, reported)
glmgolden l30 attn collapsed  prompt rows    0..85   cosine 1.000000000 (worst row 1 1.000000000)  max_abs 9.537e-7  rel_rms 1.615e-7  PASS
glmgolden l30 attn collapsed  decode rows   86..89   cosine 1.000000000 (worst row 88 1.000000000)  max_abs 8.941e-8  rel_rms 2.003e-7  PASS
glmgolden l30 attn out        prompt rows    0..85   cosine 1.000000000 (worst row 80 1.000000000)  max_abs 1.669e-6  rel_rms 3.495e-6  PASS
glmgolden l30 attn out        decode rows   86..89   cosine 1.000000000 (worst row 86 1.000000000)  max_abs 6.035e-7  rel_rms 1.470e-6  PASS
glmgolden l30 attn expanded   prompt rows    0..85   cosine 1.000000000 (worst row 80 1.000000000)  max_abs 3.278e-6  rel_rms 9.806e-7  PASS
glmgolden l30 attn expanded   decode rows   86..89   cosine 1.000000000 (worst row 86 1.000000000)  max_abs 1.207e-6  rel_rms 6.168e-7  PASS
glmgolden l30 ffn  pre        not compared (HF's hyper-connection does not return it)
glmgolden l30 ffn  post       prompt rows    0..85   max_abs 2.384e-7  (coefficients, reported)
glmgolden l30 ffn  post       decode rows   86..89   max_abs 2.384e-7  (coefficients, reported)
glmgolden l30 ffn  comb       prompt rows    0..85   max_abs 1.192e-7  (coefficients, reported)
glmgolden l30 ffn  comb       decode rows   86..89   max_abs 5.960e-8  (coefficients, reported)
glmgolden l30 ffn  collapsed  prompt rows    0..85   cosine 1.000000000 (worst row 64 1.000000000)  max_abs 2.861e-6  rel_rms 3.981e-7  PASS
glmgolden l30 ffn  collapsed  decode rows   86..89   cosine 1.000000000 (worst row 87 1.000000000)  max_abs 7.153e-7  rel_rms 6.359e-7  PASS
glmgolden l30 ffn  out        prompt rows    0..85   cosine 1.000000000 (worst row 6 1.000000000)  max_abs 1.371e-6  rel_rms 5.679e-7  PASS
glmgolden l30 ffn  out        decode rows   86..89   cosine 1.000000000 (worst row 88 1.000000000)  max_abs 5.215e-7  rel_rms 7.078e-7  PASS
glmgolden l30 ffn  expanded   prompt rows    0..85   cosine 1.000000000 (worst row 83 1.000000000)  max_abs 2.146e-6  rel_rms 1.644e-7  PASS
glmgolden l30 ffn  expanded   decode rows   86..89   cosine 1.000000000 (worst row 86 1.000000000)  max_abs 5.662e-7  rel_rms 2.560e-7  PASS
glmgolden l30 routing top-8 overlap 1.0000 (90 / 90 rows the same set)
[glmgolden] l31 dsa+moe loaded in 1.5 s: 2851778932 B to VRAM, 0 NVFP4 scale bytes 0x7F -> 0x7E (#177), kv_b to BF16: 14993715 of 16777216 values inexact (RNE)
[glmgolden] l31 computed in 0.05 s (taps synchronize: not a speed figure)
glmgolden l31 attn pre        not compared (HF's hyper-connection does not return it)
glmgolden l31 attn post       prompt rows    0..85   max_abs 1.192e-7  (coefficients, reported)
glmgolden l31 attn post       decode rows   86..89   max_abs 5.960e-8  (coefficients, reported)
glmgolden l31 attn comb       prompt rows    0..85   max_abs 1.192e-7  (coefficients, reported)
glmgolden l31 attn comb       decode rows   86..89   max_abs 1.192e-7  (coefficients, reported)
glmgolden l31 attn collapsed  prompt rows    0..85   cosine 1.000000000 (worst row 70 1.000000000)  max_abs 2.980e-7  rel_rms 1.706e-7  PASS
glmgolden l31 attn collapsed  decode rows   86..89   cosine 1.000000000 (worst row 89 1.000000000)  max_abs 5.960e-7  rel_rms 7.655e-7  PASS
glmgolden l31 attn out        prompt rows    0..85   cosine 0.999988084 (worst row 7 0.999980130)  max_abs 7.030e-3  rel_rms 4.890e-3  PASS
glmgolden l31 attn out        decode rows   86..89   cosine 0.999987255 (worst row 89 0.999985368)  max_abs 4.610e-3  rel_rms 5.061e-3  PASS
glmgolden l31 attn expanded   prompt rows    0..85   cosine 0.999999394 (worst row 74 0.999997433)  max_abs 5.207e-3  rel_rms 1.101e-3  PASS
glmgolden l31 attn expanded   decode rows   86..89   cosine 0.999999009 (worst row 88 0.999998898)  max_abs 3.021e-3  rel_rms 1.408e-3  PASS
glmgolden l31 ffn  pre        not compared (HF's hyper-connection does not return it)
glmgolden l31 ffn  post       prompt rows    0..85   max_abs 2.384e-7  (coefficients, reported)
glmgolden l31 ffn  post       decode rows   86..89   max_abs 2.980e-7  (coefficients, reported)
glmgolden l31 ffn  comb       prompt rows    0..85   max_abs 1.192e-7  (coefficients, reported)
glmgolden l31 ffn  comb       decode rows   86..89   max_abs 5.960e-8  (coefficients, reported)
glmgolden l31 ffn  collapsed  prompt rows    0..85   cosine 1.000000000 (worst row 19 1.000000000)  max_abs 9.537e-7  rel_rms 1.798e-7  PASS
glmgolden l31 ffn  collapsed  decode rows   86..89   cosine 1.000000000 (worst row 89 1.000000000)  max_abs 4.768e-7  rel_rms 4.033e-7  PASS
glmgolden l31 ffn  out        prompt rows    0..85   cosine 1.000000000 (worst row 71 1.000000000)  max_abs 1.311e-6  rel_rms 5.614e-7  PASS
glmgolden l31 ffn  out        decode rows   86..89   cosine 1.000000000 (worst row 86 1.000000000)  max_abs 4.396e-7  rel_rms 6.343e-7  PASS
glmgolden l31 ffn  expanded   prompt rows    0..85   cosine 1.000000000 (worst row 4 1.000000000)  max_abs 2.861e-6  rel_rms 1.472e-7  PASS
glmgolden l31 ffn  expanded   decode rows   86..89   cosine 1.000000000 (worst row 88 1.000000000)  max_abs 4.768e-7  rel_rms 2.100e-7  PASS
glmgolden l31 routing top-8 overlap 1.0000 (90 / 90 rows the same set)
glmgolden l31 dsa selection overlap 1.0000 (90 / 90 rows the same set)
[glmgolden] l32 kda+moe loaded in 1.5 s: 2829387892 B to VRAM, 0 NVFP4 scale bytes 0x7F -> 0x7E (#177)
[glmgolden] l32 computed in 0.05 s (taps synchronize: not a speed figure)
glmgolden l32 attn pre        not compared (HF's hyper-connection does not return it)
glmgolden l32 attn post       prompt rows    0..85   max_abs 3.576e-7  (coefficients, reported)
glmgolden l32 attn post       decode rows   86..89   max_abs 3.576e-7  (coefficients, reported)
glmgolden l32 attn comb       prompt rows    0..85   max_abs 1.192e-7  (coefficients, reported)
glmgolden l32 attn comb       decode rows   86..89   max_abs 1.192e-7  (coefficients, reported)
glmgolden l32 attn collapsed  prompt rows    0..85   cosine 1.000000000 (worst row 46 1.000000000)  max_abs 2.980e-7  rel_rms 3.129e-7  PASS
glmgolden l32 attn collapsed  decode rows   86..89   cosine 1.000000000 (worst row 87 1.000000000)  max_abs 7.171e-8  rel_rms 4.748e-7  PASS
glmgolden l32 attn out        prompt rows    0..85   cosine 1.000000000 (worst row 67 1.000000000)  max_abs 1.058e-6  rel_rms 4.736e-6  PASS
glmgolden l32 attn out        decode rows   86..89   cosine 1.000000000 (worst row 87 1.000000000)  max_abs 3.129e-7  rel_rms 1.887e-6  PASS
glmgolden l32 attn expanded   prompt rows    0..85   cosine 1.000000000 (worst row 59 1.000000000)  max_abs 2.086e-6  rel_rms 7.268e-7  PASS
glmgolden l32 attn expanded   decode rows   86..89   cosine 1.000000000 (worst row 89 1.000000000)  max_abs 6.557e-7  rel_rms 3.550e-7  PASS
glmgolden l32 ffn  pre        not compared (HF's hyper-connection does not return it)
glmgolden l32 ffn  post       prompt rows    0..85   max_abs 2.384e-7  (coefficients, reported)
glmgolden l32 ffn  post       decode rows   86..89   max_abs 3.576e-7  (coefficients, reported)
glmgolden l32 ffn  comb       prompt rows    0..85   max_abs 1.788e-7  (coefficients, reported)
glmgolden l32 ffn  comb       decode rows   86..89   max_abs 1.192e-7  (coefficients, reported)
glmgolden l32 ffn  collapsed  prompt rows    0..85   cosine 1.000000000 (worst row 72 1.000000000)  max_abs 3.815e-6  rel_rms 2.514e-7  PASS
glmgolden l32 ffn  collapsed  decode rows   86..89   cosine 1.000000000 (worst row 87 1.000000000)  max_abs 2.980e-7  rel_rms 1.951e-7  PASS
glmgolden l32 ffn  out        prompt rows    0..85   cosine 1.000000000 (worst row 2 1.000000000)  max_abs 5.960e-7  rel_rms 5.404e-7  PASS
glmgolden l32 ffn  out        decode rows   86..89   cosine 1.000000000 (worst row 87 1.000000000)  max_abs 5.364e-7  rel_rms 7.147e-7  PASS
glmgolden l32 ffn  expanded   prompt rows    0..85   cosine 1.000000000 (worst row 6 1.000000000)  max_abs 1.907e-6  rel_rms 1.926e-7  PASS
glmgolden l32 ffn  expanded   decode rows   86..89   cosine 1.000000000 (worst row 88 1.000000000)  max_abs 1.073e-6  rel_rms 3.265e-7  PASS
glmgolden l32 routing top-8 overlap 1.0000 (90 / 90 rows the same set)
[glmgolden] l33 kda+moe loaded in 1.5 s: 2829387892 B to VRAM, 0 NVFP4 scale bytes 0x7F -> 0x7E (#177)
[glmgolden] l33 computed in 0.05 s (taps synchronize: not a speed figure)
glmgolden l33 attn pre        not compared (HF's hyper-connection does not return it)
glmgolden l33 attn post       prompt rows    0..85   max_abs 2.384e-7  (coefficients, reported)
glmgolden l33 attn post       decode rows   86..89   max_abs 1.192e-7  (coefficients, reported)
glmgolden l33 attn comb       prompt rows    0..85   max_abs 2.384e-7  (coefficients, reported)
glmgolden l33 attn comb       decode rows   86..89   max_abs 5.960e-8  (coefficients, reported)
glmgolden l33 attn collapsed  prompt rows    0..85   cosine 1.000000000 (worst row 74 1.000000000)  max_abs 1.192e-7  rel_rms 1.694e-7  PASS
glmgolden l33 attn collapsed  decode rows   86..89   cosine 1.000000000 (worst row 87 1.000000000)  max_abs 7.451e-8  rel_rms 3.956e-7  PASS
glmgolden l33 attn out        prompt rows    0..85   cosine 1.000000000 (worst row 67 1.000000000)  max_abs 2.027e-6  rel_rms 3.271e-6  PASS
glmgolden l33 attn out        decode rows   86..89   cosine 1.000000000 (worst row 86 1.000000000)  max_abs 5.886e-7  rel_rms 1.585e-6  PASS
glmgolden l33 attn expanded   prompt rows    0..85   cosine 1.000000000 (worst row 59 1.000000000)  max_abs 4.053e-6  rel_rms 7.625e-7  PASS
glmgolden l33 attn expanded   decode rows   86..89   cosine 1.000000000 (worst row 89 1.000000000)  max_abs 1.147e-6  rel_rms 3.533e-7  PASS
glmgolden l33 ffn  pre        not compared (HF's hyper-connection does not return it)
glmgolden l33 ffn  post       prompt rows    0..85   max_abs 1.788e-7  (coefficients, reported)
glmgolden l33 ffn  post       decode rows   86..89   max_abs 2.384e-7  (coefficients, reported)
glmgolden l33 ffn  comb       prompt rows    0..85   max_abs 1.192e-7  (coefficients, reported)
glmgolden l33 ffn  comb       decode rows   86..89   max_abs 1.192e-7  (coefficients, reported)
glmgolden l33 ffn  collapsed  prompt rows    0..85   cosine 1.000000000 (worst row 59 1.000000000)  max_abs 7.153e-7  rel_rms 1.207e-7  PASS
glmgolden l33 ffn  collapsed  decode rows   86..89   cosine 1.000000000 (worst row 89 1.000000000)  max_abs 7.749e-7  rel_rms 4.075e-7  PASS
glmgolden l33 ffn  out        prompt rows    0..85   cosine 1.000000000 (worst row 1 1.000000000)  max_abs 7.153e-7  rel_rms 5.515e-7  PASS
glmgolden l33 ffn  out        decode rows   86..89   cosine 1.000000000 (worst row 88 1.000000000)  max_abs 5.364e-7  rel_rms 6.519e-7  PASS
glmgolden l33 ffn  expanded   prompt rows    0..85   cosine 1.000000000 (worst row 14 1.000000000)  max_abs 1.907e-6  rel_rms 1.710e-7  PASS
glmgolden l33 ffn  expanded   decode rows   86..89   cosine 1.000000000 (worst row 86 1.000000000)  max_abs 7.749e-7  rel_rms 2.417e-7  PASS
glmgolden l33 routing top-8 overlap 1.0000 (90 / 90 rows the same set)
[glmgolden] l34 kda+moe loaded in 1.4 s: 2829387892 B to VRAM, 0 NVFP4 scale bytes 0x7F -> 0x7E (#177)
[glmgolden] l34 computed in 0.05 s (taps synchronize: not a speed figure)
glmgolden l34 attn pre        not compared (HF's hyper-connection does not return it)
glmgolden l34 attn post       prompt rows    0..85   max_abs 1.788e-7  (coefficients, reported)
glmgolden l34 attn post       decode rows   86..89   max_abs 2.384e-7  (coefficients, reported)
glmgolden l34 attn comb       prompt rows    0..85   max_abs 1.192e-7  (coefficients, reported)
glmgolden l34 attn comb       decode rows   86..89   max_abs 1.788e-7  (coefficients, reported)
glmgolden l34 attn collapsed  prompt rows    0..85   cosine 1.000000000 (worst row 1 1.000000000)  max_abs 3.576e-7  rel_rms 1.274e-7  PASS
glmgolden l34 attn collapsed  decode rows   86..89   cosine 1.000000000 (worst row 88 1.000000000)  max_abs 2.980e-7  rel_rms 3.089e-7  PASS
glmgolden l34 attn out        prompt rows    0..85   cosine 1.000000000 (worst row 76 1.000000000)  max_abs 6.437e-6  rel_rms 2.460e-6  PASS
glmgolden l34 attn out        decode rows   86..89   cosine 1.000000000 (worst row 86 1.000000000)  max_abs 1.669e-6  rel_rms 1.053e-6  PASS
glmgolden l34 attn expanded   prompt rows    0..85   cosine 1.000000000 (worst row 60 1.000000000)  max_abs 1.287e-5  rel_rms 1.643e-6  PASS
glmgolden l34 attn expanded   decode rows   86..89   cosine 1.000000000 (worst row 86 1.000000000)  max_abs 3.338e-6  rel_rms 7.774e-7  PASS
glmgolden l34 ffn  pre        not compared (HF's hyper-connection does not return it)
glmgolden l34 ffn  post       prompt rows    0..85   max_abs 2.384e-7  (coefficients, reported)
glmgolden l34 ffn  post       decode rows   86..89   max_abs 2.384e-7  (coefficients, reported)
glmgolden l34 ffn  comb       prompt rows    0..85   max_abs 1.192e-7  (coefficients, reported)
glmgolden l34 ffn  comb       decode rows   86..89   max_abs 1.192e-7  (coefficients, reported)
glmgolden l34 ffn  collapsed  prompt rows    0..85   cosine 1.000000000 (worst row 47 1.000000000)  max_abs 3.815e-6  rel_rms 4.033e-7  PASS
glmgolden l34 ffn  collapsed  decode rows   86..89   cosine 1.000000000 (worst row 89 1.000000000)  max_abs 9.537e-7  rel_rms 5.537e-7  PASS
glmgolden l34 ffn  out        prompt rows    0..85   cosine 1.000000000 (worst row 75 1.000000000)  max_abs 1.431e-6  rel_rms 4.599e-7  PASS
glmgolden l34 ffn  out        decode rows   86..89   cosine 1.000000000 (worst row 88 1.000000000)  max_abs 4.652e-7  rel_rms 5.881e-7  PASS
glmgolden l34 ffn  expanded   prompt rows    0..85   cosine 1.000000000 (worst row 75 1.000000000)  max_abs 1.907e-6  rel_rms 1.150e-7  PASS
glmgolden l34 ffn  expanded   decode rows   86..89   cosine 1.000000000 (worst row 87 1.000000000)  max_abs 5.960e-7  rel_rms 1.568e-7  PASS
glmgolden l34 routing top-8 overlap 1.0000 (90 / 90 rows the same set)
[glmgolden] l35 dsa+moe loaded in 1.6 s: 2851778932 B to VRAM, 0 NVFP4 scale bytes 0x7F -> 0x7E (#177), kv_b to BF16: 14886281 of 16777216 values inexact (RNE)
[glmgolden] l35 computed in 0.05 s (taps synchronize: not a speed figure)
glmgolden l35 attn pre        not compared (HF's hyper-connection does not return it)
glmgolden l35 attn post       prompt rows    0..85   max_abs 2.384e-7  (coefficients, reported)
glmgolden l35 attn post       decode rows   86..89   max_abs 1.192e-7  (coefficients, reported)
glmgolden l35 attn comb       prompt rows    0..85   max_abs 1.192e-7  (coefficients, reported)
glmgolden l35 attn comb       decode rows   86..89   max_abs 1.192e-7  (coefficients, reported)
glmgolden l35 attn collapsed  prompt rows    0..85   cosine 1.000000000 (worst row 38 1.000000000)  max_abs 2.384e-7  rel_rms 1.535e-7  PASS
glmgolden l35 attn collapsed  decode rows   86..89   cosine 1.000000000 (worst row 89 1.000000000)  max_abs 2.384e-7  rel_rms 3.939e-7  PASS
glmgolden l35 attn out        prompt rows    0..85   cosine 0.999990027 (worst row 1 0.999970982)  max_abs 6.448e-3  rel_rms 4.466e-3  PASS
glmgolden l35 attn out        decode rows   86..89   cosine 0.999992380 (worst row 88 0.999990917)  max_abs 4.341e-3  rel_rms 3.905e-3  PASS
glmgolden l35 attn expanded   prompt rows    0..85   cosine 0.999999771 (worst row 74 0.999999110)  max_abs 8.061e-3  rel_rms 6.773e-4  PASS
glmgolden l35 attn expanded   decode rows   86..89   cosine 0.999999788 (worst row 88 0.999999757)  max_abs 2.810e-3  rel_rms 6.512e-4  PASS
glmgolden l35 ffn  pre        not compared (HF's hyper-connection does not return it)
glmgolden l35 ffn  post       prompt rows    0..85   max_abs 2.384e-7  (coefficients, reported)
glmgolden l35 ffn  post       decode rows   86..89   max_abs 3.576e-7  (coefficients, reported)
glmgolden l35 ffn  comb       prompt rows    0..85   max_abs 1.192e-7  (coefficients, reported)
glmgolden l35 ffn  comb       decode rows   86..89   max_abs 5.960e-8  (coefficients, reported)
glmgolden l35 ffn  collapsed  prompt rows    0..85   cosine 1.000000000 (worst row 3 1.000000000)  max_abs 2.384e-6  rel_rms 2.285e-7  PASS
glmgolden l35 ffn  collapsed  decode rows   86..89   cosine 1.000000000 (worst row 89 1.000000000)  max_abs 8.345e-7  rel_rms 4.632e-7  PASS
glmgolden l35 ffn  out        prompt rows    0..85   cosine 1.000000000 (worst row 1 1.000000000)  max_abs 7.153e-7  rel_rms 5.075e-7  PASS
glmgolden l35 ffn  out        decode rows   86..89   cosine 1.000000000 (worst row 88 1.000000000)  max_abs 5.066e-7  rel_rms 6.202e-7  PASS
glmgolden l35 ffn  expanded   prompt rows    0..85   cosine 1.000000000 (worst row 24 1.000000000)  max_abs 1.907e-6  rel_rms 1.285e-7  PASS
glmgolden l35 ffn  expanded   decode rows   86..89   cosine 1.000000000 (worst row 88 1.000000000)  max_abs 8.345e-7  rel_rms 1.531e-7  PASS
glmgolden l35 routing top-8 overlap 1.0000 (90 / 90 rows the same set)
glmgolden l35 dsa selection overlap 1.0000 (90 / 90 rows the same set)
[glmgolden] l36 kda+moe loaded in 1.5 s: 2829387892 B to VRAM, 0 NVFP4 scale bytes 0x7F -> 0x7E (#177)
[glmgolden] l36 computed in 0.05 s (taps synchronize: not a speed figure)
glmgolden l36 attn pre        not compared (HF's hyper-connection does not return it)
glmgolden l36 attn post       prompt rows    0..85   max_abs 2.384e-7  (coefficients, reported)
glmgolden l36 attn post       decode rows   86..89   max_abs 1.192e-7  (coefficients, reported)
glmgolden l36 attn comb       prompt rows    0..85   max_abs 1.192e-7  (coefficients, reported)
glmgolden l36 attn comb       decode rows   86..89   max_abs 5.960e-8  (coefficients, reported)
glmgolden l36 attn collapsed  prompt rows    0..85   cosine 1.000000000 (worst row 80 1.000000000)  max_abs 1.431e-6  rel_rms 2.764e-7  PASS
glmgolden l36 attn collapsed  decode rows   86..89   cosine 1.000000000 (worst row 87 1.000000000)  max_abs 2.384e-7  rel_rms 5.864e-7  PASS
glmgolden l36 attn out        prompt rows    0..85   cosine 1.000000000 (worst row 78 1.000000000)  max_abs 4.172e-6  rel_rms 2.877e-6  PASS
glmgolden l36 attn out        decode rows   86..89   cosine 1.000000000 (worst row 86 1.000000000)  max_abs 1.781e-6  rel_rms 1.662e-6  PASS
glmgolden l36 attn expanded   prompt rows    0..85   cosine 1.000000000 (worst row 78 1.000000000)  max_abs 8.106e-6  rel_rms 1.056e-6  PASS
glmgolden l36 attn expanded   decode rows   86..89   cosine 1.000000000 (worst row 86 1.000000000)  max_abs 3.517e-6  rel_rms 6.990e-7  PASS
glmgolden l36 ffn  pre        not compared (HF's hyper-connection does not return it)
glmgolden l36 ffn  post       prompt rows    0..85   max_abs 2.384e-7  (coefficients, reported)
glmgolden l36 ffn  post       decode rows   86..89   max_abs 2.384e-7  (coefficients, reported)
glmgolden l36 ffn  comb       prompt rows    0..85   max_abs 1.192e-7  (coefficients, reported)
glmgolden l36 ffn  comb       decode rows   86..89   max_abs 1.192e-7  (coefficients, reported)
glmgolden l36 ffn  collapsed  prompt rows    0..85   cosine 1.000000000 (worst row 8 1.000000000)  max_abs 3.815e-6  rel_rms 2.637e-7  PASS
glmgolden l36 ffn  collapsed  decode rows   86..89   cosine 1.000000000 (worst row 89 1.000000000)  max_abs 7.153e-7  rel_rms 4.133e-7  PASS
glmgolden l36 ffn  out        prompt rows    0..85   cosine 1.000000000 (worst row 8 1.000000000)  max_abs 5.662e-7  rel_rms 5.784e-7  PASS
glmgolden l36 ffn  out        decode rows   86..89   cosine 1.000000000 (worst row 88 1.000000000)  max_abs 4.619e-7  rel_rms 6.603e-7  PASS
glmgolden l36 ffn  expanded   prompt rows    0..85   cosine 1.000000000 (worst row 6 1.000000000)  max_abs 1.907e-6  rel_rms 1.034e-7  PASS
glmgolden l36 ffn  expanded   decode rows   86..89   cosine 1.000000000 (worst row 88 1.000000000)  max_abs 9.537e-7  rel_rms 1.410e-7  PASS
glmgolden l36 routing top-8 overlap 1.0000 (90 / 90 rows the same set)
[glmgolden] l37 kda+moe loaded in 1.5 s: 2829387892 B to VRAM, 0 NVFP4 scale bytes 0x7F -> 0x7E (#177)
[glmgolden] l37 computed in 0.05 s (taps synchronize: not a speed figure)
glmgolden l37 attn pre        not compared (HF's hyper-connection does not return it)
glmgolden l37 attn post       prompt rows    0..85   max_abs 3.576e-7  (coefficients, reported)
glmgolden l37 attn post       decode rows   86..89   max_abs 3.576e-7  (coefficients, reported)
glmgolden l37 attn comb       prompt rows    0..85   max_abs 1.192e-7  (coefficients, reported)
glmgolden l37 attn comb       decode rows   86..89   max_abs 5.960e-8  (coefficients, reported)
glmgolden l37 attn collapsed  prompt rows    0..85   cosine 1.000000000 (worst row 43 1.000000000)  max_abs 2.980e-7  rel_rms 4.338e-7  PASS
glmgolden l37 attn collapsed  decode rows   86..89   cosine 1.000000000 (worst row 88 1.000000000)  max_abs 1.192e-7  rel_rms 5.901e-7  PASS
glmgolden l37 attn out        prompt rows    0..85   cosine 1.000000000 (worst row 0 1.000000000)  max_abs 1.360e-6  rel_rms 4.980e-6  PASS
glmgolden l37 attn out        decode rows   86..89   cosine 1.000000000 (worst row 86 1.000000000)  max_abs 4.172e-7  rel_rms 2.298e-6  PASS
glmgolden l37 attn expanded   prompt rows    0..85   cosine 1.000000000 (worst row 56 1.000000000)  max_abs 2.682e-6  rel_rms 4.245e-7  PASS
glmgolden l37 attn expanded   decode rows   86..89   cosine 1.000000000 (worst row 87 1.000000000)  max_abs 9.537e-7  rel_rms 2.036e-7  PASS
glmgolden l37 ffn  pre        not compared (HF's hyper-connection does not return it)
glmgolden l37 ffn  post       prompt rows    0..85   max_abs 2.384e-7  (coefficients, reported)
glmgolden l37 ffn  post       decode rows   86..89   max_abs 2.384e-7  (coefficients, reported)
glmgolden l37 ffn  comb       prompt rows    0..85   max_abs 1.192e-7  (coefficients, reported)
glmgolden l37 ffn  comb       decode rows   86..89   max_abs 5.960e-8  (coefficients, reported)
glmgolden l37 ffn  collapsed  prompt rows    0..85   cosine 1.000000000 (worst row 61 1.000000000)  max_abs 9.537e-7  rel_rms 1.016e-7  PASS
glmgolden l37 ffn  collapsed  decode rows   86..89   cosine 1.000000000 (worst row 86 1.000000000)  max_abs 3.576e-7  rel_rms 1.589e-7  PASS
glmgolden l37 ffn  out        prompt rows    0..85   cosine 1.000000000 (worst row 8 1.000000000)  max_abs 7.451e-7  rel_rms 5.511e-7  PASS
glmgolden l37 ffn  out        decode rows   86..89   cosine 1.000000000 (worst row 86 1.000000000)  max_abs 6.557e-7  rel_rms 5.831e-7  PASS
glmgolden l37 ffn  expanded   prompt rows    0..85   cosine 1.000000000 (worst row 5 1.000000000)  max_abs 1.907e-6  rel_rms 1.170e-7  PASS
glmgolden l37 ffn  expanded   decode rows   86..89   cosine 1.000000000 (worst row 87 1.000000000)  max_abs 8.345e-7  rel_rms 1.294e-7  PASS
glmgolden l37 routing top-8 overlap 1.0000 (90 / 90 rows the same set)
[glmgolden] l38 kda+moe loaded in 1.4 s: 2829387892 B to VRAM, 0 NVFP4 scale bytes 0x7F -> 0x7E (#177)
[glmgolden] l38 computed in 0.05 s (taps synchronize: not a speed figure)
glmgolden l38 attn pre        not compared (HF's hyper-connection does not return it)
glmgolden l38 attn post       prompt rows    0..85   max_abs 3.576e-7  (coefficients, reported)
glmgolden l38 attn post       decode rows   86..89   max_abs 4.768e-7  (coefficients, reported)
glmgolden l38 attn comb       prompt rows    0..85   max_abs 1.192e-7  (coefficients, reported)
glmgolden l38 attn comb       decode rows   86..89   max_abs 1.630e-8  (coefficients, reported)
glmgolden l38 attn collapsed  prompt rows    0..85   cosine 1.000000000 (worst row 24 1.000000000)  max_abs 5.364e-7  rel_rms 2.313e-7  PASS
glmgolden l38 attn collapsed  decode rows   86..89   cosine 1.000000000 (worst row 87 1.000000000)  max_abs 4.172e-7  rel_rms 3.169e-7  PASS
glmgolden l38 attn out        prompt rows    0..85   cosine 1.000000000 (worst row 81 1.000000000)  max_abs 2.619e-6  rel_rms 4.663e-6  PASS
glmgolden l38 attn out        decode rows   86..89   cosine 1.000000000 (worst row 87 1.000000000)  max_abs 6.035e-7  rel_rms 2.376e-6  PASS
glmgolden l38 attn expanded   prompt rows    0..85   cosine 1.000000000 (worst row 80 1.000000000)  max_abs 5.096e-6  rel_rms 4.096e-7  PASS
glmgolden l38 attn expanded   decode rows   86..89   cosine 1.000000000 (worst row 87 1.000000000)  max_abs 9.537e-7  rel_rms 2.202e-7  PASS
glmgolden l38 ffn  pre        not compared (HF's hyper-connection does not return it)
glmgolden l38 ffn  post       prompt rows    0..85   max_abs 2.384e-7  (coefficients, reported)
glmgolden l38 ffn  post       decode rows   86..89   max_abs 2.384e-7  (coefficients, reported)
glmgolden l38 ffn  comb       prompt rows    0..85   max_abs 1.192e-7  (coefficients, reported)
glmgolden l38 ffn  comb       decode rows   86..89   max_abs 5.960e-8  (coefficients, reported)
glmgolden l38 ffn  collapsed  prompt rows    0..85   cosine 1.000000000 (worst row 13 1.000000000)  max_abs 1.907e-6  rel_rms 2.834e-7  PASS
glmgolden l38 ffn  collapsed  decode rows   86..89   cosine 1.000000000 (worst row 86 1.000000000)  max_abs 7.153e-7  rel_rms 4.052e-7  PASS
glmgolden l38 ffn  out        prompt rows    0..85   cosine 1.000000000 (worst row 38 1.000000000)  max_abs 8.196e-7  rel_rms 5.474e-7  PASS
glmgolden l38 ffn  out        decode rows   86..89   cosine 1.000000000 (worst row 86 1.000000000)  max_abs 7.302e-7  rel_rms 6.279e-7  PASS
glmgolden l38 ffn  expanded   prompt rows    0..85   cosine 1.000000000 (worst row 7 1.000000000)  max_abs 1.073e-6  rel_rms 1.284e-7  PASS
glmgolden l38 ffn  expanded   decode rows   86..89   cosine 1.000000000 (worst row 87 1.000000000)  max_abs 9.537e-7  rel_rms 1.675e-7  PASS
glmgolden l38 routing top-8 overlap 1.0000 (90 / 90 rows the same set)
[glmgolden] l39 dsa+moe loaded in 1.6 s: 2851778932 B to VRAM, 0 NVFP4 scale bytes 0x7F -> 0x7E (#177), kv_b to BF16: 14919361 of 16777216 values inexact (RNE)
[glmgolden] l39 computed in 0.05 s (taps synchronize: not a speed figure)
glmgolden l39 attn pre        not compared (HF's hyper-connection does not return it)
glmgolden l39 attn post       prompt rows    0..85   max_abs 2.384e-7  (coefficients, reported)
glmgolden l39 attn post       decode rows   86..89   max_abs 2.980e-7  (coefficients, reported)
glmgolden l39 attn comb       prompt rows    0..85   max_abs 1.937e-7  (coefficients, reported)
glmgolden l39 attn comb       decode rows   86..89   max_abs 1.192e-7  (coefficients, reported)
glmgolden l39 attn collapsed  prompt rows    0..85   cosine 1.000000000 (worst row 83 1.000000000)  max_abs 4.768e-7  rel_rms 9.829e-8  PASS
glmgolden l39 attn collapsed  decode rows   86..89   cosine 1.000000000 (worst row 88 1.000000000)  max_abs 1.043e-7  rel_rms 1.114e-7  PASS
glmgolden l39 attn out        prompt rows    0..85   cosine 0.999993840 (worst row 1 0.999977893)  max_abs 4.384e-3  rel_rms 3.515e-3  PASS
glmgolden l39 attn out        decode rows   86..89   cosine 0.999994985 (worst row 86 0.999994422)  max_abs 3.033e-3  rel_rms 3.169e-3  PASS
glmgolden l39 attn expanded   prompt rows    0..85   cosine 0.999999854 (worst row 80 0.999999657)  max_abs 4.893e-3  rel_rms 5.402e-4  PASS
glmgolden l39 attn expanded   decode rows   86..89   cosine 0.999999884 (worst row 86 0.999999866)  max_abs 2.888e-3  rel_rms 4.823e-4  PASS
glmgolden l39 ffn  pre        not compared (HF's hyper-connection does not return it)
glmgolden l39 ffn  post       prompt rows    0..85   max_abs 2.384e-7  (coefficients, reported)
glmgolden l39 ffn  post       decode rows   86..89   max_abs 2.384e-7  (coefficients, reported)
glmgolden l39 ffn  comb       prompt rows    0..85   max_abs 1.192e-7  (coefficients, reported)
glmgolden l39 ffn  comb       decode rows   86..89   max_abs 1.192e-7  (coefficients, reported)
glmgolden l39 ffn  collapsed  prompt rows    0..85   cosine 1.000000000 (worst row 16 1.000000000)  max_abs 1.192e-6  rel_rms 2.440e-7  PASS
glmgolden l39 ffn  collapsed  decode rows   86..89   cosine 1.000000000 (worst row 87 1.000000000)  max_abs 9.537e-7  rel_rms 5.230e-7  PASS
glmgolden l39 ffn  out        prompt rows    0..85   cosine 1.000000000 (worst row 31 1.000000000)  max_abs 7.153e-7  rel_rms 5.461e-7  PASS
glmgolden l39 ffn  out        decode rows   86..89   cosine 1.000000000 (worst row 87 1.000000000)  max_abs 8.047e-7  rel_rms 7.108e-7  PASS
glmgolden l39 ffn  expanded   prompt rows    0..85   cosine 1.000000000 (worst row 6 1.000000000)  max_abs 2.861e-6  rel_rms 1.206e-7  PASS
glmgolden l39 ffn  expanded   decode rows   86..89   cosine 1.000000000 (worst row 86 1.000000000)  max_abs 1.192e-6  rel_rms 1.635e-7  PASS
glmgolden l39 routing top-8 overlap 1.0000 (90 / 90 rows the same set)
glmgolden l39 dsa selection overlap 1.0000 (90 / 90 rows the same set)
[glmgolden] l40 kda+moe loaded in 1.5 s: 2829387892 B to VRAM, 0 NVFP4 scale bytes 0x7F -> 0x7E (#177)
[glmgolden] l40 computed in 0.05 s (taps synchronize: not a speed figure)
glmgolden l40 attn pre        not compared (HF's hyper-connection does not return it)
glmgolden l40 attn post       prompt rows    0..85   max_abs 4.768e-7  (coefficients, reported)
glmgolden l40 attn post       decode rows   86..89   max_abs 4.172e-7  (coefficients, reported)
glmgolden l40 attn comb       prompt rows    0..85   max_abs 1.192e-7  (coefficients, reported)
glmgolden l40 attn comb       decode rows   86..89   max_abs 1.267e-7  (coefficients, reported)
glmgolden l40 attn collapsed  prompt rows    0..85   cosine 1.000000000 (worst row 84 1.000000000)  max_abs 8.941e-8  rel_rms 2.539e-7  PASS
glmgolden l40 attn collapsed  decode rows   86..89   cosine 1.000000000 (worst row 86 1.000000000)  max_abs 8.941e-8  rel_rms 6.451e-7  PASS
glmgolden l40 attn out        prompt rows    0..85   cosine 1.000000000 (worst row 55 1.000000000)  max_abs 2.369e-6  rel_rms 4.768e-6  PASS
glmgolden l40 attn out        decode rows   86..89   cosine 1.000000000 (worst row 86 1.000000000)  max_abs 5.802e-7  rel_rms 2.441e-6  PASS
glmgolden l40 attn expanded   prompt rows    0..85   cosine 1.000000000 (worst row 76 1.000000000)  max_abs 4.768e-6  rel_rms 6.035e-7  PASS
glmgolden l40 attn expanded   decode rows   86..89   cosine 1.000000000 (worst row 86 1.000000000)  max_abs 1.207e-6  rel_rms 3.240e-7  PASS
glmgolden l40 ffn  pre        not compared (HF's hyper-connection does not return it)
glmgolden l40 ffn  post       prompt rows    0..85   max_abs 2.384e-7  (coefficients, reported)
glmgolden l40 ffn  post       decode rows   86..89   max_abs 1.490e-7  (coefficients, reported)
glmgolden l40 ffn  comb       prompt rows    0..85   max_abs 1.788e-7  (coefficients, reported)
glmgolden l40 ffn  comb       decode rows   86..89   max_abs 1.192e-7  (coefficients, reported)
glmgolden l40 ffn  collapsed  prompt rows    0..85   cosine 1.000000000 (worst row 80 1.000000000)  max_abs 1.431e-6  rel_rms 2.168e-7  PASS
glmgolden l40 ffn  collapsed  decode rows   86..89   cosine 1.000000000 (worst row 89 1.000000000)  max_abs 4.768e-7  rel_rms 1.607e-7  PASS
glmgolden l40 ffn  out        prompt rows    0..85   cosine 1.000000000 (worst row 18 1.000000000)  max_abs 1.788e-6  rel_rms 5.372e-7  PASS
glmgolden l40 ffn  out        decode rows   86..89   cosine 1.000000000 (worst row 86 1.000000000)  max_abs 6.557e-7  rel_rms 6.273e-7  PASS
glmgolden l40 ffn  expanded   prompt rows    0..85   cosine 1.000000000 (worst row 64 1.000000000)  max_abs 1.907e-6  rel_rms 1.431e-7  PASS
glmgolden l40 ffn  expanded   decode rows   86..89   cosine 1.000000000 (worst row 88 1.000000000)  max_abs 1.013e-6  rel_rms 1.656e-7  PASS
glmgolden l40 routing top-8 overlap 1.0000 (90 / 90 rows the same set)
[glmgolden] l41 kda+moe loaded in 1.4 s: 2829387892 B to VRAM, 0 NVFP4 scale bytes 0x7F -> 0x7E (#177)
[glmgolden] l41 computed in 0.05 s (taps synchronize: not a speed figure)
glmgolden l41 attn pre        not compared (HF's hyper-connection does not return it)
glmgolden l41 attn post       prompt rows    0..85   max_abs 2.384e-7  (coefficients, reported)
glmgolden l41 attn post       decode rows   86..89   max_abs 2.384e-7  (coefficients, reported)
glmgolden l41 attn comb       prompt rows    0..85   max_abs 1.192e-7  (coefficients, reported)
glmgolden l41 attn comb       decode rows   86..89   max_abs 1.192e-7  (coefficients, reported)
glmgolden l41 attn collapsed  prompt rows    0..85   cosine 1.000000000 (worst row 8 1.000000000)  max_abs 8.941e-8  rel_rms 2.575e-7  PASS
glmgolden l41 attn collapsed  decode rows   86..89   cosine 1.000000000 (worst row 89 1.000000000)  max_abs 1.490e-8  rel_rms 1.697e-7  PASS
glmgolden l41 attn out        prompt rows    0..85   cosine 1.000000000 (worst row 74 1.000000000)  max_abs 2.444e-6  rel_rms 5.069e-6  PASS
glmgolden l41 attn out        decode rows   86..89   cosine 1.000000000 (worst row 86 1.000000000)  max_abs 9.872e-7  rel_rms 2.864e-6  PASS
glmgolden l41 attn expanded   prompt rows    0..85   cosine 1.000000000 (worst row 76 1.000000000)  max_abs 4.888e-6  rel_rms 7.977e-7  PASS
glmgolden l41 attn expanded   decode rows   86..89   cosine 1.000000000 (worst row 86 1.000000000)  max_abs 1.930e-6  rel_rms 4.799e-7  PASS
glmgolden l41 ffn  pre        not compared (HF's hyper-connection does not return it)
glmgolden l41 ffn  post       prompt rows    0..85   max_abs 1.788e-7  (coefficients, reported)
glmgolden l41 ffn  post       decode rows   86..89   max_abs 2.384e-7  (coefficients, reported)
glmgolden l41 ffn  comb       prompt rows    0..85   max_abs 1.788e-7  (coefficients, reported)
glmgolden l41 ffn  comb       decode rows   86..89   max_abs 1.192e-7  (coefficients, reported)
glmgolden l41 ffn  collapsed  prompt rows    0..85   cosine 1.000000000 (worst row 8 1.000000000)  max_abs 1.431e-6  rel_rms 2.080e-7  PASS
glmgolden l41 ffn  collapsed  decode rows   86..89   cosine 1.000000000 (worst row 87 1.000000000)  max_abs 1.907e-6  rel_rms 5.969e-7  PASS
glmgolden l41 ffn  out        prompt rows    0..85   cosine 1.000000000 (worst row 8 1.000000000)  max_abs 3.099e-6  rel_rms 5.308e-7  PASS
glmgolden l41 ffn  out        decode rows   86..89   cosine 1.000000000 (worst row 87 1.000000000)  max_abs 8.941e-7  rel_rms 6.882e-7  PASS
glmgolden l41 ffn  expanded   prompt rows    0..85   cosine 1.000000000 (worst row 59 1.000000000)  max_abs 2.146e-6  rel_rms 1.569e-7  PASS
glmgolden l41 ffn  expanded   decode rows   86..89   cosine 1.000000000 (worst row 86 1.000000000)  max_abs 9.537e-7  rel_rms 1.987e-7  PASS
glmgolden l41 routing top-8 overlap 1.0000 (90 / 90 rows the same set)
[glmgolden] l42 kda+moe loaded in 1.4 s: 2829387892 B to VRAM, 0 NVFP4 scale bytes 0x7F -> 0x7E (#177)
[glmgolden] l42 computed in 0.05 s (taps synchronize: not a speed figure)
glmgolden l42 attn pre        not compared (HF's hyper-connection does not return it)
glmgolden l42 attn post       prompt rows    0..85   max_abs 3.576e-7  (coefficients, reported)
glmgolden l42 attn post       decode rows   86..89   max_abs 2.384e-7  (coefficients, reported)
glmgolden l42 attn comb       prompt rows    0..85   max_abs 1.788e-7  (coefficients, reported)
glmgolden l42 attn comb       decode rows   86..89   max_abs 5.960e-8  (coefficients, reported)
glmgolden l42 attn collapsed  prompt rows    0..85   cosine 1.000000000 (worst row 25 1.000000000)  max_abs 2.623e-6  rel_rms 2.465e-7  PASS
glmgolden l42 attn collapsed  decode rows   86..89   cosine 1.000000000 (worst row 89 1.000000000)  max_abs 1.192e-6  rel_rms 2.748e-7  PASS
glmgolden l42 attn out        prompt rows    0..85   cosine 1.000000000 (worst row 55 1.000000000)  max_abs 5.215e-6  rel_rms 3.648e-6  PASS
glmgolden l42 attn out        decode rows   86..89   cosine 1.000000000 (worst row 89 1.000000000)  max_abs 1.177e-6  rel_rms 1.645e-6  PASS
glmgolden l42 attn expanded   prompt rows    0..85   cosine 1.000000000 (worst row 80 1.000000000)  max_abs 1.013e-5  rel_rms 1.025e-6  PASS
glmgolden l42 attn expanded   decode rows   86..89   cosine 1.000000000 (worst row 86 1.000000000)  max_abs 2.384e-6  rel_rms 5.050e-7  PASS
glmgolden l42 ffn  pre        not compared (HF's hyper-connection does not return it)
glmgolden l42 ffn  post       prompt rows    0..85   max_abs 1.788e-7  (coefficients, reported)
glmgolden l42 ffn  post       decode rows   86..89   max_abs 3.576e-7  (coefficients, reported)
glmgolden l42 ffn  comb       prompt rows    0..85   max_abs 2.980e-7  (coefficients, reported)
glmgolden l42 ffn  comb       decode rows   86..89   max_abs 2.384e-7  (coefficients, reported)
glmgolden l42 ffn  collapsed  prompt rows    0..85   cosine 1.000000000 (worst row 70 1.000000000)  max_abs 3.815e-6  rel_rms 2.525e-7  PASS
glmgolden l42 ffn  collapsed  decode rows   86..89   cosine 1.000000000 (worst row 89 1.000000000)  max_abs 9.537e-7  rel_rms 1.740e-7  PASS
glmgolden l42 ffn  out        prompt rows    0..85   cosine 1.000000000 (worst row 4 1.000000000)  max_abs 5.722e-6  rel_rms 5.120e-7  PASS
glmgolden l42 ffn  out        decode rows   86..89   cosine 1.000000000 (worst row 89 1.000000000)  max_abs 1.073e-6  rel_rms 5.786e-7  PASS
glmgolden l42 ffn  expanded   prompt rows    0..85   cosine 1.000000000 (worst row 55 1.000000000)  max_abs 5.722e-6  rel_rms 2.113e-7  PASS
glmgolden l42 ffn  expanded   decode rows   86..89   cosine 1.000000000 (worst row 88 1.000000000)  max_abs 1.401e-6  rel_rms 2.331e-7  PASS
glmgolden l42 routing top-8 overlap 1.0000 (90 / 90 rows the same set)
[glmgolden] l43 dsa+moe loaded in 1.5 s: 2851778932 B to VRAM, 0 NVFP4 scale bytes 0x7F -> 0x7E (#177), kv_b to BF16: 3006083 of 16777216 values inexact (RNE)
[glmgolden] l43 computed in 0.05 s (taps synchronize: not a speed figure)
glmgolden l43 attn pre        not compared (HF's hyper-connection does not return it)
glmgolden l43 attn post       prompt rows    0..85   max_abs 1.788e-7  (coefficients, reported)
glmgolden l43 attn post       decode rows   86..89   max_abs 3.576e-7  (coefficients, reported)
glmgolden l43 attn comb       prompt rows    0..85   max_abs 2.384e-7  (coefficients, reported)
glmgolden l43 attn comb       decode rows   86..89   max_abs 2.384e-7  (coefficients, reported)
glmgolden l43 attn collapsed  prompt rows    0..85   cosine 1.000000000 (worst row 81 1.000000000)  max_abs 3.815e-6  rel_rms 3.055e-7  PASS
glmgolden l43 attn collapsed  decode rows   86..89   cosine 1.000000000 (worst row 88 1.000000000)  max_abs 2.861e-6  rel_rms 5.734e-7  PASS
glmgolden l43 attn out        prompt rows    0..85   cosine 0.999994406 (worst row 0 0.999991383)  max_abs 1.168e-2  rel_rms 3.345e-3  PASS
glmgolden l43 attn out        decode rows   86..89   cosine 0.999994678 (worst row 88 0.999994261)  max_abs 8.722e-3  rel_rms 3.264e-3  PASS
glmgolden l43 attn expanded   prompt rows    0..85   cosine 0.999999767 (worst row 1 0.999999510)  max_abs 1.112e-2  rel_rms 6.828e-4  PASS
glmgolden l43 attn expanded   decode rows   86..89   cosine 0.999999767 (worst row 87 0.999999749)  max_abs 5.345e-3  rel_rms 6.830e-4  PASS
glmgolden l43 ffn  pre        not compared (HF's hyper-connection does not return it)
glmgolden l43 ffn  post       prompt rows    0..85   max_abs 2.384e-7  (coefficients, reported)
glmgolden l43 ffn  post       decode rows   86..89   max_abs 1.192e-7  (coefficients, reported)
glmgolden l43 ffn  comb       prompt rows    0..85   max_abs 2.384e-7  (coefficients, reported)
glmgolden l43 ffn  comb       decode rows   86..89   max_abs 2.384e-7  (coefficients, reported)
glmgolden l43 ffn  collapsed  prompt rows    0..85   cosine 1.000000000 (worst row 49 1.000000000)  max_abs 5.722e-6  rel_rms 2.395e-7  PASS
glmgolden l43 ffn  collapsed  decode rows   86..89   cosine 1.000000000 (worst row 86 1.000000000)  max_abs 5.722e-6  rel_rms 3.716e-7  PASS
glmgolden l43 ffn  out        prompt rows    0..85   cosine 1.000000000 (worst row 58 1.000000000)  max_abs 4.768e-6  rel_rms 4.512e-7  PASS
glmgolden l43 ffn  out        decode rows   86..89   cosine 1.000000000 (worst row 87 1.000000000)  max_abs 2.861e-6  rel_rms 5.350e-7  PASS
glmgolden l43 ffn  expanded   prompt rows    0..85   cosine 1.000000000 (worst row 5 1.000000000)  max_abs 9.537e-6  rel_rms 2.345e-7  PASS
glmgolden l43 ffn  expanded   decode rows   86..89   cosine 1.000000000 (worst row 86 1.000000000)  max_abs 3.576e-6  rel_rms 2.470e-7  PASS
glmgolden l43 routing top-8 overlap 1.0000 (90 / 90 rows the same set)
glmgolden l43 dsa selection overlap 1.0000 (90 / 90 rows the same set)
[glmgolden] l44 kda+moe loaded in 1.4 s: 2829387892 B to VRAM, 0 NVFP4 scale bytes 0x7F -> 0x7E (#177)
[glmgolden] l44 computed in 0.05 s (taps synchronize: not a speed figure)
glmgolden l44 attn pre        not compared (HF's hyper-connection does not return it)
glmgolden l44 attn post       prompt rows    0..85   max_abs 2.384e-7  (coefficients, reported)
glmgolden l44 attn post       decode rows   86..89   max_abs 4.768e-7  (coefficients, reported)
glmgolden l44 attn comb       prompt rows    0..85   max_abs 1.788e-7  (coefficients, reported)
glmgolden l44 attn comb       decode rows   86..89   max_abs 1.192e-7  (coefficients, reported)
glmgolden l44 attn collapsed  prompt rows    0..85   cosine 1.000000000 (worst row 76 1.000000000)  max_abs 3.576e-7  rel_rms 2.027e-7  PASS
glmgolden l44 attn collapsed  decode rows   86..89   cosine 1.000000000 (worst row 88 1.000000000)  max_abs 2.682e-7  rel_rms 6.597e-7  PASS
glmgolden l44 attn out        prompt rows    0..85   cosine 1.000000000 (worst row 68 1.000000000)  max_abs 4.932e-5  rel_rms 9.002e-6  PASS
glmgolden l44 attn out        decode rows   86..89   cosine 1.000000000 (worst row 86 1.000000000)  max_abs 8.345e-6  rel_rms 1.806e-6  PASS
glmgolden l44 attn expanded   prompt rows    0..85   cosine 1.000000000 (worst row 80 1.000000000)  max_abs 9.775e-5  rel_rms 2.766e-6  PASS
glmgolden l44 attn expanded   decode rows   86..89   cosine 1.000000000 (worst row 89 1.000000000)  max_abs 1.669e-5  rel_rms 6.116e-7  PASS
glmgolden l44 ffn  pre        not compared (HF's hyper-connection does not return it)
glmgolden l44 ffn  post       prompt rows    0..85   max_abs 2.384e-7  (coefficients, reported)
glmgolden l44 ffn  post       decode rows   86..89   max_abs 2.384e-7  (coefficients, reported)
glmgolden l44 ffn  comb       prompt rows    0..85   max_abs 2.980e-7  (coefficients, reported)
glmgolden l44 ffn  comb       decode rows   86..89   max_abs 1.788e-7  (coefficients, reported)
glmgolden l44 ffn  collapsed  prompt rows    0..85   cosine 1.000000000 (worst row 11 1.000000000)  max_abs 3.815e-6  rel_rms 1.364e-7  PASS
glmgolden l44 ffn  collapsed  decode rows   86..89   cosine 1.000000000 (worst row 88 1.000000000)  max_abs 6.676e-6  rel_rms 3.160e-7  PASS
glmgolden l44 ffn  out        prompt rows    0..85   cosine 1.000000000 (worst row 65 1.000000000)  max_abs 4.578e-5  rel_rms 3.311e-7  PASS
glmgolden l44 ffn  out        decode rows   86..89   cosine 1.000000000 (worst row 86 1.000000000)  max_abs 1.287e-5  rel_rms 4.441e-7  PASS
glmgolden l44 ffn  expanded   prompt rows    0..85   cosine 1.000000000 (worst row 78 1.000000000)  max_abs 9.155e-5  rel_rms 2.735e-7  PASS
glmgolden l44 ffn  expanded   decode rows   86..89   cosine 1.000000000 (worst row 86 1.000000000)  max_abs 2.289e-5  rel_rms 3.569e-7  PASS
glmgolden l44 routing top-8 overlap 1.0000 (90 / 90 rows the same set)
glmgolden head mean       prompt rows    0..85   cosine 1.000000000  max_abs 3.815e-6  (host mean of the head input, reported)
glmgolden head mean       decode rows   86..89   cosine 1.000000000  max_abs 9.537e-7  (host mean of the head input, reported)
glmgolden head norm       prompt rows    0..85   cosine 1.000000000 (worst row 70 1.000000000)  max_abs 2.861e-6  rel_rms 6.735e-8  PASS
glmgolden head norm       decode rows   86..89   cosine 1.000000000 (worst row 89 1.000000000)  max_abs 1.431e-6  rel_rms 8.690e-8  PASS
glmgolden head logits     prompt rows    0..85   cosine 1.000000000 (worst row 0 1.000000000)  max_abs 7.629e-6  rel_rms 2.311e-7  PASS
glmgolden head top-1      prompt rows    0..85   86 / 86 rows agree
glmgolden head logits     decode rows   86..89   cosine 1.000000000 (worst row 86 1.000000000)  max_abs 4.768e-6  rel_rms 2.144e-7  PASS
glmgolden head top-1      decode rows   86..89   4 / 4 rows agree
glmgolden logits anchor 85    cosine 1.000000000  max_abs 3.815e-6  rel_rms 2.199e-7  greedy 16 (golden 16)  PASS
glmgolden logits anchor 86    cosine 1.000000000  max_abs 4.768e-6  rel_rms 2.526e-7  greedy 271 (golden 271)  PASS
glmgolden logits anchor 87    cosine 1.000000000  max_abs 3.338e-6  rel_rms 2.590e-7  greedy 817 (golden 817)  PASS
glmgolden logits anchor 88    cosine 1.000000000  max_abs 3.815e-6  rel_rms 2.040e-7  greedy 4680 (golden 4680)  PASS
glmgolden logits anchor 89    cosine 1.000000000  max_abs 3.815e-6  rel_rms 2.629e-7  greedy 389 (golden 389)  PASS
glmgolden 1-cos of the layer output by depth: l0 2.98e-13, l1 1.97e-13, l2 2.67e-13, l3 6.04e-13, l4 5.78e-14, l5 9.03e-14, l6 7.83e-14, l7 6.07e-14, l8 1.02e-13, l9 8.33e-14, l10 8.40e-14, l11 4.61e-14, l12 1.08e-13, l13 8.26e-14, l14 8.27e-14, l15 6.81e-14, l16 5.72e-14, l17 6.71e-14, l18 2.34e-13, l19 7.47e-14, l20 8.57e-14, l21 7.47e-14, l22 9.89e-14, l23 1.66e-13, l24 1.89e-13, l25 5.44e-14, l26 1.38e-13, l27 2.02e-13, l28 1.56e-13, l29 2.47e-13, l30 1.44e-13, l31 1.70e-13, l32 1.79e-13, l33 1.99e-13, l34 1.96e-13, l35 1.61e-13, l36 1.04e-13, l37 1.83e-13, l38 9.96e-14, l39 2.13e-13, l40 1.81e-13, l41 1.85e-13, l42 2.39e-13, l43 1.83e-13, l44 2.89e-13
glmgolden: ALL PASS (0 of 549 G3 rows failed)

real	1m13.978s
user	0m0.015s
sys	0m0.000s
rc=0
