p 3 0 1 4 7 8 9 10 11 12 14 16 18 20 21 22 23 24 26 27 28 31 32 33 34 35 37 39 41 42 43 45 46 47 48 50 51 54 55 56 58 59 60 63 64 65 66 67 69 70 71 73 74 75 77 80 82 83 84 86 87 88 91 93 95 96 100 101 102 103 106 107 108 109 110 111 113 114 115 116 117 118 119 120 121 122 124 125 126 127 130 131 132 133 134 135 136 137 138 140 141 143 146 147 148 149 150 151 152 157 158 160 162 164 166 168 169 170 172 173 174 175 176 178 179 181 182 184 185 187 190 192 194 195 196 197 200 201 203 204 208 210 211 212 213 215 217 219 221 222 224 225 227 229 230 231 233 235 238 239 240 242 243 244 245 246 249 250 251 253 254 255 256 257 258 259 260 263 266 267 269 270 271 272 273 274 275 276 277 278 280 282 283 284 286 287 284 284 284 284 284
p 4 0 2 3 5 6 7 8 10 11 12 13 14 15 16 19 20 21 22 23 25 26 27 28 29 30 32 33 34 35 36 37 38 40 42 44 47 49 50 52 53 55 56 57 58 59 61 63 66 67 68 71 72 74 76 77 78 79 80 81 82 83 84 88 89 90 91 94 95 97 99 100 101 102 103 104 105 106 107 109 112 113 115 116 117 118 119 120 121 122 124 125 126 127 128 129 130 131 132 133 134 135 136 137 138 139 140 144 145 146 147 149 150 151 152 154 157 161 162 163 166 167 173 174 178 179 180 181 182 183 184 185 186 187 188 189 192 193 197 199 202 204 205 206 207 208 209 210 211 212 213 214 217 218 219 220 221 222 224 225 226 227 228 229 231 232 233 234 235 236 237 238 241 242 246 247 248 249 251 252 253 254 255 256 258 261 262 264 265 266 267 270 271 272 273 275 276 277 280 282 283 284 285 286 287 284 284 284 284
p 5 0 2 3 4 5 6 7 9 10 11 12 13 14 15 16 18 19 21 22 23 24 25 28 30 33 34 37 38 39 41 42 44 46 47 48 49 50 53 54 55 58 59 60 62 63 64 65 66 69 70 71 72 74 76 77 78 79 80 82 84 85 86 87 89 92 93 96 97 98 99 100 101 103 104 105 106 107 108 110 111 112 114 115 117 118 119 121 123 124 126 130 131 133 134 135 136 137 138 139 144 145 146 148 151 153 154 155 156 157 158 159 160 162 163 164 165 166 167 168 170 172 176 177 178 179 180 182 183 184 185 188 189 190 191 193 195 196 197 198 199 200 201 205 206 207 209 210 211 213 215 217 218 219 223 224 226 228 230 231 232 233 234 236 237 239 242 243 245 247 250 251 252 254 255 257 258 259 260 264 265 266 268 269 271 272 273 274 275 276 277 278 279 280 281 282 283 285 286 287 280
p 6 0 2 4 6 7 8 10 11 13 14 15 17 18 19 20 21 22 23 24 30 33 42 43 45 46 49 50 52 54 56 57 58 61 62 63 64 66 68 72 74 75 76 78 80 81 82 83 85 87 89 90 92 93 94 95 97 98 100 101 103 105 106 107 109 110 111 112 113 114 115 118 120 123 126 127 128 129 132 134 136 137 138 139 140 141 142 143 145 146 147 148 154 155 156 158 159 161 163 164 165 166 167 169 172 173 174 175 176 177 179 180 181 182 183 184 185 186 188 190 191 192 194 196 197 200 202 205 206 208 210 211 214 215 217 219 220 221 222 224 225 226 228 229 230 233 234 235 236 237 238 240 242 245 247 249 250 251 252 254 256 257 258 259 262 264 266 267 268 269 270 271 272 273 274 276 277 278 280 281 283 284 285 286 287
p 7 0 2 3 4 5 6 7 8 11 12 14 15 16 22 23 27 28 29 31 35 39 40 41 42 44 45 48 50 51 52 55 57 60 62 64 67 68 69 71 77 78 80 83 84 86 88 89 94 95 96 98 100 101 103 104 106 109 112 114 117 118 120 122 124 127 128 129 131 135 140 141 143 145 151 156 157 159 162 163 165 166 172 174 175 176 177 179 180 181 183 185 188 191 194 195 199 203 204 207 208 209 210 211 213 215 217 218 221 228 230 235 237 238 239 243 244 245 246 247 249 250 252 253 255 256 257 259 261 264 265 273 275 278 280 282 283 287 287 287 287 287 287 287 287
p 8 0 3 5 8 10 16 18 20 21 22 23 24 25 26 29 31 32 35 41 45 46 49 50 54 55 56 58 60 62 66 67 68 70 71 72 73 75 77 78 79 80 81 82 84 85 88 90 91 92 94 95 96 98 99 101 104 105 106 107 108 109 111 112 114 116 117 118 119 120 121 123 125 126 129 130 131 132 133 134 135 136 138 140 141 143 146 147 148 149 150 152 154 156 157 159 162 164 167 169 170 172 177 179 180 184 186 188 192 193 194 197 199 200 203 205 206 208 209 210 211 214 215 220 221 222 223 227 228 229 234 235 244 245 246 247 249 250 251 252 253 254 255 256 258 259 260 261 263 265 266 268 270 271 272 273 275 277 280 281 282 283 284 285 287 283 283 283 283
p 9 1 5 6 7 8 9 15 16 17 21 24 25 28 29 30 31 32 37 38 39 40 43 44 45 46 47 48 49 50 53 56 58 59 60 62 63 66 67 68 69 70 71 72 73 75 77 79 80 81 82 83 84 85 86 88 89 90 91 92 93 94 95 96 99 101 102 104 107 109 110 111 118 119 123 124 125 126 129 131 133 134 137 138 141 142 143 148 150 152 153 155 157 158 160 162 163 165 167 168 169 170 171 172 174 177 180 181 185 188 189 191 192 195 196 201 202 203 204 205 207 208 216 217 218 219 221 222 225 227 228 231 233 235 236 238 239 240 242 243 244 245 249 251 252 253 255 256 257 258 260 266 267 269 272 273 274 277 278 279 281 282 284 282 282 282 282 282 282
p 10 2 3 8 10 11 12 13 14 15 18 19 20 22 23 24 26 28 29 32 37 39 40 42 44 45 46 47 49 51 52 55 56 60 62 63 65 68 69 71 76 77 78 79 80 81 82 83 84 85 86 87 88 90 91 93 94 95 97 99 100 101 102 103 106 108 111 112 113 114 116 117 118 119 120 121 122 123 126 127 130 132 133 134 135 137 139 143 144 146 148 149 151 153 154 155 156 157 158 160 163 164 165 166 167 168 171 173 174 176 178 181 182 183 184 185 187 190 191 192 193 194 196 197 198 200 201 202 204 205 206 207 208 214 216 217 218 219 220 223 224 225 232 233 234 235 236 237 239 241 244 246 251 252 253 255 256 257 259 261 264 265 266 268 271 272 273 274 276 277 278 279 280 284 285 286 277
p 11 2 3 9 12 13 14 16 17 18 20 21 22 24 29 30 31 32 33 37 39 42 43 46 47 48 50 51 52 53 54 55 58 59 60 61 62 65 69 71 73 75 78 80 82 83 84 87 90 91 92 94 96 97 100 103 105 106 108 109 110 111 114 115 116 117 119 120 121 122 123 125 127 129 132 135 136 137 138 139 140 141 142 145 146 147 148 150 151 153 154 157 159 163 164 165 167 168 169 171 175 177 179 186 191 192 193 194 195 196 201 202 206 209 211 214 215 219 220 223 225 226 228 231 232 233 234 236 238 239 242 245 246 247 248 250 255 256 257 258 259 260 263 264 265 266 268 269 271 273 274 275 276 277 280 281 285 286 277 277 277
p 12 0 6 7 8 9 11 14 15 16 17 18 21 22 31 32 34 36 38 42 43 44 46 47 49 50 51 52 53 54 57 59 60 62 66 69 74 75 76 78 80 83 84 86 87 89 91 92 93 97 98 99 100 101 104 106 107 109 112 114 117 118 120 123 124 125 127 128 130 134 139 140 142 143 145 147 148 152 154 155 157 158 159 160 161 164 166 167 169 173 175 176 177 179 181 182 183 186 191 192 194 196 198 199 201 202 204 205 206 209 214 216 221 222 224 225 227 233 234 236 237 238 240 243 244 245 249 251 252 253 255 257 258 259 260 263 264 268 270 273 275 276 277 278 279 285 286 287 285 285 285 285 285
p 13 2 7 8 9 11 13 15 21 25 27 28 31 37 38 39 42 43 49 51 54 55 56 57 58 59 64 65 67 70 71 72 74 75 77 78 82 85 87 89 91 92 93 94 96 97 100 101 104 105 108 110 112 115 117 119 120 121 124 125 126 127 130 131 132 133 137 139 143 144 145 149 150 151 152 153 154 156 157 160 161 164 165 167 171 172 173 174 177 178 179 182 183 185 186 187 188 191 195 196 197 198 200 202 204 205 209 212 218 222 223 225 226 227 228 232 233 238 242 247 249 251 254 255 256 258 262 263 265 267 268 272 274 277 279 282 286
p 14 0 1 2 3 5 6 13 15 17 19 21 22 23 25 33 43 46 48 50 53 54 57 58 62 65 70 72 74 75 76 83 86 88 90 94 97 98 104 107 110 111 113 114 115 117 119 120 121 122 123 125 126 129 131 132 136 137 138 139 140 141 146 147 148 149 150 152 153 158 159 160 162 164 166 170 172 173 177 179 182 184 200 202 204 207 211 212 215 219 220 221 222 223 224 226 229 230 231 232 234 235 236 239 241 243 247 249 251 252 253 259 261 262 265 266 268 270 273 274 277 278 282 283 284 285 286 287 278
p 15 2 12 14 15 18 19 20 21 23 25 29 30 31 33 34 35 36 37 38 39 44 45 47 48 49 50 51 53 57 61 62 63 66 67 69 70 73 79 86 89 90 91 93 96 99 101 102 104 110 112 115 116 118 121 122 123 128 130 131 134 135 136 142 144 146 147 152 153 154 155 157 158 159 161 162 165 166 168 169 170 172 173 174 175 178 180 181 183 185 188 190 192 193 200 205 206 207 208 210 211 214 215 216 220 221 223 225 226 229 231 232 234 235 236 238 239 240 241 245 246 249 250 251 252 255 256 257 259 262 265 266 267 268 270 273 275 278 280 281 282 283 284 285 287
p 16 1 8 9 13 18 24 25 26 29 31 32 33 38 39 42 46 49 50 52 56 58 59 60 61 65 70 71 73 77 78 80 82 84 85 90 91 94 95 99 101 102 103 108 109 110 112 114 115 116 120 123 125 130 134 135 136 140 142 143 146 147 152 153 156 157 158 168 171 172 173 176 179 181 183 188 189 191 192 193 195 196 197 198 199 207 209 210 211 215 217 218 221 222 224 226 227 228 229 230 231 232 233 239 242 244 245 247 250 255 256 260 262 264 265 266 268 271 273 274 275 278 280 281 284 285 286 287 278
p 17 0 2 7 8 9 11 15 18 25 26 27 32 34 35 39 40 41 44 45 46 49 53 54 57 59 60 61 63 67 68 70 72 74 76 78 81 83 84 85 86 87 88 89 92 93 95 98 102 103 107 108 115 117 118 119 120 121 124 128 131 135 136 138 139 141 145 147 148 154 155 163 165 167 175 179 181 187 189 190 191 192 196 197 198 201 202 203 206 208 210 215 216 219 221 222 226 229 233 236 239 240 242 244 247 250 251 252 253 254 256 260 262 265 267 269 272 275 278 279 280 282 283 284 285 286 282 282 282
p 18 1 3 5 6 7 10 12 18 21 29 31 33 34 36 37 42 47 48 49 54 57 61 62 63 66 70 73 74 75 78 79 80 83 87 90 93 97 99 101 102 103 104 106 107 110 114 123 124 125 129 132 135 137 140 141 144 150 151 152 153 154 156 157 158 160 163 164 170 172 173 174 175 178 179 183 187 193 196 208 210 214 215 220 223 224 231 233 234 237 239 240 242 243 246 248 250 254 255 261 262 265 267 278 279 281 283 284 285 281 281 281 281
p 19 1 2 5 6 8 10 11 12 14 15 20 21 24 25 30 36 39 41 42 44 46 47 48 51 53 55 56 57 58 62 63 64 69 72 73 74 76 79 80 81 82 84 87 90 97 98 99 101 102 103 105 108 112 114 116 118 120 127 129 132 133 134 135 136 140 141 146 149 150 151 154 156 157 159 162 165 173 174 175 179 183 184 190 194 197 199 200 203 206 207 208 210 212 218 219 221 224 225 226 227 230 233 236 238 239 241 242 243 246 249 252 254 255 257 263 266 268 269 270 271 274 275 277 281 284 285 286 274
p 20 3 4 5 12 14 17 18 25 29 32 33 34 36 37 38 41 46 48 49 50 52 55 56 60 64 65 66 67 68 69 71 74 77 78 79 89 90 92 101 108 109 111 114 116 118 119 122 126 127 130 133 136 137 140 141 143 147 148 149 159 164 166 169 171 172 173 175 180 181 191 199 201 203 207 210 212 213 215 216 218 226 227 230 232 234 242 245 246 250 254 259 261 262 263 264 266 268 269 270 273 279 281 268 268
p 21 3 4 6 10 11 12 13 14 15 21 22 28 29 30 32 33 35 36 40 41 44 48 50 51 52 56 63 67 70 71 76 77 78 79 80 82 84 88 89 90 94 95 97 98 99 104 107 108 116 118 122 123 124 126 127 128 131 132 133 135 137 139 141 142 143 147 151 154 157 159 160 164 165 168 169 174 177 178 181 183 185 187 188 189 190 191 197 198 203 205 206 207 208 213 215 216 217 219 221 224 227 228 230 231 235 244 248 250 257 263 264 265 267 268 269 275 277 281 283 284
p 22 0 9 12 15 16 17 18 25 26 29 34 35 38 42 43 46 47 53 55 61 63 65 67 69 84 85 89 92 94 95 103 105 106 109 112 113 117 118 120 122 125 126 127 128 129 130 132 133 134 135 137 140 142 145 146 147 150 154 155 158 160 161 164 165 166 170 173 175 178 180 181 182 188 189 190 191 192 193 194 195 196 199 200 206 209 210 215 216 217 218 223 232 235 237 238 241 244 247 248 250 251 252 253 260 262 266 268 272 273 277 279 280 281 282 285 281 281 281 281 281
p 23 1 2 3 4 11 13 18 19 20 21 25 29 30 31 32 35 36 37 40 46 49 50 52 53 56 57 58 60 62 67 70 75 76 80 82 83 84 86 87 92 93 94 95 101 105 107 108 110 111 114 118 120 121 122 123 124 125 126 127 130 132 133 134 135 136 137 138 140 145 147 150 152 154 155 158 160 163 164 166 167 173 175 176 178 180 182 187 188 190 191 192 197 200 202 205 207 210 211 212 213 214 218 222 223 224 226 228 231 234 242 245 248 249 250 251 255 259 260 262 264 267 269 272 276 284 287 267 267
p 24 0 3 4 6 7 13 15 17 20 23 29 31 34 35 38 42 44 45 46 50 52 54 55 56 58 59 64 69 73 75 81 83 84 86 92 94 95 97 98 103 104 106 108 110 111 116 118 122 125 126 128 133 135 136 138 139 141 142 143 144 145 147 148 152 155 157 158 159 162 164 165 168 169 171 172 173 174 175 176 178 180 182 184 185 188 194 197 198 200 201 202 205 207 212 214 215 217 218 222 225 227 228 229 230 231 232 233 235 239 240 241 243 245 247 251 255 259 260 262 264 265 267 269 270 272 275 277 278 279 280 283 284 286 279 279 279
p 25 0 1 5 9 11 12 13 17 21 22 24 25 27 28 29 32 35 36 37 38 39 41 44 45 47 50 53 54 56 57 61 63 64 68 70 72 73 76 77 80 81 82 83 86 90 94 95 96 99 102 103 105 108 110 112 113 114 115 116 117 118 119 122 123 125 127 129 133 134 135 140 142 143 145 149 150 151 153 156 158 159 161 166 172 176 177 179 181 185 192 194 195 197 200 201 204 210 213 216 219 221 223 225 230 231 234 235 236 241 245 250 258 259 264 266 269 270 272 273 274 277 278 283 285 277 277 277 277
p 26 0 1 2 4 5 6 7 12 14 15 17 18 19 23 25 26 30 31 32 34 37 38 39 40 44 47 53 54 55 57 58 59 63 64 65 68 71 73 79 80 81 84 86 89 92 93 95 96 101 103 105 106 108 109 111 113 115 117 123 125 127 128 129 131 132 134 137 138 141 146 152 154 157 159 160 162 163 164 167 168 169 170 172 173 178 184 186 188 190 191 193 195 197 198 201 203 204 206 208 212 213 214 215 216 217 224 225 231 233 235 236 237 239 240 245 252 254 256 257 258 260 261 263 268 270 271 273 275 277 279 280 282 285 286 287 277
p 27 1 7 9 10 12 13 14 21 27 29 31 32 33 37 38 42 47 48 49 50 51 52 53 54 56 57 58 59 60 62 67 69 70 75 77 78 83 84 86 87 88 89 90 97 99 100 103 104 108 110 111 117 119 121 124 125 129 130 133 134 136 138 139 141 143 145 146 148 151 152 153 156 158 160 163 164 166 167 169 170 172 173 174 175 176 177 184 185 187 191 197 200 201 203 204 205 209 215 216 218 227 229 230 237 240 241 244 246 248 250 251 252 255 256 257 259 261 264 266 270 271 272 273 276 277 280 281 285 287 287 287 287 287 287 287 287
p 28 1 2 3 6 10 12 14 17 19 21 24 31 33 35 36 39 40 42 44 45 46 47 48 50 51 54 56 60 62 66 68 71 73 75 79 83 84 89 90 91 92 95 102 104 106 108 109 115 116 118 120 121 122 123 127 131 136 137 144 146 147 150 153 155 156 157 159 160 162 163 165 166 167 169 170 174 175 182 185 187 190 192 194 195 197 199 200 201 202 203 208 210 214 215 217 218 219 221 223 224 226 228 229 230 231 235 237 238 240 241 243 244 245 247 248 251 252 253 255 256 258 259 261 268 269 274 277 279 280 281 286 287 280 280 280 280
p 29 0 1 2 5 7 8 9 11 12 15 16 18 20 22 25 26 28 30 33 34 35 36 37 40 42 44 45 46 47 49 50 52 54 55 56 57 58 59 61 63 64 66 69 74 75 76 77 78 80 83 84 85 86 88 89 93 96 99 100 101 102 103 105 109 111 113 115 125 126 127 129 130 135 137 138 148 149 152 154 157 158 159 160 161 162 165 170 172 174 178 182 184 189 190 191 192 193 195 200 201 202 204 205 207 208 210 217 219 221 222 232 233 237 239 241 244 245 247 248 249 250 251 253 257 258 263 266 268 269 272 273 274 275 276 277 278 280 281 282 285 287 280 280 280
p 30 4 6 9 15 16 19 21 22 25 26 27 32 33 34 37 38 40 42 48 51 55 60 62 63 64 66 67 69 70 71 72 73 74 77 79 81 83 85 87 88 93 94 96 97 98 99 100 101 104 105 108 110 112 115 118 120 124 127 129 130 132 134 135 136 138 142 143 144 145 146 148 149 151 152 155 156 157 159 161 163 165 168 172 173 174 175 176 178 179 186 187 188 198 199 201 203 205 207 212 213 217 219 221 222 226 227 228 229 237 238 239 240 242 243 244 245 247 248 249 250 251 253 254 256 257 261 264 265 267 268 273 274 275 276 277 279 281 284 286 281 281 281 281 281
p 31 0 2 6 8 9 11 12 13 15 17 18 19 20 21 22 23 24 25 26 29 32 34 36 38 39 40 41 42 43 44 45 47 49 50 51 52 53 55 56 59 61 62 65 66 70 74 75 78 79 87 88 89 90 91 93 95 97 98 101 105 108 110 112 113 114 115 117 120 122 123 124 131 132 134 135 138 140 150 151 153 156 158 162 165 172 174 175 179 181 182 185 187 188 190 191 192 194 196 197 202 203 207 211 213 214 215 216 220 222 223 227 229 233 234 235 236 237 239 241 243 246 247 249 250 253 254 257 258 261 262 266 268 270 271 272 274 276 280 281 283 285 287 276 276
p 32 1 2 5 7 8 10 15 16 17 18 21 23 24 25 26 27 28 29 33 37 38 40 42 43 44 45 46 47 51 53 55 57 58 59 60 62 64 65 66 67 72 75 76 78 80 81 82 83 84 85 87 89 90 93 94 96 99 102 103 104 108 109 110 113 114 115 118 121 125 126 131 132 133 134 135 137 138 139 140 142 143 145 146 147 148 151 154 156 159 160 161 163 169 172 173 175 176 178 179 180 181 183 184 186 189 190 201 205 207 209 210 211 212 213 214 215 219 221 226 227 229 230 234 236 237 240 242 245 246 248 249 250 251 252 253 255 257 260 261 263 269 272 273 277 279 280 281 283 284 285 286 287
p 33 1 7 9 10 12 13 18 19 26 27 28 30 31 34 35 37 39 41 45 46 47 54 58 59 62 63 64 67 72 78 79 80 81 82 83 84 86 88 89 95 97 99 105 111 112 113 123 124 126 129 130 135 136 137 138 140 141 143 144 145 148 150 159 161 162 163 167 168 171 172 173 177 178 182 184 185 188 191 193 194 196 197 199 204 206 208 209 210 219 220 223 226 228 233 237 238 240 243 244 246 247 248 251 252 254 256 259 267 273 274 278 279 281 284 285 281 281 281 281 281
p 34 4 9 10 12 13 14 17 23 26 29 30 33 36 37 39 40 41 42 43 52 53 55 56 57 58 59 60 64 66 67 69 70 72 75 76 78 81 82 83 85 86 88 90 97 98 99 100 102 103 104 105 108 109 112 115 116 118 119 123 126 129 131 132 136 140 141 143 144 145 146 147 149 150 151 152 155 156 159 160 162 165 167 168 170 171 173 174 177 179 180 182 183 185 187 192 193 199 200 202 204 207 208 210 211 212 218 222 223 230 232 233 236 237 238 242 243 244 246 247 248 250 251 252 259 260 263 265 273 274 275 276 278 279 281 274 274
p 35 0 2 3 6 7 10 14 16 17 20 22 24 25 27 28 29 30 36 41 44 47 51 52 53 54 55 56 57 58 60 62 64 65 70 71 80 81 83 87 88 91 92 93 95 102 105 107 108 109 110 111 113 114 116 117 121 123 124 125 127 128 129 134 136 138 140 142 144 147 148 149 151 153 154 156 157 158 162 165 166 167 168 169 172 173 179 182 184 185 186 188 190 191 192 194 198 200 201 203 204 205 214 217 218 219 220 222 224 226 228 229 231 234 235 236 237 238 244 245 251 254 256 257 258 259 266 268 269 271 273 276 278 280 282 283 284 285 285 285 285 285 285 285 285
p 36 0 6 7 9 14 16 17 18 21 22 29 30 33 36 38 41 44 46 48 50 51 52 55 57 61 62 63 65 67 68 75 76 77 78 82 84 85 86 87 88 92 93 97 101 107 108 109 114 118 123 128 130 132 133 134 135 136 138 140 141 144 147 154 155 156 157 159 162 163 164 166 167 171 173 174 176 179 181 184 187 188 192 193 195 196 197 198 199 201 203 205 207 209 210 211 212 213 214 215 217 219 220 222 225 228 229 230 231 233 236 240 244 247 248 253 254 256 258 260 261 263 264 266 270 273 274 275 278 279 280 283 279 279 279 279 279
p 37 1 4 7 8 12 13 15 20 21 23 25 26 29 31 32 35 38 39 40 41 42 43 44 46 51 58 59 60 61 62 63 68 69 71 73 77 87 88 90 91 93 94 95 97 98 99 100 104 105 107 108 109 111 112 124 128 130 131 133 134 136 142 143 146 147 151 154 155 156 158 161 166 169 170 174 175 176 177 178 179 181 187 188 189 190 191 198 200 201 202 203 205 207 208 209 210 211 213 214 217 221 223 224 225 227 229 233 235 236 237 238 240 242 243 245 247 248 249 250 251 253 255 256 258 260 264 266 267 268 269 275 278 282 284 285 286
p 38 0 2 4 9 12 13 16 18 21 22 26 27 28 31 35 38 41 42 43 45 48 49 50 51 55 57 58 63 69 71 73 74 75 77 80 82 88 91 92 95 96 98 99 100 101 104 105 106 107 110 119 123 126 128 129 132 133 134 137 139 142 143 147 150 151 152 153 154 156 157 159 160 161 162 164 167 168 169 170 174 176 178 180 182 184 185 188 195 198 199 204 207 208 209 211 214 216 217 218 219 220 224 225 228 229 230 231 235 236 237 239 241 243 246 247 248 251 254 255 256 258 259 262 264 265 266 270 271 272 273 275 277 278 279 282 283 285 286 285 285 285 285 285 285
p 39 0 3 5 8 13 15 16 17 21 22 23 27 28 29 32 34 36 37 38 39 43 48 51 56 62 65 68 70 71 73 75 76 77 79 82 83 84 90 91 92 93 96 99 103 104 105 106 109 112 115 117 118 124 126 127 128 129 133 135 136 141 142 143 144 145 150 152 153 156 157 158 159 163 168 170 171 173 175 176 178 180 181 183 188 189 191 192 197 199 201 204 207 211 214 218 219 222 224 230 231 234 236 239 241 245 246 248 249 250 253 254 255 256 258 260 261 264 265 267 268 270 271 274 275 276 277 278 279 281 282 283 287 281 281 281 281
p 40 0 1 5 6 8 10 11 14 17 18 19 21 22 23 24 28 30 31 32 33 34 35 38 40 41 44 46 49 50 52 55 56 60 63 64 65 66 68 69 71 74 75 77 78 79 81 82 83 85 89 90 92 96 98 100 102 106 110 112 114 115 116 118 119 121 127 131 132 134 135 136 137 138 140 141 144 145 147 148 150 152 154 156 157 158 159 161 162 164 165 167 168 170 171 173 174 175 180 182 185 186 188 190 191 192 193 194 197 199 201 202 203 204 208 209 210 212 214 215 216 218 220 221 222 226 228 229 231 232 233 235 237 239 240 242 245 246 248 249 250 253 254 256 261 262 264 269 270 272 274 276 280 281 282 283 286 287 281 281 281
p 41 4 5 6 7 8 9 11 12 13 15 16 19 20 22 24 27 30 31 33 35 36 37 38 41 43 45 48 49 50 51 53 54 56 61 63 65 66 67 71 72 73 76 77 79 83 84 87 90 91 92 94 95 97 98 99 100 105 106 108 109 110 112 114 115 118 119 120 121 122 123 124 127 131 134 136 141 143 144 145 146 147 149 152 155 159 160 166 167 168 169 173 180 182 183 185 191 194 196 198 199 200 201 202 203 205 206 207 209 213 216 217 218 219 221 224 225 226 227 229 231 232 235 237 245 246 248 250 253 263 266 268 271 272 273 274 280 282 283 282 282 282 282 282 282
p 42 0 1 2 3 5 7 8 10 11 12 14 17 18 21 22 23 26 27 28 30 31 34 36 37 43 47 48 49 50 51 52 54 57 58 59 61 64 67 72 74 75 82 84 85 87 89 94 95 96 97 99 100 105 108 110 111 112 113 115 116 119 121 123 124 125 126 127 132 133 135 137 138 139 140 141 142 143 147 149 150 156 159 160 163 164 170 174 175 178 180 181 184 186 187 188 189 194 195 199 203 205 206 207 208 210 211 212 213 214 215 216 217 218 219 221 222 225 226 227 228 229 231 232 235 236 238 241 249 250 251 252 256 258 261 263 264 267 268 270 271 272 273 275 278 281 282 283 284 286 281 281 281
p 43 1 2 3 5 6 8 9 11 12 13 14 15 18 20 22 25 26 28 29 31 32 33 34 35 36 37 39 42 43 47 48 50 51 53 54 56 57 59 63 65 66 67 68 69 70 71 72 74 75 76 78 79 80 84 92 97 101 102 104 106 109 111 113 114 115 117 118 120 121 122 123 126 129 131 134 136 137 138 139 145 146 148 153 154 156 157 158 159 164 166 169 170 178 179 180 183 184 187 190 195 197 199 202 204 206 208 209 211 213 214 216 217 218 220 221 222 225 226 228 230 231 232 233 234 235 236 237 238 239 240 245 246 247 248 250 251 252 253 256 258 259 261 262 264 269 271 272 275 276 277 278 280 283 283 283 283 283 283 283 283
p 44 0 5 6 8 11 15 20 21 29 30 32 33 34 35 37 38 40 41 42 43 44 46 47 48 49 50 53 54 57 59 60 62 63 64 65 70 71 73 75 76 77 78 84 86 87 88 89 91 93 94 95 101 102 104 105 106 107 108 110 113 115 116 117 118 120 121 122 125 126 127 128 131 133 135 136 141 143 144 149 150 152 153 156 157 158 159 160 161 164 167 168 172 173 175 178 179 182 186 187 188 190 191 193 194 195 197 204 205 209 211 212 213 215 216 217 218 219 220 221 222 223 225 226 227 229 230 232 235 236 237 238 239 240 241 242 245 247 248 249 250 251 252 253 254 256 258 259 260 261 262 263 264 265 272 273 275 276 278 279 280 284 285 286 287 284 284 284 284
d 3 202 149 10 205 121 24 283 187
d 4 285 189 11 280 257 9 90 238
d 5 148 106 112 16 26 163 166 212
d 6 237 51 111 90 58 54 240 234
d 7 57 173 68 211 12 246 275 42
d 8 151 287 223 226 80 266 234 212
d 9 129 199 138 125 262 204 89 171
d 10 152 236 176 275 258 184 41 169
d 11 219 103 232 246 31 72 2 21
d 12 244 103 173 14 194 25 260 38
d 13 13 10 233 25 16 58 64 158
d 14 277 12 42 166 148 129 202 136
d 15 66 168 15 287 49 155 146 48
d 16 229 174 280 176 91 244 92 39
d 17 192 32 262 76 61 190 244 11
d 18 254 284 101 57 208 151 173 139
d 19 238 25 42 56 224 116 64 80
d 20 169 159 38 230 66 56 14 137
d 21 187 123 157 33 51 71 165 32
d 22 69 285 160 117 247 173 178 52
d 23 4 11 23 145 150 49 245 32
d 24 45 51 52 207 188 284 103 283
d 25 222 274 113 127 176 149 95 53
d 26 89 90 169 1 25 17 208 178
d 27 175 203 151 60 264 89 152 84
d 28 278 176 252 185 122 271 199 192
d 29 119 145 251 170 129 30 130 77
d 30 176 49 73 243 279 131 134 253
d 31 46 175 66 75 164 257 85 171
d 32 94 277 88 89 33 138 26 164
d 33 224 162 237 12 130 7 253 189
d 34 200 126 182 276 49 59 129 137
d 35 222 168 149 22 50 121 19 6
d 36 261 167 188 97 229 160 79 32
d 37 16 227 260 101 202 192 146 226
d 38 199 23 107 201 218 33 95 271
d 39 103 140 170 32 62 197 208 82
d 40 153 192 44 150 38 123 126 226
d 41 123 33 151 119 106 134 186 170
d 42 277 229 249 95 241 235 119 86
d 43 144 38 206 197 156 41 228 6
d 44 27 95 61 232 21 70 267 255
d 3 208 213 211 238 10 127 73 169
d 4 106 207 246 3 70 50 140 107
d 5 281 57 146 241 17 140 117 154
d 6 191 273 70 236 184 150 81 259
d 7 130 270 68 83 159 57 112 86
d 8 14 104 197 180 21 148 121 196
d 9 80 263 129 125 185 76 255 171
d 10 278 169 242 246 176 273 184 157
d 11 219 103 23 137 246 240 162 144
d 12 244 117 172 194 49 253 42 245
d 13 11 100 13 103 182 253 25 156
d 14 200 219 277 166 1 40 148 14
d 15 185 48 66 168 108 224 287 146
d 16 70 229 143 43 69 182 106 280
d 17 111 52 177 76 32 225 92 252
d 18 208 284 36 254 42 57 10 270
d 19 112 116 238 25 159 80 42 64
d 20 159 169 38 230 60 1 109 5
d 21 187 117 203 123 133 15 178 157
d 22 24 247 199 272 147 71 256 48
d 23 228 14 73 55 77 166 34 32
d 24 141 52 241 45 201 110 259 88
d 25 127 45 274 279 260 113 175 85
d 26 143 89 187 23 236 181 190 17
d 27 200 62 264 60 152 89 179 90
d 28 241 271 115 132 170 122 62 200
d 29 54 130 190 251 155 139 142 78
d 30 131 176 147 57 52 124 54 268
d 31 75 85 167 175 257 171 66 173
d 32 94 277 230 271 278 18 117 132
d 33 162 71 12 192 262 189 194 228
d 34 126 3 182 276 248 223 240 49
d 35 121 19 50 149 116 22 6 25
d 36 160 188 130 261 229 163 134 97
d 37 146 152 212 227 202 101 163 260
d 38 199 218 95 45 137 161 87 182
d 39 103 208 251 82 181 170 234 267
d 40 276 123 228 145 44 38 57 284
d 41 106 123 180 21 25 5 196 120
d 42 66 241 244 140 76 93 228 102
d 43 171 121 178 67 206 72 18 33
d 44 41 0 87 15 170 157 47 181
d 3 155 207 119 10 215 47 26 216
d 4 90 92 137 221 102 38 213 286
d 5 134 237 76 252 54 74 17 44
d 6 157 211 209 1 247 4 62 238
d 7 7 14 50 159 112 138 272 131
d 8 26 196 197 43 80 104 244 10
d 9 104 129 170 225 255 204 31 243
d 10 209 47 267 41 173 139 169 270
d 11 277 219 103 67 3 195 0 55
d 12 148 244 115 194 257 232 121 274
d 13 281 156 97 238 103 243 211 51
d 14 123 216 40 219 277 147 148 35
d 15 88 213 48 215 66 129 168 2
d 16 229 143 131 234 191 43 70 45
d 17 252 111 25 40 16 32 52 76
d 18 284 270 254 42 179 36 156 57
d 19 159 157 238 112 55 80 116 44
d 20 159 1 107 24 60 169 143 109
d 21 187 203 123 117 52 133 178 227
d 22 220 202 247 188 178 24 160 147
d 23 55 228 7 105 69 91 262 85
d 24 32 96 247 52 88 263 180 45
d 25 280 127 279 119 274 113 45 110
d 26 23 123 89 190 181 191 188 174
d 27 90 151 89 62 60 270 7 160
d 28 280 115 224 116 11 146 62 106
d 29 130 148 104 200 129 251 9 96
d 30 268 176 134 156 19 166 174 57
d 31 239 13 132 24 108 280 89 104
d 32 245 4 89 69 103 277 138 43
d 33 19 45 189 248 89 112 192 271
d 34 182 126 106 76 248 88 240 57
d 35 116 22 138 6 125 67 159 25
d 36 130 163 229 188 9 36 94 198
d 37 63 221 30 202 240 196 91 227
d 38 218 16 128 190 143 95 243 86
d 39 234 267 265 144 183 56 103 226
d 40 44 118 157 276 74 145 35 126
d 41 248 16 134 119 186 143 38 76
d 42 228 213 286 45 262 139 102 272
d 43 253 31 228 272 70 197 26 69
d 44 238 30 251 273 215 217 52 21
d 3 18 124 10 237 279 210 207 194
d 4 181 90 281 76 26 140 197 242
d 5 188 153 10 182 154 243 64 156
d 6 50 226 14 4 35 1 153 205
d 7 57 68 33 15 275 211 12 97
d 8 55 82 26 106 10 234 171 196
d 9 29 129 137 84 237 159 46 7
d 10 62 209 13 41 284 133 239 267
d 11 103 219 193 120 58 137 246 177
d 12 244 255 234 14 148 194 54 243
d 13 222 263 151 13 77 25 31 220
d 14 75 273 219 111 166 43 121 277
d 15 236 168 155 223 66 2 48 194
d 16 229 143 210 140 280 158 278 91
d 17 27 107 25 76 278 242 192 102
d 18 57 254 283 157 179 225 284 243
d 19 159 157 44 103 269 5 194 271
d 20 38 109 273 14 92 169 172 1
d 21 79 123 187 22 267 183 167 35
d 22 188 247 178 38 282 117 155 261
d 23 262 175 152 11 228 207 88 3
d 24 180 52 176 207 198 45 103 4
d 25 127 110 274 113 96 270 277 149
d 26 188 89 191 84 23 186 190 213
d 27 90 62 270 151 7 203 29 89
d 28 115 47 89 3 62 116 280 274
d 29 266 130 182 146 251 8 11 78
d 30 249 134 176 268 159 34 67 45
d 31 131 13 89 108 24 144 40 239
d 32 280 89 59 43 4 259 277 93
d 33 19 123 12 27 140 188 238 189
d 34 182 126 88 240 106 57 243 83
d 35 125 116 219 6 198 25 234 203
d 36 229 130 188 173 21 227 36 177
d 37 39 30 240 202 69 137 209 91
d 38 109 16 218 143 128 69 105 107
d 39 234 267 258 38 183 56 103 109
d 40 44 118 49 276 182 128 207 35
d 41 186 119 134 38 252 123 213 78
d 42 82 228 86 213 139 262 45 119
d 43 238 123 118 31 228 106 70 272
d 44 238 273 251 30 132 21 190 215
d 3 200 93 141 242 134 113 243 89
d 4 84 184 231 154 281 90 169 121
d 5 266 55 105 80 236 164 270 258
d 6 57 225 95 224 201 268 205 274
d 7 39 218 68 27 15 257 28 183
d 8 117 98 73 131 200 91 55 172
d 9 201 231 38 15 237 285 164 204
d 10 121 241 103 181 41 22 39 284
d 11 103 219 191 137 211 193 84 158
d 12 227 244 255 191 130 54 123 14
d 13 267 124 77 156 152 130 276 121
d 14 75 83 273 283 232 43 13 46
d 15 66 2 53 215 223 232 168 105
d 16 229 1 278 213 233 189 61 262
d 17 27 25 252 8 142 283 76 111
d 18 125 283 243 57 42 254 156 157
d 19 159 200 44 238 157 54 80 103
d 20 1 109 92 210 79 14 143 74
d 21 230 187 205 178 35 174 30 227
d 22 122 247 192 53 178 188 191 161
d 23 82 175 91 262 271 228 276 210
d 24 265 277 52 270 4 268 84 225
d 25 127 110 135 279 45 277 113 280
d 26 188 197 23 101 89 190 98 174
d 27 248 62 100 60 151 69 270 89
d 28 115 231 280 146 104 62 116 199
d 29 158 130 266 77 251 8 280 78
d 30 22 134 176 179 97 268 93 48
d 31 131 246 34 10 9 66 280 207
d 32 89 280 59 227 4 53 271 93
d 33 19 140 281 12 189 142 27 37
d 34 182 126 88 240 76 106 83 185
d 35 116 198 144 6 71 52 241 25
d 36 229 130 188 261 258 166 114 36
d 37 30 237 240 202 250 248 260 133
d 38 69 218 251 189 143 190 86 68
d 39 234 267 144 258 38 109 103 150
d 40 118 182 276 44 145 137 207 171
d 41 186 119 252 38 134 123 115 117
d 42 228 86 84 82 139 264 283 242
d 43 228 272 118 123 70 197 84 97
d 44 147 250 21 242 156 236 160 267
d 3 132 169 277 60 34 210 173 93
d 4 49 90 167 161 82 13 269 61
d 5 87 20 164 124 284 273 186 116
d 6 166 105 160 213 62 146 177 274
d 7 68 27 176 159 231 15 151 257
d 8 21 200 98 197 172 75 117 215
d 9 201 168 192 231 32 283 146 125
d 10 121 200 165 267 171 284 277 148
d 11 3 103 137 219 191 105 258 246
d 12 54 255 158 234 50 244 130 14
d 13 77 151 89 197 121 202 156 153
d 14 75 261 169 43 121 283 285 231
d 15 2 246 223 238 79 179 168 130
d 16 229 143 278 262 233 210 140 106
d 17 40 27 283 25 76 163 107 111
d 18 57 243 42 283 157 156 284 79
d 19 159 44 157 80 64 116 269 238
d 20 1 109 92 273 38 14 268 191
d 21 141 187 174 79 127 52 267 73
d 22 247 53 188 178 38 18 281 161
d 23 262 228 93 182 91 70 253 88
d 24 54 263 52 256 32 182 70 251
d 25 283 86 0 270 127 279 16 53
d 26 84 190 256 23 205 235 103 186
d 27 160 270 7 88 62 89 219 99
d 28 12 115 146 89 156 41 116 261
d 29 275 130 55 208 214 93 277 280
d 30 276 134 244 19 213 57 240 110
d 31 56 223 32 39 179 98 34 40
d 32 158 271 245 78 93 100 251 53
d 33 77 246 193 191 140 35 159 12
d 34 187 275 119 167 126 174 106 83
d 35 95 198 153 287 5 45 138 129
d 36 40 17 275 188 61 158 166 156
d 37 104 42 31 187 240 61 122 133
d 38 254 278 69 137 107 98 227 143
d 39 38 109 127 103 170 142 183 267
d 40 182 74 270 23 165 145 234 276
d 41 209 92 38 171 226 119 196 130
d 42 23 21 177 34 283 181 108 143
d 43 204 59 26 230 272 181 135 113
d 44 193 73 48 44 219 240 270 34
d 3 214 263 10 252 221 3 27 237
d 4 148 143 165 167 13 61 105 178
d 5 34 178 168 27 242 226 253 18
d 6 166 227 128 203 38 62 232 236
d 7 286 149 137 27 159 57 278 118
d 8 212 21 200 124 183 118 147 73
d 9 248 268 185 168 201 121 196 129
d 10 144 197 196 261 143 42 239 216
d 11 64 105 57 140 219 0 137 3
d 12 50 116 14 54 86 244 255 221
d 13 202 60 156 13 77 141 151 233
d 14 169 75 41 138 137 232 191 220
d 15 203 177 215 2 246 66 89 49
d 16 229 120 126 140 233 172 115 73
d 17 25 40 107 124 242 89 27 272
d 18 220 75 157 210 254 1 179 57
d 19 157 236 159 194 5 80 44 72
d 20 273 1 92 74 37 17 210 38
d 21 79 89 98 22 205 52 187 233
d 22 46 178 280 252 281 112 188 191
d 23 172 228 91 95 226 166 124 41
d 24 54 256 171 85 134 263 182 32
d 25 0 53 161 159 259 134 10 21
d 26 190 235 205 84 23 17 188 213
d 27 270 160 88 153 241 7 169 281
d 28 146 115 261 89 91 17 228 275
d 29 275 202 49 37 93 11 113 204
d 30 276 134 244 14 167 19 146 93
d 31 40 56 234 223 9 24 156 146
d 32 116 78 211 179 236 115 69 175
d 33 246 140 193 35 77 267 105 204
d 34 275 187 167 151 160 136 56 106
d 35 198 95 256 71 287 127 153 2
d 36 17 22 61 156 215 52 279 188
d 37 42 181 31 201 97 159 61 207
d 38 69 278 208 184 161 160 67 134
d 39 38 109 282 144 241 142 89 79
d 40 182 147 44 270 74 164 175 276
d 41 92 195 30 144 38 213 226 229
d 42 275 23 34 177 119 21 134 284
d 43 59 26 184 272 230 2 181 221
d 44 104 48 30 273 44 270 217 267
d 3 164 138 201 271 140 194 10 230
d 4 262 71 165 238 256 207 37 222
d 5 178 16 106 46 153 286 257 136
d 6 95 254 75 46 71 14 236 240
d 7 44 180 51 118 117 210 237 48
d 8 98 66 229 106 250 23 114 192
d 9 216 7 131 120 179 164 83 204
d 10 221 224 15 68 93 58 278 189
d 11 219 233 103 26 256 105 157 119
d 12 227 159 14 198 183 225 152 43
d 13 152 177 77 55 187 141 233 228
d 14 33 129 104 137 149 231 13 114
d 15 49 57 226 190 91 183 102 253
d 16 94 115 173 38 278 61 227 146
d 17 83 25 124 45 85 107 272 86
d 18 261 54 220 125 1 37 48 3
d 19 236 239 48 132 57 174 47 5
d 20 1 273 79 74 92 226 37 210
d 21 10 98 205 94 23 248 22 230
d 22 105 112 55 252 281 122 191 9
d 23 255 91 259 224 46 228 122 214
d 24 227 171 4 174 111 182 144 265
d 25 0 114 197 94 116 53 73 161
d 26 205 257 101 222 235 213 190 231
d 27 88 14 153 169 160 54 270 281
d 28 230 231 261 219 89 51 21 23
d 29 158 93 77 245 205 99 37 164
d 30 134 167 175 93 19 247 173 104
d 31 40 223 234 203 43 33 45 153
d 32 214 115 103 78 109 24 137 125
d 33 140 246 35 267 58 27 124 204
d 34 275 187 167 160 136 100 133 56
d 35 198 192 256 71 95 218 287 215
d 36 17 22 61 84 156 166 52 135
d 37 158 181 176 31 42 159 233 12
d 38 69 278 13 67 134 160 170 95
d 39 38 109 142 287 241 144 89 157
d 40 182 55 127 56 270 175 112 280
d 41 92 38 144 286 213 226 237 4
d 42 23 34 275 84 181 177 21 5
d 43 59 221 230 2 97 272 264 225
d 44 37 48 44 250 270 122 88 259
d 3 233 235 122 204 26 172 176 219
d 4 95 83 91 222 56 198 249 51
d 5 144 72 243 158 166 286 14 98
d 6 4 194 182 235 98 21 250 186
d 7 44 96 52 145 15 120 191 225
d 8 71 98 259 206 114 23 154 205
d 9 138 131 6 179 278 273 125 152
d 10 256 234 34 189 233 166 283 50
d 11 219 46 250 242 30 272 239 229
d 12 120 152 233 201 147 36 159 14
d 13 177 150 233 119 139 145 165 205
d 14 129 270 70 200 149 2 140 151
d 15 49 183 57 275 190 23 21 192
d 16 227 115 108 278 61 94 95 70
d 17 124 272 254 83 78 85 226 25
d 18 261 3 267 1 253 220 153 165
d 19 236 47 286 239 241 271 270 208
d 20 17 37 1 74 91 273 33 92
d 21 23 215 277 98 94 187 70 82
d 22 112 55 252 161 135 280 65 9
d 23 242 214 91 163 122 56 68 197
d 24 171 152 227 162 6 97 182 4
d 25 94 259 177 266 140 53 211 50
d 26 213 236 257 30 190 255 22 19
d 27 169 153 57 166 88 240 241 27
d 28 21 215 274 230 240 51 23 261
d 29 37 192 93 247 245 113 277 184
d 30 247 94 97 74 15 134 93 201
d 31 40 234 250 38 93 21 180 24
d 32 24 161 115 8 263 84 41 253
d 33 140 246 204 105 58 124 27 35
d 34 275 187 160 167 136 30 243 151
d 35 198 71 256 127 10 134 4 47
d 36 17 22 84 61 93 108 210 166
d 37 223 181 207 158 253 31 97 41
d 38 69 22 160 95 98 109 265 91
d 39 38 109 43 142 241 287 22 126
d 40 182 132 112 276 171 173 138 270
d 41 72 144 38 165 147 226 246 4
d 42 23 275 181 118 283 84 126 14
d 43 97 221 226 199 2 59 225 26
d 44 230 44 88 75 270 48 141 5
d 3 231 273 67 130 103 227 26 214
d 4 273 135 127 173 128 238 150 81
d 5 177 69 163 100 24 281 277 130
d 6 197 196 154 233 118 238 182 259
d 7 6 180 44 278 78 114 112 101
d 8 114 71 88 98 245 60 140 31
d 9 93 66 239 131 160 138 6 249
d 10 29 256 79 194 116 49 219 199
d 11 46 138 18 256 26 235 219 186
d 12 201 120 147 273 134 78 133 223
d 13 177 70 37 145 119 86 233 196
d 14 129 243 50 119 88 262 152 221
d 15 49 183 190 57 99 162 251 179
d 16 13 136 268 227 188 56 61 157
d 17 78 135 124 239 226 191 25 179
d 18 1 103 3 261 61 170 220 87
d 19 236 225 114 257 241 208 212 258
d 20 37 279 273 4 74 227 108 89
d 21 21 82 41 3 277 23 94 198
d 22 252 112 280 65 216 161 36 282
d 23 242 163 122 91 214 94 166 32
d 24 172 182 171 227 69 232 178 20
d 25 259 38 177 94 53 16 32 185
d 26 268 213 186 190 23 44 38 236
d 27 166 241 169 270 153 281 79 83
d 28 240 230 51 23 115 136 261 257
d 29 93 192 113 178 78 280 105 55
d 30 134 247 110 272 97 244 144 261
d 31 40 9 188 234 179 207 24 217
d 32 41 267 139 103 158 115 190 93
d 33 140 27 105 161 199 35 67 124
d 34 136 30 275 167 102 187 81 238
d 35 65 198 10 71 127 128 224 256
d 36 17 63 22 87 118 93 279 280
d 37 187 158 94 97 31 256 159 223
d 38 69 190 22 208 59 173 160 58
d 39 126 38 108 20 22 105 246 221
d 40 182 132 216 276 23 270 158 145
d 41 155 217 147 196 159 144 4 278
d 42 96 108 84 207 23 283 118 12
d 43 199 43 221 97 262 26 272 134
d 44 75 88 250 230 279 44 110 181
d 3 231 14 167 256 140 96 55 284
d 4 162 182 213 127 221 272 282 42
d 5 185 69 257 58 44 278 199 53
d 6 92 105 145 287 188 182 101 245
d 7 44 29 180 0 117 98 118 6
d 8 98 96 252 114 133 149 31 119
d 9 239 83 49 267 167 44 120 48
d 10 71 32 256 79 24 214 97 166
d 11 53 256 92 13 138 18 107 163
d 12 275 201 11 147 273 120 233 78
d 13 177 282 37 272 267 77 251 145
d 14 129 153 119 76 149 110 266 204
d 15 190 49 183 57 170 135 162 36
d 16 13 172 227 95 56 115 59 146
d 17 95 25 131 179 78 107 226 124
d 18 265 1 220 261 125 141 90 170
d 19 236 114 275 241 132 10 72 212
d 20 273 37 1 270 119 92 4 74
d 21 21 78 205 141 94 277 181 198
d 22 252 112 161 279 281 216 38 191
d 23 136 91 70 18 111 44 56 248
d 24 182 228 171 227 172 174 92 4
d 25 16 115 167 53 131 134 10 161
d 26 190 7 44 23 104 109 84 282
d 27 270 146 111 79 166 218 241 29
d 28 240 182 144 115 286 89 31 158
d 29 166 130 105 93 174 35 215 75
d 30 110 240 213 244 57 261 97 198
d 31 245 55 33 39 24 217 176 235
d 32 267 41 158 93 103 168 271 87
d 33 285 27 105 99 280 57 142 59
d 34 136 57 26 260 126 1 102 11
d 35 128 224 272 14 24 190 217 5
d 36 63 188 280 138 133 38 211 61
d 37 187 245 94 224 240 7 60 68
d 38 58 279 125 137 243 118 129 198
d 39 108 246 103 183 201 9 109 181
d 40 23 218 165 132 137 270 57 1
d 41 50 134 196 219 171 115 161 130
d 42 219 273 263 207 222 92 232 256
d 43 235 222 280 8 42 183 157 60
d 44 286 241 101 187 279 167 36 65
d 3 231 96 76 264 88 144 235 147
d 4 171 162 221 261 187 204 167 161
d 5 69 185 44 17 259 257 277 276
d 6 245 92 182 105 106 233 188 145
d 7 44 180 29 0 52 3 83 150
d 8 98 96 252 114 149 46 31 278
d 9 239 141 83 49 93 44 202 97
d 10 71 32 256 102 23 234 214 178
d 11 13 256 53 138 92 163 255 284
d 12 201 275 11 147 120 237 128 13
d 13 177 145 119 272 267 282 203 70
d 14 129 149 140 133 50 182 266 25
d 15 49 190 57 162 47 251 36 23
d 16 227 115 13 224 157 59 230 56
d 17 124 120 239 95 184 49 179 78
d 18 261 1 265 267 255 3 37 170
d 19 236 241 132 239 114 190 74 225
d 20 250 273 78 4 233 207 215 270
d 21 198 277 21 3 100 272 82 215
d 22 282 252 12 196 9 97 137 60
d 23 137 76 270 152 136 190 264 140
d 24 171 182 172 139 56 6 174 141
d 25 94 210 166 102 53 177 54 211
d 26 213 255 167 54 81 10 190 267
d 27 153 169 241 281 270 209 21 27
d 28 267 167 127 274 1 202 10 81
d 29 86 196 189 113 37 268 47 137
d 30 81 136 145 93 270 174 157 105
d 31 40 234 241 67 165 24 2 44
d 32 115 89 221 5 236 175 103 66
d 33 140 267 226 220 204 105 193 164
d 34 160 144 275 167 171 115 131 100
d 35 71 198 256 126 127 179 47 77
d 36 17 22 61 130 92 279 144 213
d 37 249 31 13 222 156 39 248 143
d 38 69 248 0 134 160 268 56 275
d 39 38 109 82 234 228 283 211 258
d 40 182 233 118 277 50 190 138 197
d 41 6 51 200 91 135 217 99 259
d 42 34 263 273 247 212 222 9 50
d 43 42 222 59 51 239 26 271 230
d 44 86 101 286 11 279 219 167 73
d 3 231 96 60 88 264 239 30 48
d 4 68 265 46 35 157 261 60 106
d 5 95 29 69 259 20 16 185 113
d 6 81 56 52 105 284 145 197 233
d 7 44 180 29 0 287 210 150 83
d 8 98 252 114 283 96 142 190 236
d 9 93 239 81 167 197 44 201 103
d 10 2 71 32 48 97 142 17 178
d 11 13 256 285 105 29 34 119 271
d 12 11 14 275 147 53 273 237 32
d 13 272 13 177 217 145 77 86 233
d 14 129 277 207 166 121 110 286 243
d 15 66 2 49 57 252 270 146 168
d 16 229 91 192 202 77 73 49 24
d 17 76 279 265 262 38 182 254 131
d 18 254 57 5 284 101 208 183 206
d 19 25 56 151 238 224 125 116 271
d 20 137 66 181 169 77 29 38 92
d 21 51 123 142 157 71 187 22 33
d 22 43 285 160 42 178 117 188 173
d 23 11 100 150 145 3 140 13 88
d 24 207 103 159 45 165 171 152 13
d 25 113 150 274 176 72 53 140 11
d 26 25 1 131 198 160 213 57 208
d 27 184 201 172 203 97 58 276 156
d 28 60 46 185 84 182 45 240 86
d 29 263 149 113 75 86 171 170 58
d 30 110 257 213 261 244 240 176 57
d 31 64 207 223 217 140 22 197 280
d 32 263 41 273 287 267 199 271 168
d 33 285 27 113 188 105 177 77 273
d 34 136 126 76 185 182 260 20 243
d 35 128 149 9 5 14 142 258 204
d 36 63 188 261 280 130 93 275 99
d 37 187 94 42 278 240 249 251 236
d 38 107 58 279 137 125 17 118 45
d 39 108 103 9 181 267 170 246 212
d 40 23 223 165 145 1 270 164 68
d 41 196 171 123 105 244 130 277 222
d 42 227 55 263 222 187 76 281 264
d 43 239 72 272 92 178 285 135 26
d 44 279 73 248 197 32 68 160 203
d 3 12 7 279 246 8 22 90 10
d 4 219 78 8 68 264 267 57 164
d 5 27 85 13 26 205 163 150 67
d 6 161 237 143 256 234 78 287 112
d 7 57 68 243 203 40 174 211 183
d 8 234 253 10 223 59 210 70 212
d 9 129 47 279 16 171 88 96 52
d 10 253 208 91 99 129 56 184 139
d 11 16 245 219 103 21 214 277 246
d 12 14 244 22 263 255 199 115 218
d 13 13 156 71 25 211 73 158 243
d 14 277 202 166 75 287 138 206 130
d 15 66 104 168 118 215 2 189 116
d 16 176 229 91 222 281 208 143 210
d 17 25 279 27 252 236 76 38 242
d 18 254 225 179 57 75 157 79 156
d 19 159 157 44 269 80 238 25 164
d 20 66 273 1 109 159 190 38 169
d 21 123 187 216 79 22 73 261 157
d 22 173 178 146 188 112 160 121 285
d 23 11 121 90 228 202 62 36 262
d 24 45 52 1 284 182 176 207 141
d 25 127 274 53 113 85 45 142 260
d 26 89 186 23 169 17 198 190 16
d 27 203 276 89 219 62 7 264 152
d 28 163 191 62 115 255 70 72 203
d 29 130 209 251 98 257 280 86 244
d 30 261 229 176 208 57 213 164 52
d 31 220 175 257 171 235 170 163 172
d 32 27 262 64 277 230 93 5 14
d 33 256 130 237 142 162 273 12 278
d 34 126 158 94 128 208 62 59 145
d 35 114 3 149 194 57 147 258 78
d 36 261 188 199 86 48 164 157 280
d 37 251 278 69 268 202 161 227 195
d 38 107 225 132 219 207 218 199 195
d 39 103 32 211 150 181 267 26 235
d 40 102 151 235 145 44 23 35 171
d 41 48 123 87 75 134 242 117 106
d 42 157 2 208 133 177 21 63 235
d 43 251 154 104 126 272 228 3 131
d 44 216 116 220 160 229 72 57 183
d 3 11 56 229 201 10 221 158 239
d 4 26 134 24 284 164 210 76 8
d 5 133 195 145 40 91 286 272 150
d 6 29 236 33 51 68 248 119 43
d 7 188 87 34 179 273 247 253 123
d 8 257 18 105 141 151 154 171 27
d 9 269 138 194 184 125 7 276 204
d 10 275 166 223 245 128 36 16 8
d 11 99 219 205 103 91 240 125 177
d 12 103 174 244 261 194 230 199 242
d 13 240 156 13 211 123 34 25 172
d 14 54 277 12 138 239 166 234 201
d 15 218 66 215 211 48 168 22 263
d 16 229 254 180 70 106 92 167 192
d 17 32 58 76 111 52 229 272 27
d 18 208 254 284 57 173 42 101 116
d 19 116 238 200 159 25 268 54 115
d 20 109 169 159 210 14 66 23 234
d 21 187 123 133 174 36 221 227 128
d 22 247 178 272 115 128 133 38 20
d 23 63 271 202 281 97 88 3 262
d 24 154 52 259 212 188 268 88 45
d 25 84 274 127 163 279 113 85 183
d 26 89 273 17 181 23 199 203 197
d 27 152 219 62 179 264 60 7 277
d 28 15 176 6 121 62 79 115 183
d 29 119 130 73 251 90 9 243 280
d 30 52 175 264 46 210 176 134 57
d 31 164 89 110 243 66 163 262 141
d 32 150 50 277 18 93 230 271 251
d 33 253 89 79 12 77 243 278 132
d 34 240 126 119 26 182 121 129 12
d 35 263 30 125 163 116 154 50 217
d 36 261 273 87 188 280 71 283 177
d 37 69 111 248 161 260 94 157 202
d 38 219 82 218 16 199 190 69 86
d 39 103 234 96 267 44 1 82 32
d 40 194 228 123 44 276 23 35 128
d 41 119 123 94 117 78 115 186 229
d 42 36 228 86 213 262 141 113 7
d 43 117 272 178 67 56 228 287 70
d 44 15 279 87 47 196 275 160 60
d 3 178 15 53 14 69 3 10 87
d 4 44 156 175 104 193 284 282 164
d 5 133 229 4 125 87 235 92 159
d 6 54 280 220 236 106 95 43 111
d 7 188 206 234 57 167 71 86 39
d 8 59 170 91 228 246 154 171 70
d 9 276 234 206 125 120 101 266 160
d 10 109 215 280 140 134 169 178 51
d 11 27 99 219 103 54 133 125 221
d 12 244 125 194 261 257 25 87 221
d 13 240 193 156 44 34 222 172 237
d 14 68 147 71 54 285 219 40 129
d 15 189 218 48 9 34 215 66 221
d 16 229 33 137 254 167 106 38 192
d 17 111 125 272 58 229 27 60 16
d 18 14 280 156 42 284 208 233 254
d 19 159 256 116 200 238 153 125 64
d 20 23 159 123 109 98 286 142 169
d 21 187 36 133 117 123 128 98 53
d 22 178 247 115 272 23 127 280 133
d 23 271 97 161 85 202 281 248 134
d 24 154 88 180 268 4 259 52 188
d 25 183 279 84 127 85 274 214 102
d 26 89 17 181 197 23 209 190 273
d 27 62 179 90 219 264 7 152 60
d 28 15 54 6 101 42 62 115 79
d 29 173 9 130 73 251 243 146 77
d 30 52 249 134 46 210 274 159 93
d 31 141 214 66 110 89 40 88 69
d 32 50 230 277 256 157 59 18 280
d 33 89 12 123 195 282 37 19 220
d 34 126 119 240 182 121 203 108 106
d 35 125 155 116 0 100 22 159 25
d 36 283 261 188 33 177 130 21 229
d 37 11 69 248 175 161 227 39 1
d 38 219 16 69 1 218 113 143 105
d 39 103 234 267 1 144 109 32 142
d 40 44 276 35 36 182 207 128 134
d 41 119 229 78 123 92 38 134 115
d 42 228 213 262 163 45 159 7 235
d 43 272 62 253 230 123 70 71 31
d 44 66 238 160 251 132 273 202 47
d 3 18 124 30 228 229 210 10 243
d 4 181 118 105 151 265 59 15 104
d 5 77 16 188 133 123 82 107 29
d 6 50 226 191 134 155 236 87 229
d 7 57 12 68 188 159 93 209 181
d 8 55 52 197 171 65 72 75 119
d 9 29 153 137 276 160 255 125 266
d 10 62 13 109 229 8 216 100 263
d 11 193 133 219 103 137 58 243 37
d 12 244 194 14 260 234 25 125 236
d 13 145 13 222 177 188 119 218 25
d 14 129 70 243 166 11 50 215 207
d 15 49 57 285 50 183 2 47 139
d 16 61 136 56 268 278 115 227 49
d 17 272 89 46 78 250 179 163 249
d 18 3 255 261 1 87 246 132 63
d 19 236 21 208 246 5 136 268 221
d 20 269 245 226 207 17 250 234 251
d 21 151 36 203 3 215 270 164 22
d 22 112 265 252 216 280 118 178 125
d 23 10 175 242 152 3 140 191 250
d 24 135 4 255 152 171 228 46 56
d 25 241 134 11 183 140 28 214 113
d 26 213 190 17 199 197 89 164 191
d 27 62 270 169 7 151 264 179 240
d 28 89 115 47 54 42 215 17 45
d 29 173 266 130 77 73 251 243 141
d 30 134 249 52 93 46 244 241 67
d 31 40 131 234 110 214 38 79 44
d 32 280 277 59 78 11 18 42 96
d 33 140 12 19 123 101 221 204 220
d 34 119 126 275 102 182 187 185 118
d 35 256 260 71 198 100 144 125 25
d 36 61 17 130 258 253 261 22 155
d 37 175 181 69 39 1 114 159 140
d 38 69 190 278 143 250 134 157 218
d 39 109 38 267 1 142 241 103 258
d 40 182 276 44 175 49 56 248 188
d 41 119 38 78 123 186 92 141 237
d 42 82 213 228 262 159 86 275 229
d 43 238 272 123 118 213 43 230 31
d 44 238 132 160 251 273 202 242 159
d 3 113 8 78 76 243 175 68 204
d 4 192 112 222 251 169 265 65 154
d 5 55 230 266 249 235 77 105 16
d 6 268 95 191 57 75 182 230 281
d 7 180 83 101 95 44 173 17 196
d 8 98 238 63 0 117 168 250 129
d 9 137 284 15 155 131 48 285 204
d 10 121 160 198 234 181 147 48 64
d 11 30 219 103 13 133 265 139 200
d 12 152 191 244 130 14 159 234 194
d 13 205 276 139 156 238 121 124 258
d 14 69 43 232 231 75 70 86 129
d 15 66 139 179 2 238 49 48 57
d 16 192 61 229 233 187 274 278 178
d 17 27 272 283 52 111 125 76 142
d 18 116 42 62 284 14 238 209 156
d 19 200 159 153 116 270 238 196 36
d 20 142 37 23 17 109 210 5 14
d 21 230 10 187 128 55 36 133 41
d 22 178 55 53 247 122 115 161 68
d 23 271 248 242 214 175 161 276 33
d 24 138 4 268 259 171 52 270 154
d 25 28 134 71 95 279 84 127 277
d 26 101 89 197 163 23 164 95 181
d 27 62 60 7 219 264 277 151 179
d 28 62 27 54 42 21 115 104 75
d 29 130 158 57 240 251 173 287 77
d 30 134 247 52 22 97 159 168 176
d 31 131 246 110 66 32 179 88 190
d 32 214 59 280 277 190 11 259 251
d 33 12 19 281 37 162 272 286 250
d 34 126 182 119 81 240 273 98 55
d 35 100 116 122 22 203 5 241 201
d 36 130 261 33 229 188 155 275 177
d 37 237 260 176 248 30 227 175 158
d 38 246 190 218 143 69 189 157 85
d 39 103 142 1 267 32 244 129 234
d 40 55 276 35 269 158 207 248 44
d 41 119 123 186 127 155 149 159 166
d 42 228 86 82 84 96 139 159 213
d 43 272 228 123 197 118 43 84 213
d 44 37 160 115 250 236 156 227 286
d 3 27 123 35 204 285 172 76 268
d 4 279 112 37 163 283 72 261 230
d 5 15 82 30 32 94 74 16 70
d 6 180 177 154 197 234 251 247 160
d 7 63 180 236 0 78 68 28 51
d 8 43 181 169 192 71 129 60 204
d 9 284 196 179 60 250 94 134 143
d 10 169 19 206 97 121 198 15 37
d 11 30 228 103 219 133 273 207 139
d 12 152 58 234 159 161 158 123 194
d 13 205 121 276 285 87 247 156 226
d 14 69 201 75 43 231 11 46 219
d 15 170 79 179 157 2 48 284 68
d 16 262 270 229 274 187 167 178 132
d 17 52 27 283 226 272 111 252 53
d 18 116 42 156 131 284 76 208 172
d 19 159 96 116 153 200 238 36 68
d 20 109 142 210 107 37 23 123 14
d 21 230 55 187 42 128 10 133 87
d 22 178 55 247 53 161 122 272 68
d 23 262 271 248 214 203 202 276 33
d 24 268 138 52 259 4 141 90 201
d 25 28 127 71 95 279 17 84 34
d 26 101 89 197 163 16 142 23 84
d 27 151 264 62 277 152 84 10 60
d 28 27 194 221 116 207 17 229 62
d 29 55 240 130 57 158 63 251 280
d 30 127 285 240 134 52 97 159 57
d 31 66 131 179 249 214 110 164 88
d 32 214 59 277 110 41 11 280 278
d 33 12 99 237 162 180 7 112 263
d 34 126 81 182 240 43 57 174 23
d 35 116 122 224 22 5 100 190 217
d 36 261 275 130 33 229 281 188 128
d 37 237 227 161 260 94 187 29 158
d 38 246 189 149 137 82 162 218 58
d 39 103 20 108 127 32 267 183 142
d 40 276 165 35 265 55 232 242 171
d 41 123 155 252 186 127 117 115 159
d 42 84 86 228 82 165 249 172 63
d 43 197 228 256 123 41 272 118 69
d 44 156 196 21 250 115 286 160 267
d 3 64 132 71 166 284 139 10 196
d 4 45 234 214 56 121 52 119 225
d 5 87 27 76 186 133 121 259 82
d 6 37 95 238 186 177 234 166 65
d 7 0 270 181 236 247 191 101 114
d 8 197 104 200 181 84 52 121 180
d 9 255 146 274 181 7 245 231 250
d 10 80 40 97 115 121 148 71 93
d 11 133 103 219 162 273 86 30 207
d 12 234 84 194 242 244 158 152 14
d 13 151 89 116 56 240 258 205 156
d 14 46 219 65 285 75 274 104 286
d 15 48 238 66 79 168 218 246 179
d 16 182 229 106 143 178 262 265 70
d 17 111 52 252 148 125 283 27 46
d 18 42 36 131 208 284 254 156 124
d 19 64 116 159 80 112 238 55 200
d 20 123 142 98 159 130 100 286 60
d 21 187 42 55 123 133 232 128 36
d 22 68 272 247 133 115 38 24 178
d 23 70 262 245 267 202 55 281 271
d 24 251 52 259 268 104 201 219 90
d 25 102 279 45 86 274 95 224 127
d 26 89 23 16 17 256 181 159 46
d 27 152 62 264 219 60 84 277 47
d 28 71 207 62 27 42 10 183 166
d 29 130 240 208 166 73 63 77 251
d 30 240 168 57 124 224 208 54 210
d 31 66 163 235 89 214 36 122 195
d 32 277 230 93 267 5 235 45 42
d 33 12 99 253 162 285 237 261 142
d 34 174 126 62 119 95 251 23 26
d 35 122 5 194 30 16 149 25 128
d 36 261 275 40 188 183 280 242 63
d 37 117 94 187 161 98 46 248 226
d 38 82 149 254 190 58 219 86 218
d 39 127 103 108 32 62 142 144 82
d 40 57 165 223 35 242 250 115 182
d 41 171 123 196 254 119 78 11 222
d 42 227 108 76 135 244 21 37 113
d 43 239 229 56 92 213 255 272 70
d 44 73 279 197 275 32 212 7 160
d 3 241 190 123 134 127 180 96 10
d 4 225 179 171 131 192 216 255 122
d 5 13 50 151 286 234 10 162 179
d 6 77 284 74 64 48 62 78 37
d 7 76 57 127 68 80 89 280 176
d 8 251 50 70 17 10 158 171 234
d 9 126 157 129 203 237 211 278 204
d 10 254 122 281 134 274 34 139 255
d 11 21 264 219 159 94 133 142 147
d 12 118 111 244 106 55 60 236 122
d 13 13 135 144 156 266 71 180 235
d 14 277 152 287 162 130 148 202 166
d 15 121 59 188 66 208 215 48 7
d 16 222 91 229 178 281 274 116 20
d 17 279 111 38 238 52 148 252 66
d 18 254 208 131 10 282 284 42 116
d 19 116 238 25 200 142 268 81 196
d 20 123 169 159 66 84 118 23 181
d 21 123 42 133 187 232 269 157 178
d 22 128 272 146 115 285 148 133 20
d 23 7 202 11 62 227 245 88 190
d 24 64 45 7 46 219 259 280 52
d 25 274 127 280 95 260 102 45 85
d 26 89 181 16 186 270 206 46 169
d 27 152 277 89 84 264 90 62 226
d 28 70 255 62 42 163 183 88 123
d 29 130 73 74 251 63 38 146 141
d 30 52 233 261 208 57 164 44 46
d 31 162 89 66 175 257 214 252 149
d 32 123 27 5 277 230 64 201 82
d 33 285 89 12 271 237 130 195 7
d 34 126 121 62 248 182 158 49 174
d 35 163 125 116 3 158 149 130 114
d 36 261 188 45 48 183 134 283 199
d 37 251 161 78 202 94 260 111 278
d 38 219 182 199 204 1 16 113 238
d 39 103 44 32 234 267 279 84 45
d 40 35 36 276 44 99 102 145 92
d 41 78 123 119 13 242 231 54 229
d 42 228 262 105 213 251 249 229 172
d 43 80 272 62 31 70 213 228 41
d 44 66 194 160 162 273 251 242 221
d 3 202 149 205 180 10 68 54 20
d 4 278 257 285 105 192 113 189 255
d 5 133 82 16 134 186 264 15 95
d 6 9 51 0 236 1 58 240 158
d 7 12 80 220 156 123 121 14 91
d 8 151 182 18 171 27 197 198 80
d 9 199 84 184 124 127 227 125 245
d 10 152 128 133 258 275 176 223 216
d 11 31 91 219 205 133 166 286 196
d 12 103 174 194 261 160 243 164 196
d 13 16 10 201 180 258 220 44 135
d 14 42 162 285 219 54 218 252 84
d 15 155 92 48 215 277 66 131 210
d 16 174 229 274 92 70 233 69 145
d 17 229 44 58 94 92 148 27 272
d 18 254 173 57 156 157 124 261 114
d 19 103 5 159 236 116 80 176 36
d 20 269 109 92 250 29 265 207 38
d 21 22 51 267 133 61 221 241 98
d 22 188 52 247 178 125 272 38 260
d 23 23 262 37 281 88 205 31 36
d 24 51 52 72 45 233 259 7 280
d 25 222 129 274 45 11 85 127 95
d 26 89 90 176 17 16 181 203 72
d 27 175 152 277 135 264 200 122 285
d 28 278 252 176 271 285 203 62 241
d 29 23 119 30 145 130 63 240 146
d 30 73 49 131 224 119 274 176 46
d 31 46 66 164 175 177 252 257 190
d 32 94 277 33 18 26 51 283 89
d 33 224 162 7 12 237 195 81 19
d 34 62 200 49 126 33 182 98 248
d 35 222 168 3 57 149 6 19 63
d 36 261 167 128 157 183 188 130 97
d 37 16 78 69 226 202 30 64 227
d 38 23 164 201 199 218 117 107 204
d 39 103 140 32 150 62 279 82 234
d 40 153 71 192 215 194 44 35 126
d 41 123 33 151 256 106 127 231 134
d 42 277 229 172 249 1 127 95 159
d 43 144 38 70 197 209 228 45 272
d 44 27 95 61 242 132 49 156 110
d 3 117 238 236 215 243 99 221 17
d 4 146 257 46 190 109 3 106 178
d 5 241 57 133 146 16 121 177 17
d 6 23 273 70 236 191 108 7 270
d 7 270 271 86 100 68 15 83 211
d 8 255 104 14 66 21 197 196 146
d 9 263 99 90 126 80 129 118 185
d 10 242 134 278 128 246 88 8 76
d 11 23 103 219 240 162 137 166 273
d 12 117 253 194 174 23 172 244 87
d 13 100 42 174 182 160 103 8 56
d 14 1 200 224 219 274 162 148 88
d 15 185 48 224 66 108 215 192 138
d 16 70 182 69 177 43 174 106 229
d 17 177 52 284 111 94 57 225 152
d 18 208 131 42 254 114 116 142 10
d 19 112 33 116 265 238 125 159 80
d 20 5 123 24 159 286 169 60 230
d 21 133 117 227 151 187 233 70 123
d 22 199 178 210 272 24 196 157 247
d 23 14 202 281 228 250 73 161 212
d 24 141 32 216 259 7 110 45 88
d 25 214 279 274 11 45 280 95 85
d 26 143 89 164 187 46 23 203 67
d 27 264 62 200 47 151 152 60 108
d 28 271 241 92 79 200 266 41 212
d 29 54 23 146 155 130 190 139 78
d 30 131 147 54 280 124 94 20 57
d 31 75 173 85 175 167 171 122 16
d 32 94 134 117 235 277 86 271 230
d 33 162 12 71 65 261 194 59 55
d 34 126 49 3 276 248 26 84 102
d 35 121 19 149 217 158 50 6 3
d 36 160 261 97 188 183 149 242 247
d 37 212 146 152 223 227 148 252 228
d 38 199 87 218 73 45 204 80 53
d 39 251 208 32 212 103 82 51 27
d 40 123 226 57 276 115 56 145 228
d 41 106 94 123 180 5 120 161 4
d 42 244 66 76 241 113 133 21 93
d 43 171 121 178 287 72 206 70 67
d 44 41 0 15 87 275 170 86 140
d 3 31 13 162 215 170 148 34 26
d 4 90 102 44 164 100 176 59 270
d 5 237 45 162 4 186 136 76 120
d 6 205 15 1 247 132 253 238 157
d 7 86 7 235 159 14 206 50 131
d 8 275 104 120 228 255 16 197 123
d 9 104 189 234 170 206 38 232 281
d 10 103 47 209 270 131 77 186 28
d 11 103 6 219 209 195 67 257 243
d 12 244 224 257 117 153 277 115 194
d 13 281 44 82 260 156 55 13 103
d 14 71 1 87 175 147 200 148 194
d 15 101 215 185 40 34 15 189 53
d 16 110 229 70 145 233 12 125 191
d 17 266 111 177 194 252 52 16 284
d 18 131 254 116 167 270 284 208 156
d 19 112 265 125 153 177 159 200 116
d 20 60 286 2 5 159 105 90 24
d 21 233 53 133 11 151 187 117 227
d 22 178 180 199 151 202 220 272 130
d 23 161 97 85 212 71 38 14 55
d 24 188 32 88 82 141 202 110 181
d 25 214 279 11 95 85 127 280 260
d 26 164 89 143 4 23 119 209 174
d 27 62 264 151 190 90 179 47 60
d 28 101 271 162 200 15 89 79 99
d 29 148 146 23 155 243 90 129 251
d 30 29 249 131 174 164 280 210 160
d 31 75 77 113 173 141 208 10 124
d 32 157 164 235 256 54 277 230 204
d 33 12 162 93 37 89 221 282 248
d 34 126 49 102 119 248 3 211 278
d 35 168 100 16 121 155 63 6 153
d 36 183 21 188 283 160 61 261 163
d 37 63 111 240 248 212 1 11 175
d 38 162 33 199 69 143 218 204 16
d 39 100 213 62 212 251 109 267 208
d 40 226 157 36 271 44 192 42 276
d 41 113 120 119 78 141 231 167 123
d 42 262 163 228 131 229 213 254 76
d 43 62 31 206 71 285 230 224 18
d 44 78 148 66 99 179 159 273 124
d 3 113 8 78 209 76 268 235 262
d 4 36 283 139 192 176 63 251 112
d 5 216 45 55 105 114 17 268 204
d 6 201 75 28 95 68 230 212 45
d 7 86 83 257 3 78 180 34 173
d 8 0 63 238 250 98 221 129 95
d 9 284 189 137 244 281 153 193 217
d 10 24 147 60 37 131 160 198 234
d 11 267 30 234 13 219 246 228 24
d 12 152 285 191 277 94 194 87 159
d 13 276 205 226 139 124 55 87 256
d 14 69 109 70 231 274 43 219 11
d 15 101 66 139 179 48 183 49 232
d 16 233 192 177 61 193 12 186 73
d 17 272 195 142 194 27 44 52 283
d 18 83 116 12 171 209 124 208 50
d 19 265 200 153 159 33 5 112 176
d 20 5 105 17 79 60 13 123 37
d 21 230 10 63 54 87 53 115 179
d 22 178 55 122 47 199 230 272 239
d 23 38 242 214 248 161 82 33 267
d 24 138 202 265 171 4 141 268 199
d 25 28 214 224 11 71 134 279 260
d 26 101 164 163 95 197 89 188 184
d 27 62 90 264 179 47 59 10 197
d 28 162 137 101 199 64 89 260 271
d 29 57 146 287 243 244 75 23 129
d 30 179 247 97 280 29 241 239 131
d 31 258 40 59 173 246 122 208 64
d 32 214 256 157 164 269 42 156 41
d 33 12 162 282 93 37 59 221 250
d 34 126 218 234 102 57 150 49 119
d 35 100 190 6 168 153 63 280 16
d 36 21 183 211 283 29 188 38 157
d 37 206 111 176 248 260 240 63 91
d 38 246 162 243 157 218 204 190 191
d 39 142 100 213 20 1 147 244 109
d 40 226 248 44 276 158 145 218 164
d 41 113 120 78 256 79 155 119 127
d 42 163 108 228 76 262 229 213 83
d 43 31 78 206 285 71 67 70 208
d 44 78 148 238 37 66 99 251 57
d 3 76 211 274 155 266 265 73 247
d 4 279 163 100 283 72 36 56 225
d 5 15 121 82 230 94 109 231 285
d 6 177 48 86 167 197 62 166 201
d 7 236 101 180 78 83 189 104 89
d 8 275 71 131 87 104 62 211 24
d 9 192 179 274 286 165 97 244 96
d 10 204 147 267 97 170 209 22 19
d 11 266 139 101 43 103 13 29 30
d 12 285 161 191 152 115 87 242 117
d 13 276 87 226 205 31 84 0 214
d 14 69 109 216 6 70 219 201 11
d 15 232 254 185 17 66 215 284 88
d 16 177 233 192 12 102 178 126 103
d 17 195 252 142 272 283 194 44 57
d 18 116 83 254 208 148 50 124 226
d 19 265 200 112 153 159 33 238 116
d 20 5 105 123 60 286 2 234 85
d 21 230 54 87 151 53 63 233 11
d 22 178 145 122 199 161 239 16 60
d 23 276 70 14 190 101 267 38 7
d 24 141 268 202 251 28 44 7 40
d 25 224 214 11 260 280 279 95 192
d 26 89 164 67 206 70 197 143 95
d 27 62 264 151 47 28 265 277 190
d 28 137 260 200 271 266 144 89 199
d 29 57 166 240 54 146 23 148 130
d 30 25 179 22 97 148 124 57 261
d 31 195 173 12 77 122 75 175 171
d 32 1 235 164 227 158 41 93 230
d 33 281 162 12 99 285 22 248 235
d 34 271 84 126 119 26 150 248 146
d 35 24 149 3 250 5 81 235 194
d 36 160 188 261 183 36 242 138 32
d 37 187 240 228 248 63 278 212 172
d 38 80 149 199 143 33 32 58 125
d 39 108 271 103 62 100 208 64 122
d 40 226 175 223 167 145 192 275 276
d 41 119 150 196 136 120 123 106 141
d 42 241 50 227 20 244 55 229 21
d 43 239 145 92 211 70 60 135 230
d 44 32 197 68 33 57 62 0 7
d 3 47 190 0 267 273 62 276 151
d 4 37 17 20 164 65 102 105 57
d 5 250 124 166 111 13 167 151 50
d 6 21 48 232 185 41 27 218 225
d 7 266 57 173 14 282 16 239 207
d 8 185 127 70 0 140 10 50 250
d 9 203 58 221 129 37 7 273 59
d 10 5 203 159 161 122 227 74 254
d 11 94 21 190 219 147 72 159 243
d 12 118 249 203 106 111 242 153 87
d 13 144 13 158 61 135 109 276 248
d 14 10 178 277 287 1 278 151 162
d 15 84 121 208 215 188 185 66 48
d 16 240 233 222 116 92 177 12 91
d 17 94 61 152 67 194 44 142 279
d 18 270 254 167 83 116 234 208 124
d 19 142 265 200 159 153 112 33 217
d 20 60 105 5 223 123 82 46 130
d 21 227 149 272 133 151 179 54 123
d 22 178 60 243 272 199 268 239 214
d 23 190 187 225 99 48 62 228 38
d 24 223 233 88 64 38 52 141 202
d 25 11 172 214 95 45 235 237 260
d 26 89 258 164 67 187 95 129 32
d 27 62 28 44 219 190 277 200 264
d 28 200 266 142 241 89 271 62 99
d 29 218 58 74 146 130 69 82 251
d 30 25 233 176 44 199 57 164 173
d 31 175 89 122 75 263 190 66 40
d 32 123 235 86 27 8 230 5 3
d 33 162 71 12 271 285 261 76 113
d 34 3 126 248 15 137 102 10 204
d 35 149 3 50 121 24 241 22 19
d 36 261 188 97 149 119 151 246 160
d 37 228 278 268 246 240 98 4 227
d 38 87 218 143 161 73 33 117 204
d 39 103 32 62 271 213 183 27 100
d 40 226 11 192 175 145 38 284 123
d 41 13 139 119 106 173 120 123 5
d 42 50 105 251 66 159 231 229 127
d 43 15 191 80 230 244 38 229 245
d 44 33 182 247 134 6 78 176 19
d 3 103 82 179 107 283 229 215 173
d 4 112 111 53 231 105 100 68 104
d 5 226 2 134 124 174 281 133 168
d 6 158 140 1 81 142 97 9 212
d 7 223 13 178 86 123 267 240 251
d 8 94 18 107 95 14 142 54 205
d 9 233 227 184 130 243 260 141 59
d 10 128 158 72 166 275 88 278 211
d 11 240 146 99 172 219 144 129 85
d 12 174 23 249 117 223 194 115 49
d 13 79 241 103 91 174 182 160 100
d 14 1 162 189 219 54 70 71 274
d 15 211 95 185 92 84 286 215 48
d 16 180 92 233 229 191 192 143 267
d 17 177 52 94 16 143 266 67 230
d 18 124 270 254 84 36 208 83 196
d 19 159 265 55 116 112 64 77 164
d 20 60 130 223 1 159 46 169 210
d 21 178 221 227 272 233 117 179 123
d 22 207 178 188 239 180 24 62 202
d 23 225 73 228 55 159 41 53 38
d 24 247 28 52 88 202 141 200 281
d 25 260 277 237 11 45 127 84 279
d 26 187 143 89 67 190 258 72 70
d 27 28 200 219 158 190 151 89 90
d 28 266 141 241 271 88 140 200 62
d 29 139 130 155 146 190 251 218 142
d 30 25 147 131 176 281 57 54 173
d 31 85 75 278 156 122 190 175 252
d 32 94 117 86 235 57 141 56 46
d 33 71 162 192 271 55 140 42 133
d 34 276 3 126 10 72 26 106 137
d 35 121 149 19 50 127 217 138 241
d 36 149 261 97 79 160 46 71 166
d 37 146 152 101 197 227 228 240 163
d 38 87 165 80 73 161 218 74 137
d 39 82 145 212 271 208 251 9 103
d 40 123 38 80 206 226 107 23 284
d 41 106 5 102 94 123 21 25 23
d 42 203 66 76 241 111 53 143 11
d 43 171 121 178 70 287 245 67 131
d 44 41 0 191 170 81 4 9 47
d 3 242 235 230 194 262 172 157 224
d 4 93 102 107 257 37 273 52 209
d 5 35 124 181 159 62 120 223 186
d 6 166 253 122 1 150 247 165 283
d 7 258 136 0 86 224 104 33 101
d 8 73 104 59 95 196 129 91 197
d 9 192 269 230 104 70 85 143 40
d 10 42 10 47 131 209 263 45 137
d 11 0 67 219 103 3 228 4 58
d 12 152 115 163 194 123 87 78 285
d 13 226 281 91 103 220 79 7 51
d 14 75 87 147 43 269 219 1 138
d 15 213 170 215 88 61 48 207 232
d 16 233 191 210 158 179 262 80 192
d 17 44 284 194 94 266 195 152 16
d 18 83 270 217 156 69 167 209 36
d 19 265 255 159 99 177 238 153 164
d 20 60 105 79 237 123 130 13 122
d 21 272 233 127 179 52 172 53 218
d 22 178 180 239 188 202 207 62 268
d 23 95 38 182 41 225 228 159 260
d 24 247 202 46 208 200 32 233 24
d 25 260 11 172 53 214 237 95 161
d 26 118 258 67 89 166 190 129 94
d 27 28 62 158 190 219 7 75 60
d 28 17 266 79 140 89 228 99 146
d 29 275 130 129 93 148 251 113 95
d 30 25 29 134 19 284 142 39 51
d 31 156 221 231 122 278 56 257 75
d 32 179 209 236 62 8 141 93 13
d 33 185 193 162 89 140 124 189 243
d 34 145 137 106 72 202 191 248 126
d 35 284 163 57 149 2 45 127 232
d 36 215 248 163 151 135 36 261 61
d 37 42 228 63 240 26 161 260 224
d 38 80 152 254 69 143 218 74 58
d 39 271 103 81 38 244 279 203 144
d 40 80 74 107 182 157 148 118 239
d 41 194 92 5 119 38 115 143 122
d 42 127 18 251 213 23 236 207 224
d 43 184 272 230 59 209 181 89 228
d 44 179 217 242 237 107 75 214 44
d 3 48 232 111 277 210 282 45 127
d 4 224 5 226 123 89 121 185 102
d 5 27 283 105 244 35 63 17 101
d 6 66 47 63 269 194 262 136 159
d 7 94 231 159 194 174 208 104 257
d 8 13 172 19 0 204 98 93 170
d 9 122 185 143 283 230 274 110 100
d 10 137 2 80 83 165 3 93 246
d 11 72 220 18 103 256 187 145 13
d 12 152 52 1 107 255 270 115 194
d 13 272 226 282 101 26 7 276 151
d 14 138 43 285 220 191 58 75 76
d 15 40 238 213 284 246 215 151 48
d 16 233 210 172 116 38 229 178 192
d 17 18 27 44 10 92 131 283 219
d 18 69 270 192 83 36 167 209 233
d 19 265 230 159 99 164 203 58 238
d 20 60 237 105 13 45 79 167 204
d 21 261 63 272 233 280 174 179 230
d 22 178 188 239 10 180 137 114 153
d 23 18 93 38 225 41 267 182 37
d 24 251 281 188 200 208 28 134 52
d 25 11 48 151 86 19 237 224 260
d 26 258 7 67 166 221 167 72 89
d 27 28 218 133 190 98 277 75 219
d 28 17 266 182 248 260 200 286 251
d 29 208 45 130 218 93 113 139 210
d 30 284 168 198 25 272 30 230 243
d 31 42 278 122 175 81 38 156 207
d 32 53 159 173 158 236 15 93 126
d 33 226 246 159 185 274 124 191 27
d 34 97 145 94 137 72 275 101 125
d 35 5 259 284 81 156 250 45 127
d 36 135 248 62 36 17 205 166 196
d 37 228 14 122 181 53 161 22 60
d 38 58 69 80 105 192 245 118 9
d 39 212 271 38 144 226 74 171 104
d 40 182 165 80 164 226 145 280 126
d 41 23 209 113 38 184 122 161 115
d 42 23 283 127 133 149 21 224 205
d 43 72 130 59 101 113 139 155 263
d 44 73 237 240 77 52 42 278 44
d 3 31 182 119 109 142 229 161 187
d 4 146 145 25 211 14 207 117 109
d 5 167 202 113 89 275 144 82 203
d 6 38 91 115 246 92 114 279 185
d 7 43 14 109 258 176 168 249 86
d 8 50 133 20 172 10 251 204 0
d 9 77 200 185 230 122 283 90 140
d 10 197 82 143 137 60 144 134 51
d 11 147 67 273 122 259 164 64 110
d 12 18 232 52 115 152 198 87 255
d 13 144 44 13 226 281 61 103 26
d 14 191 138 58 54 285 43 132 56
d 15 135 177 151 208 40 215 84 213
d 16 233 116 210 9 38 172 191 134
d 17 116 102 18 40 44 194 10 16
d 18 83 270 192 167 69 124 237 254
d 19 99 265 242 142 159 230 164 58
d 20 60 237 207 105 242 210 71 101
d 21 52 280 233 272 50 148 150 178
d 22 178 268 62 180 239 188 191 227
d 23 41 172 190 225 228 37 244 110
d 24 71 102 247 81 5 19 256 192
d 25 56 95 235 119 129 278 53 149
d 26 258 285 98 190 23 88 86 186
d 27 57 79 270 281 240 183 241 13
d 28 228 266 89 42 45 200 142 132
d 29 45 66 93 59 49 16 134 224
d 30 284 244 167 69 257 156 93 241
d 31 191 40 223 56 25 38 278 42
d 32 173 236 7 179 189 131 122 69
d 33 246 140 13 204 226 129 172 17
d 34 275 145 244 141 146 82 278 56
d 35 198 256 71 73 268 133 252 25
d 36 17 15 22 0 144 36 166 193
d 37 228 207 198 45 61 233 181 149
d 38 69 170 101 248 43 249 9 99
d 39 38 245 89 136 191 23 171 237
d 40 182 226 147 80 214 280 150 74
d 41 144 139 32 122 246 92 184 194
d 42 23 236 96 283 7 67 26 218
d 43 130 113 221 101 139 59 149 232
d 44 33 270 240 77 237 252 44 89
d 3 149 284 54 19 252 210 36 109
d 4 200 178 36 166 207 65 61 37
d 5 246 152 148 191 284 25 70 143
d 6 215 55 131 43 102 80 109 211
d 7 120 127 57 87 256 14 176 131
d 8 65 15 16 172 84 0 234 198
d 9 203 187 169 211 185 72 150 99
d 10 68 129 226 232 212 122 19 180
d 11 164 147 219 190 216 243 67 146
d 12 142 251 2 52 152 87 255 14
d 13 61 74 13 144 183 160 226 242
d 14 138 222 237 191 184 277 273 54
d 15 21 151 48 215 84 246 267 190
d 16 9 210 233 116 143 229 224 174
d 17 18 32 10 16 102 86 182 40
d 18 192 270 83 36 243 124 284 227
d 19 164 58 265 99 230 102 282 159
d 20 237 60 220 1 207 143 210 172
d 21 280 233 272 52 224 98 128 84
d 22 191 178 62 268 180 227 239 188
d 23 184 41 225 228 99 32 159 244
d 24 102 81 5 247 201 192 170 262
d 25 130 11 56 149 95 283 119 92
d 26 258 285 98 71 190 88 23 99
d 27 183 57 58 79 145 28 130 53
d 28 84 266 144 228 42 17 200 45
d 29 45 59 49 93 11 239 15 165
d 30 167 284 244 137 257 84 69 256
d 31 42 191 278 207 253 24 249 115
d 32 118 173 236 7 131 122 112 281
d 33 13 246 140 204 172 264 17 113
d 34 275 38 145 141 192 82 56 100
d 35 198 71 256 117 107 156 70 133
d 36 17 15 101 22 140 276 164 192
d 37 198 207 253 228 59 181 269 275
d 38 69 167 99 248 0 28 155 170
d 39 38 245 89 255 23 136 115 191
d 40 182 226 193 131 113 81 144 112
d 41 139 173 144 90 100 35 275 246
d 42 174 236 23 50 96 283 76 224
d 43 244 191 15 113 221 59 238 101
d 44 134 33 182 247 6 76 237 240
d 3 248 249 159 123 106 26 245 184
d 4 113 18 275 120 10 255 95 174
d 5 122 242 260 16 126 119 219 271
d 6 219 44 255 175 254 236 188 12
d 7 44 180 237 92 118 107 127 207
d 8 229 98 111 114 169 89 273 96
d 9 239 21 67 123 93 151 31 243
d 10 256 83 265 233 37 10 259 44
d 11 53 256 92 138 46 69 62 157
d 12 201 147 120 17 3 83 134 13
d 13 177 69 9 91 145 70 233 196
d 14 129 146 114 138 23 209 76 215
d 15 49 69 245 190 183 148 12 159
d 16 136 61 227 231 172 78 206 166
d 17 247 18 36 78 86 181 190 118
d 18 243 0 220 1 215 125 234 227
d 19 253 102 239 199 80 36 285 127
d 20 279 1 237 92 37 210 273 60
d 21 247 280 41 122 124 98 190 233
d 22 191 206 216 178 161 280 281 252
d 23 225 136 91 164 133 103 57 118
d 24 227 228 75 65 35 102 69 4
d 25 116 201 73 197 11 149 10 167
d 26 258 98 268 84 120 113 109 186
d 27 241 111 219 237 9 165 10 27
d 28 144 266 201 42 45 43 156 240
d 29 45 59 83 93 2 270 215 280
d 30 127 256 84 45 96 161 141 186
d 31 40 18 179 24 199 278 88 271
d 32 281 147 131 251 75 7 271 90
d 33 140 244 240 277 35 197 172 199
d 34 259 81 57 141 238 276 97 275
d 35 83 224 256 71 198 133 245 5
d 36 101 17 211 0 118 61 107 22
d 37 245 109 181 256 176 46 207 23
d 38 69 161 63 13 262 246 251 253
d 39 22 56 38 31 89 39 35 201
d 40 239 182 242 150 193 158 105 270
d 41 53 175 219 217 203 155 134 270
d 42 126 174 273 192 252 23 184 75
d 43 248 280 97 59 221 8 113 272
d 44 187 141 286 75 88 115 93 224
d 3 9 96 60 274 133 122 157 81
d 4 184 18 25 221 95 204 146 161
d 5 277 260 72 16 69 44 267 185
d 6 172 18 184 194 268 197 52 276
d 7 180 44 237 265 124 131 51 107
d 8 98 114 252 283 96 156 81 62
d 9 239 142 21 152 131 48 49 44
d 10 171 23 198 194 256 259 45 86
d 11 138 256 92 53 259 157 33 238
d 12 201 128 134 78 147 93 17 127
d 13 177 70 145 91 18 196 58 285
d 14 129 215 23 122 114 146 1 207
d 15 49 190 159 245 183 70 50 23
d 16 136 231 227 245 61 32 115 78
d 17 179 78 181 118 120 29 135 165
d 18 1 215 261 153 170 285 240 61
d 19 236 257 225 136 270 239 199 285
d 20 279 4 3 37 191 215 273 263
d 21 21 3 41 122 88 94 277 132
d 22 34 61 252 191 161 280 206 216
d 23 76 122 200 176 223 152 56 79
d 24 171 73 69 182 29 133 4 228
d 25 166 133 94 21 177 53 11 241
d 26 213 54 84 258 268 287 218 186
d 27 169 29 230 42 200 27 176 175
d 28 19 218 115 274 215 167 136 45
d 29 281 59 37 83 195 58 210 75
d 30 201 93 136 284 176 99 138 5
d 31 40 234 191 213 153 216 235 223
d 32 263 221 24 161 139 73 284 38
d 33 140 204 246 35 226 105 188 113
d 34 275 155 243 152 146 136 238 279
d 35 71 198 256 156 95 134 155 245
d 36 17 22 107 192 108 203 283 118
d 37 207 23 243 39 197 253 29 200
d 38 69 168 13 211 160 84 91 156
d 39 38 260 136 115 245 191 99 68
d 40 182 233 286 34 193 100 170 14
d 41 13 144 38 99 217 200 36 155
d 42 174 252 190 108 21 102 278 64
d 43 59 199 97 221 113 133 180 149
d 44 75 88 94 244 279 267 230 98
d 3 60 151 231 283 262 174 175 3
d 4 139 19 91 188 82 187 229 273
d 5 259 98 239 19 237 251 62 163
d 6 142 20 277 268 19 89 136 148
d 7 83 207 95 265 230 174 29 231
d 8 285 98 221 156 114 259 129 245
d 9 239 141 62 93 67 23 95 152
d 10 71 256 200 10 166 220 234 18
d 11 115 138 24 91 242 256 13 18
d 12 11 120 237 201 275 109 140 147
d 13 177 272 37 282 91 70 145 191
d 14 129 114 119 86 110 58 23 122
d 15 49 190 251 12 39 285 105 57
d 16 172 95 227 130 217 59 153 224
d 17 131 124 120 78 27 190 181 36
d 18 1 210 170 267 31 112 261 125
d 19 236 239 10 275 136 241 285 199
d 20 273 1 92 37 78 269 279 227
d 21 78 122 181 205 3 98 137 94
d 22 282 252 191 161 279 281 188 206
d 23 18 111 76 91 225 2 56 270
d 24 75 228 182 37 35 110 171 52
d 25 11 10 115 201 219 269 251 95
d 26 258 104 98 7 201 38 109 67
d 27 218 70 79 111 28 27 219 252
d 28 144 266 201 182 42 248 203 17
d 29 45 59 2 93 138 215 15 270
d 30 255 180 137 161 117 256 43 244
d 31 0 271 38 98 122 24 278 62
d 32 281 147 131 271 272 75 93 168
d 33 277 246 244 99 238 273 223 62
d 34 97 51 20 125 141 11 36 38
d 35 5 217 235 70 272 14 237 165
d 36 101 0 206 99 114 28 13 198
d 37 262 104 178 196 126 53 142 199
d 38 63 118 133 120 245 230 160 91
d 39 108 240 186 74 225 31 242 271
d 40 105 270 145 275 160 83 280 201
d 41 168 53 115 118 122 277 4 244
d 42 190 263 7 21 174 201 225 102
d 43 89 133 135 113 99 40 5 55
d 44 13 244 278 265 272 215 203 285
d 3 284 171 121 191 109 236 244 46
d 4 39 24 77 99 159 162 204 207
d 5 152 197 196 179 207 214 111 151
d 6 245 221 10 284 48 152 256 286
d 7 252 183 57 222 5 211 96 21
d 8 227 234 213 247 261 172 194 287
d 9 98 240 58 211 129 17 108 273
d 10 105 101 120 217 253 218 79 118
d 11 136 223 214 216 123 61 222 92
d 12 263 204 155 152 118 62 2 87
d 13 211 137 13 15 242 232 226 103
d 14 138 117 278 247 268 263 277 7
d 15 42 20 121 152 205 280 84 215
d 16 198 275 233 9 210 89 195 266
d 17 18 147 27 68 36 44 10 86
d 18 270 83 233 167 209 243 192 36
d 19 265 99 242 159 153 164 58 77
d 20 60 237 116 1 105 242 130 207
d 21 50 29 280 272 148 233 118 179
d 22 178 35 84 182 180 191 82 239
d 23 52 225 244 41 120 132 159 228
d 24 241 155 108 64 5 19 102 126
d 25 236 125 11 161 223 10 245 72
d 26 258 201 98 88 190 285 23 71
d 27 70 183 79 281 27 7 52 270
d 28 235 266 155 144 92 228 29 265
d 29 45 42 35 74 59 93 134 215
d 30 284 69 167 137 148 257 244 45
d 31 195 42 162 0 199 25 98 189
d 32 123 173 204 281 7 141 236 286
d 33 246 13 285 124 188 17 36 204
d 34 38 145 204 132 20 151 36 180
d 35 256 198 276 110 133 124 107 270
d 36 17 15 140 7 207 66 133 138
d 37 262 228 207 198 181 61 178 45
d 38 69 185 99 155 131 43 198 195
d 39 38 89 114 79 0 171 14 46
d 40 226 182 193 270 201 131 66 150
d 41 173 139 144 37 263 93 184 118
d 42 7 236 23 50 76 105 49 283
d 43 130 113 244 80 15 191 139 6
d 44 33 134 131 182 77 221 237 8
d 3 149 26 284 36 68 109 46 180
d 4 200 178 258 37 112 61 50 65
d 5 246 152 248 23 128 11 123 116
d 6 55 215 109 43 159 225 127 4
d 7 256 120 127 252 5 97 282 162
d 8 65 15 227 111 0 246 243 39
d 9 203 187 157 169 235 211 59 185
d 10 226 129 68 232 111 212 61 12
d 11 164 146 147 31 136 123 190 216
d 12 155 52 87 142 152 251 0 62
d 13 177 119 145 117 74 251 282 104
d 14 129 114 140 207 11 221 196 133
d 15 49 190 251 57 47 23 183 162
d 16 227 115 13 108 136 268 192 77
d 17 124 135 78 239 179 118 120 122
d 18 1 261 170 103 142 37 214 165
d 19 236 241 76 257 225 33 239 10
d 20 273 250 270 4 89 227 269 32
d 21 3 70 198 21 215 69 218 80
d 22 196 125 260 252 13 2 199 12
d 23 201 184 52 122 152 223 140 191
d 24 171 172 56 152 141 235 98 102
d 25 177 94 89 166 259 225 53 125
d 26 213 285 86 15 78 218 258 40
d 27 169 188 209 29 56 153 166 27
d 28 274 73 202 87 215 267 194 268
d 29 45 37 276 58 210 281 88 277
d 30 201 15 93 284 64 187 67 69
d 31 40 234 211 191 140 29 150 113
d 32 161 54 24 176 118 115 108 46
d 33 140 204 35 172 13 167 39 129
d 34 275 160 279 167 278 57 146 266
d 35 198 71 256 47 127 52 238 134
d 36 17 22 144 15 6 77 194 163
d 37 207 181 31 253 39 41 7 56
d 38 69 167 13 273 160 117 170 50
d 39 38 188 245 136 0 39 241 153
d 40 182 14 8 286 147 112 193 192
d 41 144 139 35 173 263 38 227 251
d 42 236 7 23 174 50 225 183 283
d 43 113 191 15 244 238 221 24 220
d 44 134 33 131 64 182 247 237 52
d 3 70 162 127 159 225 270 63 29
d 4 273 102 238 246 18 127 103 133
d 5 122 48 260 90 233 259 22 69
d 6 179 255 219 221 101 106 144 211
d 7 44 180 50 48 104 78 143 287
d 8 75 98 114 71 282 214 220 6
d 9 25 225 239 93 171 59 131 134
d 10 167 256 182 83 146 49 134 40
d 11 20 138 53 219 226 92 256 131
d 12 201 147 120 51 3 134 128 236
d 13 177 91 9 70 196 145 195 233
d 14 129 283 114 209 122 6 5 15
d 15 49 79 190 39 183 148 208 150
d 16 26 13 136 188 157 19 55 284
d 17 181 135 78 84 89 139 25 26
d 18 1 210 261 3 153 220 125 223
d 19 236 275 80 225 72 285 136 141
d 20 279 273 92 1 32 4 55 37
d 21 122 247 205 3 41 77 94 190
d 22 252 94 191 36 161 216 181 206
d 23 91 225 213 2 125 119 228 163
d 24 227 279 65 35 182 233 192 247
d 25 118 53 32 105 117 56 10 195
d 26 205 258 98 99 233 113 190 183
d 27 79 281 77 27 42 197 105 49
d 28 54 221 230 266 13 157 45 132
d 29 45 37 59 100 84 93 280 57
d 30 201 167 27 50 93 256 36 96
d 31 40 234 276 78 179 287 26 194
d 32 261 161 213 29 37 24 7 65
d 33 159 140 244 136 248 233 204 243
d 34 202 218 275 30 81 152 132 136
d 35 198 269 71 256 200 65 87 227
d 36 17 118 9 4 203 101 55 22
d 37 109 207 256 134 21 181 91 63
d 38 153 69 185 43 170 160 63 230
d 39 0 22 38 93 104 215 89 141
d 40 216 112 182 46 63 270 240 34
d 41 143 53 271 147 282 79 286 198
d 42 75 174 252 23 207 98 7 140
d 43 78 12 262 190 221 97 87 102
d 44 38 161 88 33 244 245 169 173
d 3 106 168 162 108 23 178 155 126
d 4 178 264 115 97 286 118 247 51
d 5 283 177 44 259 25 69 5 62
d 6 110 270 177 14 72 114 233 247
d 7 237 44 80 78 280 194 6 99
d 8 46 228 98 283 75 114 101 107
d 9 25 239 83 21 104 81 152 131
d 10 69 192 205 256 244 284 46 286
d 11 165 248 92 138 69 155 191 132
d 12 286 201 273 128 120 278 74 134
d 13 177 70 196 91 97 145 119 203
d 14 212 129 6 15 114 122 11 36
d 15 190 49 208 174 285 25 281 39
d 16 188 26 221 157 181 227 119 130
d 17 181 78 135 239 26 175 139 190
d 18 1 153 261 220 99 3 267 259
d 19 236 257 14 225 24 102 187 241
d 20 279 259 4 215 237 273 190 136
d 21 122 21 3 198 277 283 131 94
d 22 252 191 206 193 161 216 281 94
d 23 164 122 76 91 56 225 255 49
d 24 172 227 270 228 35 42 4 69
d 25 56 10 16 21 118 117 53 259
d 26 205 258 38 240 98 44 268 113
d 27 79 49 99 42 111 57 124 232
d 28 201 144 13 194 266 157 132 111
d 29 45 59 93 2 100 84 280 215
d 30 256 36 48 201 45 148 71 213
d 31 181 40 153 179 26 270 146 276
d 32 261 65 281 104 131 271 158 7
d 33 244 148 277 199 124 140 27 159
d 34 141 275 81 101 222 193 167 36
d 35 55 198 14 124 133 235 264 48
d 36 101 0 17 62 118 133 43 61
d 37 256 207 122 91 38 181 203 7
d 38 63 153 69 185 101 133 198 68
d 39 22 31 219 215 38 79 242 243
d 40 105 270 112 126 8 210 72 216
d 41 53 271 4 118 37 49 161 146
d 42 252 7 174 57 21 190 218 98
d 43 89 102 87 97 55 133 40 214
d 44 227 244 265 272 164 136 98 183
d 3 170 160 130 9 211 252 5 258
d 4 125 183 14 265 116 131 164 80
d 5 50 4 219 227 179 173 247 119
d 6 112 178 170 77 287 24 202 88
d 7 118 273 176 261 23 89 192 15
d 8 82 229 46 96 215 111 231 265
d 9 102 32 242 123 282 151 63 59
d 10 126 12 154 108 274 34 136 143
d 11 108 51 12 219 122 248 103 94
d 12 202 109 259 53 217 278 193 60
d 13 54 258 137 77 91 23 151 70
d 14 268 138 120 111 137 209 122 248
d 15 20 86 152 266 27 282 135 115
d 16 58 245 103 123 140 147 195 39
d 17 138 147 18 86 36 126 25 181
d 18 210 233 220 243 125 2 153 179
d 19 275 72 80 265 253 159 64 164
d 20 1 92 273 237 279 60 77 199
d 21 122 247 50 199 160 178 22 173
d 22 191 193 178 181 84 8 206 3
d 23 120 225 91 2 57 228 56 166
d 24 227 175 139 228 5 230 202 126
d 25 99 117 13 10 248 149 53 195
d 26 195 205 258 23 109 84 2 156
d 27 49 164 271 34 281 125 223 88
d 28 159 118 54 42 132 45 65 86
d 29 248 102 100 42 66 45 2 280
d 30 167 44 286 201 125 186 45 15
d 31 53 276 158 40 199 33 189 47
d 32 143 239 281 178 122 173 7 2
d 33 140 42 28 168 274 100 233 183
d 34 193 275 67 91 218 152 132 279
d 35 198 55 157 14 92 133 211 73
d 36 17 118 68 62 269 43 107 61
d 37 109 207 134 31 259 262 116 122
d 38 185 69 153 265 43 9 245 179
d 39 101 38 0 141 219 277 242 36
d 40 105 182 240 171 112 270 72 46
d 41 216 53 203 37 117 286 4 118
d 42 7 257 57 174 119 112 232 177
d 43 82 106 12 164 89 14 55 87
d 44 131 88 98 270 158 1 33 30
d 3 162 70 127 63 225 159 30 131
d 4 233 150 9 277 260 68 133 240
d 5 84 48 66 37 218 194 279 69
d 6 179 41 219 175 158 59 94 255
d 7 44 31 287 50 20 195 52 280
d 8 75 114 98 220 71 8 174 246
d 9 25 225 222 239 50 21 266 93
d 10 167 55 256 182 118 49 127 18
d 11 20 146 154 24 51 53 138 166
d 12 181 201 71 202 80 0 115 226
d 13 13 217 177 117 56 188 70 233
d 14 277 166 219 67 129 286 274 207
d 15 66 168 2 270 101 252 286 179
d 16 91 229 244 176 281 202 49 250
d 17 76 262 279 265 38 254 219 17
d 18 254 57 5 101 284 208 139 256
d 19 25 56 238 151 125 116 176 58
d 20 137 169 66 181 159 56 92 186
d 21 51 142 123 157 71 187 22 33
d 22 285 42 43 178 173 128 188 26
d 23 11 145 150 49 88 62 3 160
d 24 207 103 159 165 45 184 118 29
d 25 274 113 150 72 176 95 53 103
d 26 25 1 131 198 160 169 178 252
d 27 203 58 97 172 184 201 156 87
d 28 46 60 185 84 255 163 45 0
d 29 149 219 170 263 204 241 16 10
d 30 257 243 97 136 145 279 9 246
d 31 197 89 192 274 217 117 78 23
d 32 118 229 277 263 84 175 173 92
d 33 1 171 278 237 31 40 182 209
d 34 59 143 168 29 132 126 37 135
d 35 258 188 111 147 29 190 134 27
d 36 187 140 278 195 279 222 32 261
d 37 93 88 151 21 278 12 251 20
d 38 99 137 107 259 170 157 195 88
d 39 77 183 211 245 256 278 138 122
d 40 11 283 96 240 100 6 138 168
d 41 53 121 143 60 99 77 128 221
d 42 75 174 131 207 252 85 57 110
d 43 12 262 78 134 233 102 6 178
d 44 161 38 33 88 173 244 57 218
d 3 16 225 168 185 135 215 114 30
d 4 285 115 264 97 282 60 157 272
d 5 283 6 62 44 77 25 245 76
d 6 110 134 14 61 177 215 74 180
d 7 27 237 44 51 80 191 194 151
d 8 46 203 283 98 75 222 246 101
d 9 69 46 25 56 239 242 83 180
d 10 239 274 192 205 284 46 286 78
d 11 61 92 138 248 132 129 256 78
d 12 176 201 128 286 227 120 7 123
d 13 177 70 157 145 91 268 131 195
d 14 129 90 122 6 212 114 5 83
d 15 208 190 49 265 38 79 183 174
d 16 221 136 26 157 103 8 188 49
d 17 181 233 78 138 84 89 139 182
d 18 1 210 153 63 257 125 31 259
d 19 236 275 80 136 281 5 285 141
d 20 273 92 279 219 195 215 147 237
d 21 122 198 181 179 5 98 3 21
d 22 178 282 161 237 252 188 191 272
d 23 225 2 55 56 20 270 111 76
d 24 4 52 75 283 37 194 228 126
d 25 11 80 53 163 180 10 241 73
d 26 258 104 128 109 98 190 38 77
d 27 28 79 70 111 270 49 4 219
d 28 144 266 17 62 201 246 158 241
d 29 138 248 93 45 215 59 7 2
d 30 255 256 85 48 25 148 61 117
d 31 207 0 218 263 43 126 122 271
d 32 65 158 281 20 271 90 131 93
d 33 148 27 274 28 277 57 238 137
d 34 141 97 208 20 11 36 1 100
d 35 55 5 217 257 235 150 232 14
d 36 101 43 206 73 28 99 198 107
d 37 262 196 53 138 91 104 178 122
d 38 63 252 245 120 230 173 133 80
d 39 195 219 187 271 108 172 141 74
d 40 275 105 63 175 270 66 252 19
d 41 53 168 118 277 27 115 122 251
d 42 190 21 252 10 160 236 278 216
d 43 89 133 113 135 185 164 5 58
d 44 244 13 272 278 215 111 10 217
d 3 284 171 121 115 236 191 151 26
d 4 39 99 24 149 192 86 204 42
d 5 152 210 196 111 214 187 198 39
d 6 245 221 13 49 284 130 43 10
d 7 183 162 57 5 222 252 49 96
d 8 227 261 213 234 90 243 287 194
d 9 98 240 218 211 58 51 5 108
d 10 105 217 120 101 218 252 89 253
d 11 123 136 223 216 214 199 1 42
d 12 155 263 62 204 14 255 2 4
d 13 211 15 13 242 226 137 232 27
d 14 138 278 117 268 247 263 75 277
d 15 20 42 229 84 205 280 152 121
d 16 233 198 275 99 210 172 192 91
d 17 27 18 68 10 86 147 25 84
d 18 243 270 57 254 83 179 283 157
d 19 159 265 164 44 157 77 269 242
d 20 92 273 60 1 237 246 199 38
d 21 50 148 29 272 178 206 233 38
d 22 178 35 84 191 239 180 86 188
d 23 52 225 244 41 228 38 159 166
d 24 108 126 247 155 241 52 88 39
d 25 11 53 161 10 283 235 241 130
d 26 258 201 190 98 205 285 23 37
d 27 28 270 70 9 27 183 44 108
d 28 266 235 155 144 228 17 166 241
d 29 138 45 42 93 215 280 262 59
d 30 284 167 255 137 69 257 25 134
d 31 24 42 207 239 189 125 98 253
d 32 65 173 90 158 141 20 271 230
d 33 246 148 185 273 223 27 274 71
d 34 38 141 212 51 137 100 157 25
d 35 115 157 110 201 242 239 107 217
d 36 15 0 254 226 193 36 80 28
d 37 262 175 178 228 15 198 236 276
d 38 205 99 69 198 148 147 118 230
d 39 271 171 178 104 36 46 79 172
d 40 226 274 265 224 99 19 200 64
d 41 168 118 263 23 244 27 225 73
d 42 236 225 160 211 21 50 102 63
d 43 130 113 80 135 202 5 158 29
d 44 8 33 57 221 237 217 270 52
d 3 149 26 89 33 46 106 36 284
d 4 200 178 61 284 50 112 251 171
d 5 246 152 111 248 128 116 23 138
d 6 55 215 43 121 109 127 41 35
d 7 256 120 127 118 169 170 5 252
d 8 65 15 144 227 16 86 39 84
d 9 203 187 169 235 230 135 185 211
d 10 129 226 68 232 111 39 212 272
d 11 164 146 123 190 147 31 136 65
d 12 155 251 52 75 0 87 36 142
d 13 177 145 119 13 188 70 117 74
d 14 129 207 244 67 44 11 243 252
d 15 49 57 190 50 23 14 2 32
d 16 136 56 115 26 24 227 268 61
d 17 239 135 89 78 124 26 250 46
d 18 1 261 3 87 223 242 246 112
d 19 236 208 21 257 146 268 58 120
d 20 250 141 269 207 17 227 273 226
d 21 198 3 275 137 282 29 183 82
d 22 252 195 112 200 9 206 118 43
d 23 191 94 201 242 61 152 226 11
d 24 152 215 171 108 56 182 103 255
d 25 177 166 94 53 140 113 259 168
d 26 213 255 84 25 132 78 241 190
d 27 169 153 148 209 241 27 166 281
d 28 215 274 245 167 27 202 248 60
d 29 37 26 45 86 16 149 189 103
d 30 15 242 136 201 74 219 244 67
d 31 40 234 38 272 211 24 105 196
d 32 161 24 263 75 176 279 84 118
d 33 140 204 39 105 167 124 40 113
d 34 275 160 13 36 141 279 187 159
d 35 198 71 47 256 127 134 25 105
d 36 17 22 108 193 77 144 210 166
d 37 207 155 39 181 41 253 59 42
d 38 69 167 6 13 160 35 236 170
d 39 38 136 83 27 226 90 0 68
d 40 182 8 286 114 256 21 79 10
d 41 144 200 173 61 12 13 35 6
d 42 236 23 50 174 206 160 235 219
d 43 113 191 15 244 221 6 158 24
d 44 134 33 182 64 247 237 52 277
d 3 9 208 272 110 159 222 31 285
d 4 276 212 239 238 102 233 109 255
d 5 259 260 130 119 230 203 86 100
d 6 182 105 251 247 266 175 145 194
d 7 44 180 83 20 17 278 157 3
d 8 180 79 98 104 106 126 125 265
d 9 45 239 217 21 48 266 49 120
d 10 156 198 182 43 112 181 190 46
d 11 157 219 53 138 130 256 92 242
d 12 128 201 169 147 93 238 3 243
d 13 75 177 145 218 9 196 91 209
d 14 129 23 13 243 122 3 209 21
d 15 49 178 29 148 50 101 190 159
d 16 273 284 61 114 136 181 74 206
d 17 78 247 181 179 9 36 135 187
d 18 1 173 220 215 117 285 125 157
d 19 285 236 72 102 6 246 222 19
d 20 279 1 237 273 32 92 215 55
d 21 122 247 23 94 3 77 21 281
d 22 191 216 252 36 161 206 94 181
d 23 2 213 56 225 76 215 200 136
d 24 227 228 262 69 212 65 126 192
d 25 10 93 11 117 116 183 56 167
d 26 258 205 98 44 104 17 38 268
d 27 49 111 9 28 270 229 7 70
d 28 266 240 276 201 260 42 194 89
d 29 138 59 93 215 83 166 15 45
d 30 256 110 277 25 61 75 29 220
d 31 24 43 122 225 189 278 239 106
d 32 65 20 93 75 281 158 147 168
d 33 148 277 99 28 96 142 274 27
d 34 97 141 20 146 212 230 36 259
d 35 5 55 257 149 185 235 217 25
d 36 101 206 0 107 71 193 36 198
d 37 187 104 217 283 60 182 91 195
d 38 149 80 257 274 32 125 245 118
d 39 271 195 108 187 246 19 156 243
d 40 127 119 105 275 106 216 18 63
d 41 53 23 282 145 118 244 277 111
d 42 190 57 252 10 160 54 211 63
d 43 268 134 190 97 133 164 246 158
d 44 88 250 38 269 244 286 252 29
d 3 120 222 227 141 181 272 169 164
d 4 118 213 100 67 199 206 187 27
d 5 135 255 139 247 232 89 110 103
d 6 43 267 283 20 268 42 127 119
d 7 44 244 280 249 28 2 98 52
d 8 245 101 114 98 193 3 85 243
d 9 37 239 281 44 134 15 43 214
d 10 252 167 49 256 32 198 68 26
d 11 18 138 206 116 235 242 109 29
d 12 201 127 128 104 268 237 38 147
d 13 145 277 177 70 196 91 75 166
d 14 129 265 6 119 122 215 23 11
d 15 49 259 178 50 285 38 39 57
d 16 273 114 181 157 136 61 11 245
d 17 9 179 78 181 187 139 135 165
d 18 1 261 3 215 187 223 265 63
d 19 236 208 285 21 76 199 225 6
d 20 215 269 279 203 149 191 245 207
d 21 21 3 122 162 264 37 198 164
d 22 142 94 252 133 161 29 195 260
d 23 76 2 200 152 67 267 234 226
d 24 262 135 276 228 212 200 52 286
d 25 11 214 163 241 131 277 180 192
d 26 258 67 89 164 128 72 191 206
d 27 28 62 264 151 190 159 277 138
d 28 266 260 22 276 17 271 123 140
d 29 218 166 138 130 93 146 15 248
d 30 277 256 25 110 255 220 113 48
d 31 184 122 35 89 249 43 206 207
d 32 65 20 235 230 75 271 5 93
d 33 99 21 142 274 122 277 27 22
d 34 97 26 84 271 56 20 246 204
d 35 5 55 149 217 235 25 81 257
d 36 206 107 101 0 135 241 280 71
d 37 187 278 182 19 57 161 104 195
d 38 80 149 181 32 125 274 245 230
d 39 271 108 195 242 74 240 64 54
d 40 0 223 275 80 175 252 115 19
d 41 23 196 53 118 282 244 199 280
d 42 190 21 55 63 252 218 133 160
d 43 268 133 135 239 5 99 89 102
d 44 13 244 272 278 263 164 16 3
d 3 12 126 90 171 7 234 273 109
d 4 78 219 39 216 138 57 24 8
d 5 248 221 85 152 3 27 166 100
d 6 161 284 143 12 256 217 131 113
d 7 57 14 131 203 183 243 68 0
d 8 253 213 194 234 81 82 4 70
d 9 129 16 47 98 220 279 171 204
d 10 253 208 91 105 99 122 272 251
d 11 66 245 16 21 246 277 168 214
d 12 110 263 22 15 111 14 204 279
d 13 13 15 135 211 71 226 31 160
d 14 277 287 202 130 166 60 148 117
d 15 104 66 118 168 215 180 5 20
d 16 176 208 91 222 233 177 244 229
d 17 44 236 279 195 194 252 27 92
d 18 270 167 83 254 30 173 116 10
d 19 265 112 238 211 200 153 159 157
d 20 5 66 123 84 85 159 60 105
d 21 123 216 226 187 151 42 133 206
d 22 178 173 82 199 146 20 285 42
d 23 202 11 14 62 90 42 66 129
d 24 45 141 7 1 189 207 28 284
d 25 274 260 85 127 95 214 45 113
d 26 89 270 174 164 186 31 169 46
d 27 277 203 62 152 89 190 264 285
d 28 191 163 62 255 115 81 70 203
d 29 86 209 130 98 23 77 219 74
d 30 261 229 176 208 233 57 85 166
d 31 220 175 257 89 122 2 226 170
d 32 277 27 262 164 93 5 235 64
d 33 256 12 162 130 237 127 271 21
d 34 126 158 248 95 26 200 94 62
d 35 114 3 149 194 220 217 258 116
d 36 261 188 48 160 280 78 36 199
d 37 278 251 202 268 78 226 161 12
d 38 199 73 107 204 239 225 280 14
d 39 32 267 103 45 183 74 62 204
d 40 235 87 35 102 145 57 157 276
d 41 48 123 87 134 75 106 280 119
d 42 157 172 2 228 208 161 67 21
d 43 154 251 126 104 255 70 120 228
d 44 216 116 220 160 229 202 72 57
d 3 103 82 283 221 153 112 215 107
d 4 112 111 53 231 68 102 100 80
d 5 133 2 243 241 224 174 184 199
d 6 140 248 81 1 189 56 111 11
d 7 13 223 239 24 178 182 86 247
d 8 18 94 14 104 205 255 59 197
d 9 233 138 227 184 80 175 33 59
d 10 275 72 166 245 93 279 128 35
d 11 240 99 219 146 66 232 144 23
d 12 174 23 110 117 223 194 244 242
d 13 241 79 182 226 156 100 85 13
d 14 1 189 12 219 285 130 200 54
d 15 185 95 286 92 48 215 171 211
d 16 180 229 143 177 70 43 69 106
d 17 177 52 252 60 111 76 16 237
d 18 254 10 36 42 124 196 131 208
d 19 112 238 116 159 200 25 55 80
d 20 24 159 169 130 60 210 230 23
d 21 117 133 123 187 42 227 11 232
d 22 207 272 199 247 128 196 20 178
d 23 281 14 73 228 202 55 262 225
d 24 141 52 231 154 88 216 7 32
d 25 280 127 45 260 214 274 279 85
d 26 143 89 187 46 23 174 37 70
d 27 200 151 152 264 89 277 90 60
d 28 241 271 266 62 111 132 15 141
d 29 139 155 130 146 142 190 23 54
d 30 147 131 176 57 52 54 124 21
d 31 75 85 171 175 257 122 214 173
d 32 94 117 278 86 164 8 93 137
d 33 162 71 12 192 142 138 194 271
d 34 126 3 276 49 128 182 26 106
d 35 121 19 149 22 279 217 3 50
d 36 261 97 79 160 149 134 46 93
d 37 146 152 101 212 202 240 161 148
d 38 199 87 73 161 95 45 218 9
d 39 208 251 82 181 32 267 103 183
d 40 123 38 226 157 145 206 35 23
d 41 106 123 94 102 5 284 25 21
d 42 203 66 76 241 228 93 21 133
d 43 171 121 178 287 70 67 224 206
d 44 41 0 191 170 81 9 47 4
d 3 207 155 119 26 82 24 237 215
d 4 102 92 38 247 147 112 140 250
d 5 134 133 159 35 98 151 154 147
d 6 157 122 234 1 115 247 205 179
d 7 7 14 50 0 209 101 131 249
d 8 26 196 197 43 275 80 125 104
d 9 225 170 104 255 60 44 200 25
d 10 209 47 41 173 267 82 79 139
d 11 277 219 67 103 263 146 0 282
d 12 148 115 194 244 12 232 274 238
d 13 281 31 156 56 218 79 243 108
d 14 123 216 147 285 64 142 20 35
d 15 88 213 48 215 129 230 186 272
d 16 131 234 191 143 145 229 45 210
d 17 252 111 52 60 284 16 266 108
d 18 42 131 156 278 270 70 228 124
d 19 159 238 112 55 68 54 263 200
d 20 24 107 1 109 286 130 221 23
d 21 117 227 133 73 30 174 55 187
d 22 202 220 188 207 178 172 62 247
d 23 55 7 69 91 105 225 73 228
d 24 32 247 88 263 96 279 241 70
d 25 280 119 127 149 1 85 96 277
d 26 23 123 98 181 89 191 174 190
d 27 90 89 151 270 277 7 74 60
d 28 280 224 115 62 259 228 146 116
d 29 130 148 104 96 146 59 77 101
d 30 268 176 156 174 166 32 110 30
d 31 239 13 108 132 205 94 124 90
d 32 4 245 211 209 14 137 69 179
d 33 77 45 271 138 37 12 243 47
d 34 126 106 182 76 203 248 11 60
d 35 149 67 6 22 217 16 246 110
d 36 163 130 188 248 261 151 41 231
d 37 63 221 51 161 14 42 26 250
d 38 128 16 249 218 98 9 105 110
d 39 265 234 267 170 103 181 6 279
d 40 44 118 157 23 35 74 145 239
d 41 248 194 159 134 16 5 92 242
d 42 137 6 228 286 275 264 102 134
d 43 253 26 224 272 70 228 101 31
d 44 195 110 242 238 30 273 251 160
d 3 141 200 199 282 88 186 239 243
d 4 184 242 265 197 137 155 36 89
d 5 101 222 77 121 176 88 244 129
d 6 95 222 224 58 194 166 182 15
d 7 180 83 101 181 159 225 21 224
d 8 55 98 252 209 117 46 62 149
d 9 110 231 192 274 46 202 44 217
d 10 277 170 23 41 156 204 239 72
d 11 191 219 274 151 29 103 53 187
d 12 191 255 194 227 54 123 152 78
d 13 267 276 76 156 124 285 173 108
d 14 75 215 271 43 285 69 11 231
d 15 66 170 135 53 179 215 192 194
d 16 229 1 89 199 233 102 12 165
d 17 27 252 8 283 142 70 253 52
d 18 156 42 255 70 243 57 76 79
d 19 159 200 238 196 44 153 265 55
d 20 109 234 79 23 127 1 85 183
d 21 230 87 141 227 174 30 73 63
d 22 148 178 247 172 161 188 10 122
d 23 200 82 276 70 262 101 10 286
d 24 265 75 52 4 268 270 282 251
d 25 280 224 119 127 71 135 85 1
d 26 84 103 181 32 89 197 174 188
d 27 170 151 95 31 89 60 248 74
d 28 66 280 144 62 115 260 231 199
d 29 83 130 166 77 215 59 69 253
d 30 32 17 54 124 137 97 110 57
d 31 124 32 273 89 62 287 214 245
d 32 53 93 139 51 4 271 245 100
d 33 99 138 285 142 12 62 22 37
d 34 126 185 76 271 20 84 182 106
d 35 250 24 149 22 5 6 116 227
d 36 130 62 40 188 248 261 134 158
d 37 187 267 22 46 228 161 133 29
d 38 125 254 58 32 251 13 105 149
d 39 127 108 234 265 267 64 40 181
d 40 23 118 165 35 276 145 275 171
d 41 168 159 196 105 277 136 171 71
d 42 256 137 227 228 133 185 139 281
d 43 239 224 272 70 101 228 60 92
d 44 242 197 32 195 73 279 160 68
d 3 1 197 276 176 224 46 200 24
d 4 22 125 262 186 105 192 229 62
d 5 195 254 97 258 20 273 52 213
d 6 200 176 35 142 159 257 85 39
d 7 213 55 5 65 123 212 240 52
d 8 235 82 152 30 121 174 115 117
d 9 277 282 75 130 125 28 274 60
d 10 285 126 149 277 143 27 17 55
d 11 136 108 234 191 274 273 199 238
d 12 287 240 255 191 148 194 78 202
d 13 264 137 85 54 13 276 15 285
d 14 278 120 215 111 130 220 73 65
d 15 152 235 7 215 272 213 53 132
d 16 198 58 12 164 123 45 229 234
d 17 252 68 142 253 279 8 65 27
d 18 42 66 102 254 270 156 124 70
d 19 238 101 200 159 263 54 68 196
d 20 109 24 234 116 23 245 186 107
d 21 29 230 104 174 133 247 30 73
d 22 89 172 182 191 148 84 188 239
d 23 19 91 55 62 82 244 33 159
d 24 175 108 88 231 247 39 52 7
d 25 181 127 280 219 119 85 45 149
d 26 191 117 89 98 32 23 188 181
d 27 89 90 270 55 277 252 62 151
d 28 280 62 155 228 115 242 89 146
d 29 42 130 11 146 246 93 280 69
d 30 62 32 268 156 17 176 167 110
d 31 62 13 32 249 75 207 214 124
d 32 28 211 269 4 51 69 137 11
d 33 138 37 162 271 243 12 149 189
d 34 126 144 76 182 203 106 269 83
d 35 149 22 6 116 57 16 41 256
d 36 130 248 41 134 188 163 36 231
d 37 161 8 61 156 146 227 221 51
d 38 16 199 128 133 98 218 143 9
d 39 265 234 267 27 6 226 157 272
d 40 118 44 35 23 274 137 107 145
d 41 159 134 248 92 16 268 38 73
d 42 105 228 212 6 203 275 127 1
d 43 272 70 224 31 101 106 253 228
d 44 242 110 195 238 273 30 251 172
d 3 269 200 197 11 89 212 274 22
d 4 233 121 107 155 8 151 89 137
d 5 88 254 270 2 230 216 264 14
d 6 95 212 112 197 108 76 119 183
d 7 83 180 104 78 157 119 59 196
d 8 98 91 117 180 217 62 121 264
d 9 73 244 66 202 181 165 253 271
d 10 86 224 147 22 241 277 103 225
d 11 211 219 191 103 34 226 139 84
d 12 191 252 225 54 176 255 198 194
d 13 124 276 209 77 151 205 112 268
d 14 75 13 232 72 97 129 70 122
d 15 66 61 2 257 49 208 130 115
d 16 229 61 114 207 158 199 250 56
d 17 206 286 27 36 107 131 25 142
d 18 157 62 283 243 125 156 270 57
d 19 103 238 159 230 36 200 215 54
d 20 1 109 92 32 210 79 74 143
d 21 230 141 247 205 30 87 94 199
d 22 55 188 192 247 191 122 161 216
d 23 82 56 91 176 262 46 276 1
d 24 4 227 52 277 265 263 7 270
d 25 127 96 266 115 110 76 149 56
d 26 191 101 231 167 155 103 95 98
d 27 270 62 248 100 89 21 218 44
d 28 89 280 199 62 146 116 260 6
d 29 130 158 59 69 57 77 22 208
d 30 176 22 32 97 167 213 17 208
d 31 246 10 40 249 43 22 222 112
d 32 53 221 214 137 1 112 230 81
d 33 99 138 140 113 57 188 243 56
d 34 144 76 126 125 212 182 185 163
d 35 55 5 250 256 14 144 184 52
d 36 62 130 166 107 133 23 52 63
d 37 158 187 22 237 263 29 63 25
d 38 58 69 143 32 240 125 133 261
d 39 142 185 127 64 157 181 141 74
d 40 118 165 23 223 182 186 127 55
d 41 159 141 230 38 112 100 268 182
d 42 212 84 112 133 207 160 211 232
d 43 272 1 70 134 168 248 11 95
d 44 250 107 110 75 267 164 37 21
d 3 96 147 140 141 70 65 55 181
d 4 214 273 166 34 164 269 54 167
d 5 219 85 278 15 68 224 254 39
d 6 85 166 146 147 274 173 45 78
d 7 255 176 180 159 264 44 251 239
d 8 259 98 73 188 200 197 221 83
d 9 181 201 81 94 231 255 185 208
d 10 200 2 148 277 121 204 22 165
d 11 103 84 164 105 137 219 191 18
d 12 225 54 270 255 176 152 14 123
d 13 272 77 209 151 89 112 276 130
d 14 75 72 129 160 285 70 110 138
d 15 238 208 130 2 49 223 146 115
d 16 229 278 59 77 11 140 179 143
d 17 107 27 131 25 163 245 214 2
d 18 157 283 220 254 57 125 243 261
d 19 103 236 157 5 36 141 14 194
d 20 269 207 92 273 1 109 74 37
d 21 141 205 78 79 94 178 61 22
d 22 247 188 161 282 38 181 112 137
d 23 262 18 70 242 56 200 267 176
d 24 52 251 4 97 106 286 207 55
d 25 127 96 274 45 19 11 115 53
d 26 191 95 256 89 7 23 58 44
d 27 270 218 89 248 138 277 151 44
d 28 62 89 12 276 260 88 11 115
d 29 166 130 59 257 248 146 121 280
d 30 213 208 261 57 240 200 15 41
d 31 175 171 39 205 112 10 55 79
d 32 53 93 235 168 271 158 202 73
d 33 99 285 22 191 2 162 160 280
d 34 84 174 125 76 128 243 126 271
d 35 55 250 149 24 22 81 194 5
d 36 261 40 30 62 254 79 157 133
d 37 187 22 161 29 57 255 278 202
d 38 58 254 125 32 274 172 130 143
d 39 108 127 64 181 271 128 103 74
d 40 23 223 165 35 38 118 78 145
d 41 196 277 103 254 244 141 199 123
d 42 227 55 261 133 2 21 263 183
d 43 239 135 261 92 60 72 70 99
d 44 248 68 73 160 197 216 32 203
d 3 217 246 12 233 153 22 214 128
d 4 85 138 8 217 185 149 35 57
d 5 27 96 108 166 101 176 41 95
d 6 237 242 204 199 234 284 78 89
d 7 57 68 246 76 131 209 97 173
d 8 187 270 210 223 4 59 234 28
d 9 129 88 47 208 125 171 52 123
d 10 99 251 91 19 87 139 164 103
d 11 246 245 135 19 103 219 142 21
d 12 22 14 244 263 194 256 218 255
d 13 13 31 25 94 3 211 160 253
d 14 277 166 144 202 148 121 287 65
d 15 66 168 116 10 48 189 185 220
d 16 264 247 229 91 202 244 222 143
d 17 252 279 208 236 76 52 148 142
d 18 254 10 42 57 214 18 116 124
d 19 238 25 116 159 200 112 54 44
d 20 159 169 278 66 181 109 38 245
d 21 123 216 174 221 79 187 267 42
d 22 253 173 285 42 188 247 146 128
d 23 11 145 202 262 121 88 90 42
d 24 148 52 45 1 284 207 141 182
d 25 274 53 113 127 104 96 85 260
d 26 186 89 208 25 169 1 181 178
d 27 203 248 276 277 89 152 265 74
d 28 163 62 191 115 81 255 192 46
d 29 86 98 130 251 257 280 149 209
d 30 261 243 136 229 208 176 219 145
d 31 257 163 197 170 175 66 235 220
d 32 263 277 236 93 64 229 27 18
d 33 130 1 256 237 171 271 213 274
d 34 59 143 158 76 145 126 248 62
d 35 57 114 147 258 188 16 78 190
d 36 199 187 188 278 248 261 106 41
d 37 278 268 251 202 161 69 93 88
d 38 107 225 195 152 217 21 154 207
d 39 103 211 77 197 278 150 183 29
d 40 11 35 87 215 102 96 131 145
d 41 48 121 134 173 98 123 87 75
d 42 261 2 125 208 157 172 21 192
d 43 154 261 278 251 15 37 126 272
d 44 253 216 133 182 247 19 160 6
d 3 229 117 220 74 210 215 196 46
d 4 165 249 12 154 176 207 210 116
d 5 136 148 133 116 128 209 62 213
d 6 84 236 95 237 269 111 157 234
d 7 52 179 118 256 138 211 235 14
d 8 135 80 280 66 127 148 272 12
d 9 0 54 129 125 253 124 204 232
d 10 176 236 169 93 35 263 206 134
d 11 219 121 103 232 76 99 95 250
d 12 199 112 244 184 51 209 286 238
d 13 13 266 254 25 64 156 31 182
d 14 121 172 12 75 2 179 123 168
d 15 172 117 2 265 66 230 217 61
d 16 69 229 150 251 131 163 199 201
d 17 177 242 198 60 76 32 112 107
d 18 254 70 248 57 156 42 208 10
d 19 238 25 103 44 159 116 56 263
d 20 159 169 273 109 24 38 104 245
d 21 79 267 221 123 157 133 73 174
d 22 247 188 220 102 261 178 117 48
d 23 88 69 73 121 262 90 141 144
d 24 55 0 31 52 96 182 207 259
d 25 127 274 213 277 113 11 96 85
d 26 123 254 169 190 186 59 34 188
d 27 248 277 203 152 74 89 270 151
d 28 178 115 116 136 152 62 88 146
d 29 244 130 104 155 251 113 28 225
d 30 196 176 281 147 24 136 166 269
d 31 257 101 177 267 166 280 252 148
d 32 221 182 204 89 4 234 277 174
d 33 130 192 64 271 273 43 243 19
d 34 46 126 10 182 76 174 26 276
d 35 138 6 118 246 127 149 57 86
d 36 188 215 149 199 157 229 253 13
d 37 161 146 82 202 152 197 42 163
d 38 57 73 21 216 110 43 129 230
d 39 90 145 204 103 29 9 279 170
d 40 272 157 38 27 57 70 145 232
d 41 102 284 143 263 5 46 142 85
d 42 53 93 68 111 76 7 192 2
d 43 128 164 178 19 70 224 216 171
d 44 54 158 168 89 0 108 4 255
d 3 269 29 74 36 10 113 142 167
d 4 214 110 274 136 111 249 255 212
d 5 10 2 234 34 131 158 97 93
d 6 140 284 112 189 95 266 81 281
d 7 57 46 68 131 263 235 118 33
d 8 196 270 266 108 81 11 208 154
d 9 33 263 129 253 233 208 125 248
d 10 206 272 169 176 162 270 267 8
d 11 219 103 95 240 246 47 137 63
d 12 244 199 184 14 194 34 242 60
d 13 13 25 182 60 5 254 73 32
d 14 277 166 219 75 202 129 247 121
d 15 66 168 2 270 48 146 79 179
d 16 229 91 143 176 210 77 280 244
d 17 76 107 27 279 52 242 143 254
d 18 57 254 283 5 36 192 124 193
d 19 103 157 194 44 269 159 254 5
d 20 38 109 172 181 66 92 169 137
d 21 123 79 267 51 71 142 133 84
d 22 188 247 43 178 38 117 285 112
d 23 150 11 159 3 88 262 190 152
d 24 103 207 176 198 159 45 55 102
d 25 113 274 278 96 53 176 67 150
d 26 208 167 25 1 213 131 84 57
d 27 270 203 58 184 169 62 201 57
d 28 89 46 60 185 214 245 84 136
d 29 149 222 37 86 263 272 219 170
d 30 257 136 134 279 267 243 176 97
d 31 40 197 234 51 226 174 285 105
d 32 118 263 229 221 89 67 137 271
d 33 1 171 182 105 237 278 144 140
d 34 59 266 208 36 29 244 9 126
d 35 258 188 256 111 29 198 231 179
d 36 187 140 86 279 188 164 84 195
d 37 93 151 45 88 95 278 181 21
d 38 99 107 195 69 259 143 27 170
d 39 77 245 211 183 256 278 228 199
d 40 11 283 5 118 182 38 240 272
d 41 102 123 284 98 252 228 5 99
d 42 53 68 76 93 111 2 7 192
d 43 128 19 178 171 70 216 224 67
d 44 54 158 4 168 0 81 98 141
d 3 35 132 232 27 3 21 74 258
d 4 151 197 23 54 237 130 102 9
d 5 187 42 109 164 261 234 283 98
d 6 182 196 160 166 236 186 274 177
d 7 258 159 143 225 71 176 257 245
d 8 98 200 275 26 192 197 285 209
d 9 31 104 73 110 159 120 72 81
d 10 267 81 284 234 176 167 169 209
d 11 103 13 219 105 234 59 47 58
d 12 205 244 194 199 158 184 84 209
d 13 254 31 173 256 156 23 266 282
d 14 123 232 86 216 219 239 10 121
d 15 259 258 66 194 179 127 99 2
d 16 265 229 251 158 150 199 84 59
d 17 242 154 27 107 205 193 237 76
d 18 152 254 156 52 131 283 210 70
d 19 238 44 263 103 116 154 159 37
d 20 273 159 169 245 24 210 222 109
d 21 133 79 221 208 73 95 127 267
d 22 247 118 154 148 261 102 272 16
d 23 55 182 88 262 69 210 202 267
d 24 0 55 182 54 52 84 198 94
d 25 115 274 127 113 42 96 149 213
d 26 186 212 123 188 89 169 58 190
d 27 72 248 74 277 89 236 152 160
d 28 224 115 62 286 192 116 141 157
d 29 200 275 130 129 251 113 148 28
d 30 19 281 212 238 136 230 176 269
d 31 165 257 77 101 56 286 163 176
d 32 236 126 89 191 209 93 221 179
d 33 271 193 19 173 77 149 189 58
d 34 182 202 106 174 145 126 72 57
d 35 57 116 259 127 200 41 159 16
d 36 215 248 261 229 163 253 65 77
d 37 155 202 42 161 267 78 236 30
d 38 105 107 152 203 86 249 279 251
d 39 103 234 170 267 204 150 183 114
d 40 46 44 165 35 145 162 74 218
d 41 143 194 242 252 115 134 105 47
d 42 86 45 228 286 149 21 134 232
d 43 184 17 253 213 228 285 70 31
d 44 161 104 217 30 238 160 52 271
d 3 23 108 111 167 26 242 230 237
d 4 196 163 286 71 21 118 248 271
d 5 115 150 45 158 153 243 70 265
d 6 110 220 251 210 263 264 213 255
d 7 118 80 16 136 278 217 257 33
d 8 228 222 154 206 197 259 216 80
d 9 125 192 31 124 71 136 69 99
d 10 286 137 231 81 239 284 43 39
d 11 166 103 105 84 219 57 234 3
d 12 226 199 50 244 194 205 104 198
d 13 254 156 13 31 202 105 257 23
d 14 15 86 75 123 19 132 219 239
d 15 259 215 223 208 89 194 66 156
d 16 229 265 158 150 199 84 90 3
d 17 242 40 107 154 27 193 205 25
d 18 283 281 265 254 156 70 152 57
d 19 44 159 238 103 263 157 54 116
d 20 273 109 159 169 42 180 270 245
d 21 79 152 73 123 133 221 208 174
d 22 188 148 247 114 282 46 118 261
d 23 182 262 88 228 55 75 138 71
d 24 182 55 52 54 134 265 0 198
d 25 127 96 274 173 115 53 277 149
d 26 190 188 89 186 221 212 84 128
d 27 7 270 160 89 248 203 74 277
d 28 115 261 62 146 120 79 192 116
d 29 275 200 130 113 116 280 251 205
d 30 212 238 19 134 281 176 146 162
d 31 257 9 56 156 128 66 286 102
d 32 236 89 93 209 179 116 126 51
d 33 193 271 149 77 274 19 249 189
d 34 182 145 106 126 248 192 72 76
d 35 57 6 116 16 190 150 127 45
d 36 215 248 88 261 213 253 24 130
d 37 42 250 202 161 30 69 78 246
d 38 26 152 86 64 274 203 217 230
d 39 103 234 267 170 235 204 181 226
d 40 35 44 145 157 118 148 165 74
d 41 194 242 252 115 105 47 134 92
d 42 86 228 45 134 149 278 284 256
d 43 184 253 228 272 213 31 70 18
d 44 104 217 30 238 110 161 160 192
d 3 119 68 75 192 62 218 180 228
d 4 146 228 71 182 168 154 9 35
d 5 245 0 134 82 79 141 86 200
d 6 234 27 91 213 166 80 270 189
d 7 188 118 251 2 97 71 173 245
d 8 94 66 50 183 86 255 146 57
d 9 180 29 185 272 31 275 175 26
d 10 88 152 239 197 216 50 43 16
d 11 105 103 146 219 100 13 194 234
d 12 106 16 244 50 194 199 84 209
d 13 34 31 174 252 254 143 156 79
d 14 97 137 123 75 175 86 285 239
d 15 172 211 54 215 61 246 272 287
d 16 174 229 265 199 120 150 233 17
d 17 242 193 107 27 205 40 214 252
d 18 57 254 283 156 157 79 265 42
d 19 44 159 157 238 103 269 194 164
d 20 273 109 122 159 92 212 38 190
d 21 79 73 22 152 133 261 123 154
d 22 188 282 247 148 178 261 114 38
d 23 262 37 75 228 211 88 55 93
d 24 31 182 53 52 200 55 188 134
d 25 286 260 48 127 149 274 277 85
d 26 221 129 89 186 190 181 84 128
d 27 85 248 236 89 74 151 158 117
d 28 79 146 120 115 62 285 192 88
d 29 172 130 257 210 113 129 280 274
d 30 219 238 176 112 212 70 29 166
d 31 257 156 235 75 80 175 78 214
d 32 236 283 99 204 84 93 14 220
d 33 271 34 274 249 250 214 25 198
d 34 145 126 26 182 248 106 204 24
d 35 173 260 81 3 50 149 19 6
d 36 97 102 36 151 260 253 188 108
d 37 238 251 202 137 63 125 219 58
d 38 192 199 31 236 64 82 107 98
d 39 103 48 197 96 267 181 170 226
d 40 135 157 194 145 23 1 38 148
d 41 194 94 183 242 160 123 115 106
d 42 36 251 228 86 21 13 278 58
d 43 117 272 255 31 18 178 70 173
d 44 15 104 87 47 181 275 107 217
d 3 100 75 245 173 5 3 215 68
d 4 96 202 110 108 11 84 7 236
d 5 0 10 174 176 140 84 223 178
d 6 156 246 3 37 234 100 236 0
d 7 37 152 59 118 60 76 33 5
d 8 11 266 231 196 68 154 127 96
d 9 61 9 233 56 31 227 123 75
d 10 162 27 194 130 128 151 41 196
d 11 95 37 103 219 58 105 89 168
d 12 245 244 148 106 255 194 40 34
d 13 60 174 31 220 23 25 3 238
d 14 129 216 97 274 219 43 252 11
d 15 2 230 49 76 39 48 57 130
d 16 229 262 167 17 150 244 210 192
d 17 27 177 92 107 2 76 278 52
d 18 283 57 254 157 36 270 193 5
d 19 103 157 5 44 176 159 271 174
d 20 269 109 207 250 92 38 273 210
d 21 203 37 215 79 30 24 22 98
d 22 188 247 153 282 178 94 55 112
d 23 242 212 152 88 262 69 234 1
d 24 52 55 182 200 152 97 96 135
d 25 127 274 286 213 96 64 149 277
d 26 221 89 59 105 186 123 157 233
d 27 85 248 89 84 74 277 151 141
d 28 178 115 120 62 192 152 88 146
d 29 203 130 104 113 155 78 210 257
d 30 112 219 176 196 238 24 166 70
d 31 257 80 235 66 50 286 280 94
d 32 182 236 204 130 55 84 56 74
d 33 192 64 271 77 250 83 25 177
d 34 276 145 182 126 136 26 248 46
d 35 81 50 246 149 138 116 45 190
d 36 149 130 261 198 94 197 253 281
d 37 146 152 197 187 202 161 14 125
d 38 57 18 129 230 107 158 141 203
d 39 48 90 170 9 267 103 212 181
d 40 272 38 23 165 74 145 134 92
d 41 102 242 160 95 106 284 115 122
d 42 53 68 76 111 193 7 145 232
d 43 128 178 216 26 19 70 67 224
d 44 158 4 81 54 168 0 125 175
d 3 248 62 75 231 136 212 68 34
d 4 123 89 52 206 115 137 107 199
d 5 109 284 10 187 98 139 90 277
d 6 36 153 196 166 224 18 269 236
d 7 59 224 180 159 208 101 218 27
d 8 21 200 201 169 63 172 67 75
d 9 81 53 168 129 151 201 96 122
d 10 41 204 81 47 135 148 42 194
d 11 103 12 3 137 219 105 113 91
d 12 205 255 123 194 40 54 234 244
d 13 254 121 252 197 174 238 11 157
d 14 97 75 219 156 285 19 40 232
d 15 268 19 2 129 202 238 215 246
d 16 17 229 210 165 143 45 156 84
d 17 242 193 205 154 107 27 70 65
d 18 283 156 254 57 42 79 73 265
d 19 44 159 238 157 154 99 242 98
d 20 273 109 24 159 245 92 131 212
d 21 174 248 73 79 208 133 154 152
d 22 148 145 188 247 154 16 282 268
d 23 262 182 70 88 73 55 48 260
d 24 182 198 200 52 263 251 0 55
d 25 48 196 96 274 149 260 200 127
d 26 221 190 208 103 89 186 126 181
d 27 146 89 74 7 248 203 236 85
d 28 192 46 115 281 62 157 28 120
d 29 130 166 113 78 121 118 171 280
d 30 243 110 57 213 269 15 198 61
d 31 257 175 163 205 98 79 235 34
d 32 93 263 130 271 103 100 14 137
d 33 77 159 149 274 243 250 57 2
d 34 136 125 248 84 1 26 128 53
d 35 81 156 109 250 127 258 147 16
d 36 212 94 135 199 281 59 63 261
d 37 187 267 161 29 224 196 202 22
d 38 107 279 36 48 129 141 257 125
d 39 170 13 103 108 234 128 74 231
d 40 165 215 145 38 223 284 81 229
d 41 196 105 115 199 123 132 96 118
d 42 187 76 21 149 63 58 242 283
d 43 26 115 239 285 92 214 70 135
d 44 32 62 68 140 256 262 136 203
d 3 246 217 121 97 233 54 134 160
d 4 132 185 85 196 8 138 238 57
d 5 190 205 196 201 46 26 95 89
d 6 81 144 284 237 234 68 19 286
d 7 57 246 132 42 68 239 211 141
d 8 272 186 187 57 232 192 264 105
d 9 278 129 88 47 202 246 125 123
d 10 251 91 99 41 216 168 87 179
d 11 246 264 135 74 103 2 268 147
d 12 92 113 16 209 244 199 194 123
d 13 144 13 31 25 94 156 187 287
d 14 277 152 144 166 197 148 97 201
d 15 168 30 147 116 66 10 180 169
d 16 264 50 91 247 229 244 78 73
d 17 242 279 102 76 208 205 285 193
d 18 254 283 156 57 284 42 214 79
d 19 238 157 44 25 56 159 154 242
d 20 181 159 169 66 150 278 212 273
d 21 123 79 73 157 22 221 154 133
d 22 59 253 250 268 188 173 117 285
d 23 99 11 90 145 262 121 36 88
d 24 198 159 148 182 52 45 176 0
d 25 96 53 274 113 176 235 150 161
d 26 190 25 208 252 1 169 186 178
d 27 203 146 97 89 184 270 248 27
d 28 46 136 192 115 41 163 62 146
d 29 263 5 149 130 280 86 170 58
d 30 243 136 257 134 213 267 176 192
d 31 257 197 175 98 163 205 23 9
d 32 263 229 277 93 236 205 216 137
d 33 1 31 252 237 171 105 274 243
d 34 59 205 36 182 130 244 76 125
d 35 147 258 111 110 29 14 217 134
d 36 199 187 195 133 248 220 16 52
d 37 236 15 268 93 69 185 202 97
d 38 107 195 9 95 198 280 139 48
d 39 211 77 103 183 231 74 267 246
d 40 79 11 270 215 145 185 234 126
d 41 216 98 277 134 115 96 130 244
d 42 261 208 125 83 264 21 64 283
d 43 278 261 225 11 136 205 60 202
d 44 133 253 182 76 121 136 84 217
d 3 41 222 34 142 136 271 172 17
d 4 234 283 49 228 8 195 66 9
d 5 240 163 64 227 10 9 17 52
d 6 228 285 271 160 95 188 237 224
d 7 165 178 211 264 57 138 97 42
d 8 170 164 272 186 225 224 141 39
d 9 187 39 129 275 125 184 208 83
d 10 84 236 266 157 154 108 251 119
d 11 264 202 82 262 219 140 71 103
d 12 209 92 72 86 56 16 194 240
d 13 144 204 13 25 185 237 230 121
d 14 52 250 277 152 257 254 237 84
d 15 260 147 11 279 51 66 2 36
d 16 46 125 49 229 50 91 202 210
d 17 242 1 237 102 205 76 107 12
d 18 254 57 225 283 79 156 73 210
d 19 44 159 194 242 157 238 271 80
d 20 212 246 273 109 150 1 92 169
d 21 154 79 133 22 73 123 157 187
d 22 95 188 250 59 268 202 178 247
d 23 158 87 117 51 262 90 99 32
d 24 198 143 148 159 52 215 182 0
d 25 96 53 161 5 113 274 27 45
d 26 190 252 191 25 84 17 208 19
d 27 270 203 89 28 151 169 141 97
d 28 136 115 146 261 155 41 277 46
d 29 282 5 58 130 280 66 215 162
d 30 134 136 243 244 192 172 19 267
d 31 9 40 257 156 13 175 245 142
d 32 263 228 89 236 69 56 221 176
d 33 105 140 252 1 19 274 37 164
d 34 126 33 182 187 76 72 101 133
d 35 147 95 57 127 258 149 110 159
d 36 248 199 130 128 253 222 188 61
d 37 236 97 61 69 250 42 31 208
d 38 195 107 22 69 152 164 265 184
d 39 211 234 279 282 278 74 267 183
d 40 79 215 118 182 74 134 145 38
d 41 216 134 87 199 256 274 115 73
d 42 264 161 208 23 283 257 124 149
d 43 82 225 126 96 97 59 230 181
d 44 220 229 48 115 110 183 69 259
d 3 7 12 109 87 82 148 287 67
d 4 78 146 267 234 144 104 6 59
d 5 240 64 156 13 227 28 104 216
d 6 171 237 234 161 129 7 69 97
d 7 139 57 168 118 143 211 138 245
d 8 178 225 109 169 287 192 255 232
d 9 187 279 129 276 208 262 48 5
d 10 84 111 135 56 129 154 8 190
d 11 202 246 264 137 140 105 0 147
d 12 209 54 72 244 152 194 123 14
d 13 144 13 233 254 230 77 25 253
d 14 75 207 129 232 42 80 231 138
d 15 279 2 147 49 151 246 190 61
d 16 229 233 46 49 77 92 59 9
d 17 107 242 25 102 78 248 124 76
d 18 1 220 261 57 157 254 283 233
d 19 157 236 194 220 103 72 241 132
d 20 273 38 212 12 90 92 82 172
d 21 79 198 123 56 233 167 133 22
d 22 188 252 250 241 117 247 178 155
d 23 158 152 95 90 111 51 242 11
d 24 198 182 45 171 46 208 148 172
d 25 53 94 177 259 96 161 166 105
d 26 213 19 186 86 84 15 17 190
d 27 169 153 241 139 270 203 281 279
d 28 136 167 261 91 253 146 115 45
d 29 37 113 5 86 275 251 123 281
d 30 134 136 172 73 37 93 244 264
d 31 40 234 211 9 23 29 235 134
d 32 263 221 89 210 176 7 236 223
d 33 140 105 19 35 37 204 1 124
d 34 275 187 33 278 72 76 167 82
d 35 198 256 127 71 147 57 47 224
d 36 17 128 248 130 144 41 93 229
d 37 236 181 42 69 278 30 207 250
d 38 69 164 152 195 22 201 223 98
d 39 38 211 282 109 278 234 136 140
d 40 182 215 79 71 44 118 74 143
d 41 134 38 216 87 173 199 48 144
d 42 264 161 1 23 119 283 127 208
d 43 126 225 104 272 228 166 230 184
d 44 220 110 229 160 115 116 240 282
d 3 226 113 197 67 243 32 142 200
d 4 138 86 83 145 195 267 164 276
d 5 190 136 71 237 287 201 183 273
d 6 244 95 157 141 61 171 217 267
d 7 282 55 256 157 118 283 127 65
d 8 34 213 192 96 80 221 265 105
d 9 203 187 238 129 232 281 110 121
d 10 84 203 226 164 201 68 195 278
d 11 219 164 202 190 103 264 12 63
d 12 209 99 72 194 39 142 16 56
d 13 13 162 25 144 61 43 237 230
d 14 194 277 254 267 207 42 52 197
d 15 151 279 66 147 260 19 168 21
d 16 37 49 229 91 50 9 210 202
d 17 1 242 76 279 107 237 102 128
d 18 281 254 192 57 28 225 210 239
d 19 157 194 44 159 271 233 235 224
d 20 212 273 220 92 276 237 60 1
d 21 79 84 154 123 22 98 133 188
d 22 95 250 188 59 174 50 150 178
d 23 158 99 32 90 91 184 51 95
d 24 198 148 215 182 208 54 143 45
d 25 53 96 161 125 172 5 266 37
d 26 190 252 188 84 17 19 25 74
d 27 270 203 169 48 153 241 29 27
d 28 136 167 261 146 115 155 122 268
d 29 58 5 86 149 275 251 282 257
d 30 134 136 243 172 244 261 73 192
d 31 9 40 156 234 23 174 245 197
d 32 263 89 236 118 221 176 69 17
d 33 105 140 37 1 19 171 193 249
d 34 33 76 187 126 72 275 25 133
d 35 95 57 147 256 127 159 114 258
d 36 128 17 248 41 61 130 114 253
d 37 236 69 30 42 181 97 61 250
d 38 195 152 164 22 69 201 45 145
d 39 211 234 278 282 38 279 267 12
d 40 215 79 182 74 134 118 44 71
d 41 134 173 216 38 87 256 92 73
d 42 264 261 125 1 23 161 283 127
d 43 126 261 278 15 184 272 230 228
d 44 253 19 247 182 110 160 48 6
d 3 202 149 205 20 285 208 107 38
d 4 285 257 59 86 207 282 105 11
d 5 94 242 82 122 64 203 120 172
d 6 51 58 0 61 189 70 240 117
d 7 12 264 268 49 118 244 71 123
d 8 151 182 116 55 109 83 229 255
d 9 199 138 202 243 127 201 281 184
d 10 152 83 201 84 275 133 36 119
d 11 219 103 146 160 282 272 205 47
d 12 209 103 270 16 53 0 106 39
d 13 143 10 16 172 282 13 233 237
d 14 42 12 273 54 138 76 75 137
d 15 155 92 215 277 224 287 190 226
d 16 174 229 172 59 94 243 19 183
d 17 25 107 95 170 179 242 78 124
d 18 1 220 138 261 280 131 74 265
d 19 236 114 241 132 257 90 279 174
d 20 273 212 12 4 180 270 223 127
d 21 198 208 51 164 143 79 56 272
d 22 52 232 282 148 118 73 188 252
d 23 158 23 61 20 111 242 108 271
d 24 51 172 182 171 54 69 156 94
d 25 222 53 177 29 96 94 67 259
d 26 188 90 213 19 17 186 84 190
d 27 175 241 270 153 169 281 139 205
d 28 252 278 136 167 261 91 174 23
d 29 145 119 25 266 113 37 67 77
d 30 134 73 49 136 148 172 92 146
d 31 46 40 234 9 177 164 142 23
d 32 263 89 18 165 26 33 134 223
d 33 224 140 19 105 44 37 238 35
d 34 33 275 187 72 131 105 52 133
d 35 222 198 127 256 57 71 286 135
d 36 17 128 41 167 61 285 20 207
d 37 16 30 247 181 69 250 31 236
d 38 164 23 69 201 195 22 189 11
d 39 140 38 39 282 234 109 226 82
d 40 182 153 71 215 79 44 173 142
d 41 33 38 134 186 216 256 151 92
d 42 1 277 23 283 264 127 33 142
d 43 144 166 45 203 119 221 97 228
d 44 27 110 44 282 232 242 48 160
d 3 231 273 130 67 103 174 170 69
d 4 95 190 3 239 46 276 187 70
d 5 177 57 259 91 185 236 146 269
d 6 233 70 148 273 184 32 186 182
d 7 44 180 6 265 83 94 29 244
d 8 114 245 71 169 98 23 282 44
d 9 93 239 131 66 249 202 128 160
d 10 29 256 242 49 201 191 53 5
d 11 46 138 219 256 18 235 33 146
d 12 201 120 147 134 209 273 78 38
d 13 177 70 233 150 164 119 268 86
d 14 129 243 50 138 152 42 119 114
d 15 183 49 190 79 224 99 285 25
d 16 268 13 136 227 188 157 32 56
d 17 78 124 135 239 18 191 25 49
d 18 1 103 131 170 61 153 85 261
d 19 236 257 241 258 225 114 249 132
d 20 279 4 273 89 227 270 12 78
d 21 21 198 41 3 80 82 23 277
d 22 210 232 252 161 12 47 216 282
d 23 242 163 158 214 122 20 114 75
d 24 172 69 171 182 227 197 162 92
d 25 53 259 94 21 29 177 185 172
d 26 268 213 19 186 261 17 236 38
d 27 166 169 241 153 281 70 42 29
d 28 167 136 252 240 184 73 230 51
d 29 25 37 119 192 113 162 277 184
d 30 134 127 136 247 264 172 272 93
d 31 40 234 179 216 235 9 207 38
d 32 263 134 176 190 41 210 249 89
d 33 140 105 275 19 161 124 199 39
d 34 275 136 30 129 81 187 14 72
d 35 198 127 224 10 71 256 65 222
d 36 17 128 63 22 144 214 207 46
d 37 30 223 207 181 31 247 43 118
d 38 69 164 126 195 98 59 50 243
d 39 38 20 126 39 22 140 77 112
d 40 182 216 112 79 110 276 158 71
d 41 33 35 147 155 217 38 256 287
d 42 108 207 96 23 283 18 124 127
d 43 221 97 262 225 84 203 43 181
d 44 86 230 279 242 267 115 282 270
d 3 231 48 88 60 125 96 212 44
d 4 162 282 213 42 221 127 182 250
d 5 185 44 58 56 12 87 21 199
d 6 92 105 145 182 188 287 52 245
d 7 44 29 124 0 177 174 117 98
d 8 98 96 283 46 252 278 114 109
d 9 83 239 141 267 167 44 49 93
d 10 71 32 79 256 214 194 46 171
d 11 53 138 256 92 162 13 18 111
d 12 275 201 273 32 97 237 147 13
d 13 282 177 37 70 145 157 77 191
d 14 129 153 119 76 138 94 231 122
d 15 190 49 183 170 57 224 221 162
d 16 172 13 56 227 59 84 95 157
d 17 95 78 179 25 124 107 120 264
d 18 265 90 1 261 129 220 255 153
d 19 236 275 114 10 241 149 74 274
d 20 273 127 4 119 270 1 37 12
d 21 21 198 208 141 277 181 63 3
d 22 232 252 161 279 210 282 206 216
d 23 76 111 20 158 114 70 91 200
d 24 182 172 171 279 69 178 232 4
d 25 29 115 53 21 266 50 96 48
d 26 84 190 44 186 74 137 188 213
d 27 166 270 241 133 146 169 29 153
d 28 240 167 136 286 83 115 261 146
d 29 184 80 25 166 113 93 83 277
d 30 134 136 203 261 176 54 110 198
d 31 9 40 179 234 223 43 0 10
d 32 134 263 176 104 89 45 100 115
d 33 105 140 59 37 27 249 98 275
d 34 136 187 14 275 72 105 57 268
d 35 127 224 276 10 109 156 198 272
d 36 63 128 17 130 248 61 253 62
d 37 223 247 250 30 187 236 235 182
d 38 195 164 22 69 52 257 95 107
d 39 234 34 228 159 235 108 109 13
d 40 79 112 276 275 182 150 145 134
d 41 196 161 134 33 150 77 287 38
d 42 264 219 222 204 96 256 59 124
d 43 225 26 97 84 228 221 272 217
d 44 279 262 156 110 267 227 203 265
d 3 227 48 27 257 69 208 200 167
d 4 161 127 272 184 95 42 199 217
d 5 160 247 183 254 136 138 107 128
d 6 105 172 28 279 217 92 241 210
d 7 27 0 44 16 180 29 176 287
d 8 98 192 252 190 172 73 189 67
d 9 201 192 202 257 145 81 181 96
d 10 22 71 220 171 200 165 184 49
d 11 103 105 84 12 219 258 140 162
d 12 270 53 52 54 39 209 7 14
d 13 193 37 282 172 45 156 121 153
d 14 75 283 138 40 151 232 76 252
d 15 238 224 2 215 112 130 61 156
d 16 229 59 46 172 84 122 199 209
d 17 25 107 237 95 184 170 283 179
d 18 220 283 210 225 138 178 74 238
d 19 44 159 103 243 114 157 90 80
d 20 273 212 257 92 119 79 12 109
d 21 141 79 208 152 22 233 181 63
d 22 188 73 16 210 279 232 247 161
d 23 262 210 70 158 152 248 276 95
d 24 182 251 208 198 4 45 97 0
d 25 96 53 115 118 241 277 200 113
d 26 84 190 191 74 186 270 17 256
d 27 270 68 146 151 241 89 248 97
d 28 115 286 146 41 240 136 199 163
d 29 166 130 184 208 113 5 117 75
d 30 207 261 198 134 143 110 213 176
d 31 9 235 156 163 176 52 187 38
d 32 263 93 104 273 176 3 221 146
d 33 105 140 252 274 95 98 59 285
d 34 136 14 275 76 72 182 269 106
d 35 127 14 224 156 198 3 57 229
d 36 17 248 61 63 199 56 133 271
d 37 42 31 187 182 250 236 14 278
d 38 69 152 195 107 164 52 145 257
d 39 34 38 109 74 282 112 170 97
d 40 103 79 182 5 78 145 275 38
d 41 196 287 115 130 222 226 244 124
d 42 264 218 92 45 23 223 149 28
d 43 225 135 26 97 5 99 109 202
d 44 262 265 279 203 68 13 3 110
d 3 284 171 113 226 254 181 126 136
d 4 138 17 8 59 132 20 251 83
d 5 205 201 50 183 103 83 71 225
d 6 141 244 48 131 286 43 279 217
d 7 57 282 238 159 42 70 65 55
d 8 186 213 243 192 96 141 90 256
d 9 257 98 173 129 89 263 136 140
d 10 105 184 41 48 216 23 278 211
d 11 214 2 93 140 264 63 72 105
d 12 53 174 54 39 263 92 209 118
d 13 114 13 242 144 193 226 69 172
d 14 106 151 277 101 75 76 225 30
d 15 147 235 42 188 224 30 60 190
d 16 50 91 229 172 153 233 115 168
d 17 179 135 124 120 78 132 25 95
d 18 1 261 255 127 265 245 114 242
d 19 236 74 279 208 284 85 132 114
d 20 273 251 127 212 4 136 250 65
d 21 198 21 79 277 275 202 133 208
d 22 282 268 252 214 261 26 188 137
d 23 152 201 75 137 270 251 10 264
d 24 182 171 220 64 279 281 198 6
d 25 94 53 177 211 210 259 166 54
d 26 213 255 167 186 137 19 84 208
d 27 153 241 169 281 166 139 146 276
d 28 136 215 253 245 10 157 45 228
d 29 37 113 86 189 5 162 93 230
d 30 172 134 242 201 136 244 226 93
d 31 40 234 233 108 43 235 24 38
d 32 176 263 89 161 7 210 284 5
d 33 140 95 105 208 204 237 39 264
d 34 275 167 266 278 13 160 72 173
d 35 198 127 71 47 256 226 62 125
d 36 17 144 22 248 56 53 92 30
d 37 207 31 181 42 179 45 39 112
d 38 69 22 164 156 167 98 134 27
d 39 38 136 112 109 199 34 241 42
d 40 182 103 58 142 278 118 254 145
d 41 38 217 144 287 216 215 233 213
d 42 23 258 264 50 181 63 72 238
d 43 135 101 26 109 92 221 181 279
d 44 85 57 110 68 48 279 11 238
d 3 241 190 123 120 212 180 92 134
d 4 179 225 171 6 144 203 59 286
d 5 50 13 201 248 176 73 205 83
d 6 74 77 284 142 64 76 202 278
d 7 76 238 80 127 109 154 66 89
d 8 251 186 35 255 109 17 226 115
d 9 126 257 157 129 203 273 43 89
d 10 254 122 274 281 280 26 19 118
d 11 264 214 219 21 2 94 63 163
d 12 174 118 106 220 39 54 53 16
d 13 13 135 144 114 172 253 211 193
d 14 277 151 152 101 156 287 197 285
d 15 188 59 147 121 30 208 215 2
d 16 50 91 229 222 116 233 215 89
d 17 25 1 279 237 107 170 17 285
d 18 225 254 220 79 210 57 233 36
d 19 44 159 157 233 90 165 238 194
d 20 257 212 92 109 122 273 60 181
d 21 123 22 231 13 79 133 233 73
d 22 188 214 250 121 117 202 180 82
d 23 7 190 152 110 90 62 262 95
d 24 32 64 45 223 46 208 247 182
d 25 53 96 29 161 142 274 177 266
d 26 19 190 186 17 213 84 188 270
d 27 270 169 241 153 139 281 146 203
d 28 261 146 136 70 167 255 115 45
d 29 5 113 209 74 275 123 130 141
d 30 134 172 136 244 93 176 19 148
d 31 40 156 9 234 235 253 194 174
d 32 263 236 123 18 176 221 252 8
d 33 140 105 37 13 193 129 14 204
d 34 275 167 72 156 33 106 278 52
d 35 127 198 256 71 47 57 286 147
d 36 17 248 61 41 15 144 56 210
d 37 42 181 31 207 278 30 149 253
d 38 69 152 164 22 98 195 145 278
d 39 38 282 109 136 34 82 112 211
d 40 182 173 74 71 215 134 44 79
d 41 134 38 13 215 144 92 32 171
d 42 23 264 1 258 96 67 105 172
d 43 184 101 221 203 272 166 80 109
d 44 110 44 282 194 270 242 42 221
d 3 132 260 143 180 33 279 26 68
d 4 154 146 207 11 55 221 8 61
d 5 245 134 116 121 138 128 16 106
d 6 234 9 166 253 112 269 37 80
d 7 118 199 117 80 181 150 143 101
d 8 50 66 5 94 251 135 186 192
d 9 180 126 185 40 143 272 202 258
d 10 130 211 88 84 83 26 186 245
d 11 100 219 105 194 103 107 140 93
d 12 106 16 245 51 54 53 270 39
d 13 143 151 156 202 281 79 135 90
d 14 261 137 162 175 40 138 123 286
d 15 172 287 221 131 173 215 282 226
d 16 120 140 229 92 59 218 210 138
d 17 107 284 25 163 148 250 40 86
d 18 131 172 220 3 1 157 138 63
d 19 255 14 236 90 15 136 187 39
d 20 122 273 90 92 12 186 226 257
d 21 143 80 127 22 198 36 141 29
d 22 118 188 250 180 63 241 252 25
d 23 245 211 95 158 71 53 127 278
d 24 31 233 251 171 38 256 181 46
d 25 172 177 94 53 29 208 0 161
d 26 129 213 84 17 15 170 19 86
d 27 281 153 169 139 241 22 261 29
d 28 120 91 89 152 109 174 167 131
d 29 129 172 37 209 208 113 83 276
d 30 25 238 276 70 244 128 93 198
d 31 40 221 257 231 194 61 54 191
d 32 163 236 179 61 5 283 62 93
d 33 140 34 35 45 235 246 198 249
d 34 275 167 156 268 24 136 249 23
d 35 198 127 182 95 256 173 284 71
d 36 17 36 46 61 81 207 108 210
d 37 238 155 31 58 233 181 247 207
d 38 69 110 98 95 41 255 141 204
d 39 38 109 197 114 142 242 144 221
d 40 182 28 173 269 135 53 74 240
d 41 218 32 194 226 92 100 89 144
d 42 251 23 283 67 214 96 36 160
d 43 221 226 199 230 59 181 14 97
d 44 179 104 44 82 270 145 108 267
d 3 231 260 29 103 174 165 273 134
d 4 95 18 239 166 137 91 123 184
d 5 10 236 177 259 91 26 101 38
d 6 80 233 186 182 123 194 32 149
d 7 44 6 118 180 265 59 29 244
d 8 114 71 245 98 117 169 109 282
d 9 239 93 66 131 233 202 249 243
d 10 256 29 2 191 246 130 49 244
d 11 46 138 18 53 256 235 33 239
d 12 243 11 201 120 38 134 78 147
d 13 177 272 70 196 233 107 164 145
d 14 129 243 110 50 119 177 262 221
d 15 183 190 49 1 99 79 285 125
d 16 13 136 268 227 188 11 45 134
d 17 78 135 131 124 240 239 148 120
d 18 1 131 153 3 154 103 170 255
d 19 236 14 257 225 241 136 39 266
d 20 4 12 186 279 78 23 107 227
d 21 21 277 78 219 82 198 143 23
d 22 216 172 29 161 148 252 47 54
d 23 18 242 1 10 281 197 70 111
d 24 172 171 56 69 212 92 29 232
d 25 172 94 259 53 177 19 200 136
d 26 17 213 129 7 199 38 10 260
d 27 281 153 139 169 218 166 241 261
d 28 120 182 240 248 259 136 91 174
d 29 233 139 217 73 129 37 190 113
d 30 25 70 264 46 112 173 54 92
d 31 40 231 257 61 176 124 8 234
d 32 235 215 263 93 45 24 100 260
d 33 198 65 105 122 148 27 140 142
d 34 136 121 24 39 268 19 82 146
d 35 81 154 251 279 198 70 215 256
d 36 87 97 62 102 17 233 133 104
d 37 238 232 157 31 94 116 17 105
d 38 245 141 92 98 145 261 52 32
d 39 48 82 221 96 108 212 272 226
d 40 28 250 164 195 115 171 32 145
d 41 161 114 228 217 31 89 4 132
d 42 203 263 141 193 113 160 133 92
d 43 32 67 72 255 250 258 189 179
d 44 191 81 279 60 41 267 4 275
d 3 115 251 274 96 128 60 201 287
d 4 164 158 104 276 182 162 37 61
d 5 185 151 58 136 194 206 214 69
d 6 101 92 287 172 112 254 205 197
d 7 44 118 124 5 117 29 143 180
d 8 263 98 107 93 28 150 284 192
d 9 227 225 87 90 102 233 159 149
d 10 204 151 79 41 224 17 211 52
d 11 27 67 195 93 215 230 171 131
d 12 100 285 255 57 224 113 161 245
d 13 172 177 179 64 82 93 120 260
d 14 261 138 158 147 33 129 142 137
d 15 9 226 221 156 249 190 18 183
d 16 53 120 104 92 94 136 13 59
d 17 148 280 250 107 94 135 242 86
d 18 131 3 154 1 278 240 255 150
d 19 14 236 136 257 187 57 125 6
d 20 273 12 90 107 186 234 281 226
d 21 198 151 277 36 63 208 56 179
d 22 145 16 252 161 118 63 241 178
d 23 252 70 248 245 276 48 127 267
d 24 171 251 44 286 69 56 92 117
d 25 94 53 177 226 273 208 166 102
d 26 213 10 15 86 115 4 63 19
d 27 153 139 169 9 279 58 281 130
d 28 240 91 238 120 281 261 144 174
d 29 113 208 86 75 89 262 37 166
d 30 134 136 110 244 37 148 213 93
d 31 40 234 134 26 194 174 195 281
d 32 252 263 284 104 287 141 134 7
d 33 140 105 183 148 264 35 14 281
d 34 275 136 167 243 103 82 108 278
d 35 198 256 71 81 47 127 69 108
d 36 17 56 15 41 61 140 280 260
d 37 181 42 31 207 278 142 253 221
d 38 69 164 278 22 38 152 43 195
d 39 38 136 109 282 166 112 92 10
d 40 182 142 129 136 100 197 226 147
d 41 150 144 136 217 38 215 118 196
d 42 50 23 258 137 22 28 222 9
d 43 239 203 221 244 135 101 230 97
d 44 33 282 7 62 270 193 149 182
d 3 47 190 0 229 151 180 273 276
d 4 37 20 17 8 256 210 212 35
d 5 250 92 50 205 198 13 103 227
d 6 21 232 48 27 121 279 150 112
d 7 266 269 183 207 240 164 228 186
d 8 185 127 70 186 90 253 17 138
d 9 58 203 221 257 129 59 246 114
d 10 5 203 161 159 122 254 184 250
d 11 94 21 190 264 67 147 282 214
d 12 118 249 245 106 203 54 57 53
d 13 144 158 13 61 156 71 193 172
d 14 10 261 178 101 277 287 151 175
d 15 84 208 121 188 215 173 221 151
d 16 116 240 222 91 37 140 92 50
d 17 107 242 94 61 86 25 250 1
d 18 131 234 3 254 157 220 154 150
d 19 142 187 157 14 236 39 21 44
d 20 273 90 122 92 212 81 257 12
d 21 149 52 123 22 151 233 198 133
d 22 214 243 268 188 250 202 236 126
d 23 190 278 187 99 62 48 95 127
d 24 223 171 32 233 46 96 64 56
d 25 177 94 273 53 166 226 142 208
d 26 213 10 15 86 19 63 115 78
d 27 153 169 139 58 205 29 37 201
d 28 238 91 143 157 169 261 174 167
d 29 37 5 49 218 66 202 58 124
d 30 37 15 201 244 134 93 172 60
d 31 40 234 134 26 275 194 180 45
d 32 252 284 7 123 261 161 51 263
d 33 140 264 251 183 37 105 35 14
d 34 275 167 177 151 156 103 83 146
d 35 198 256 71 47 127 69 286 226
d 36 17 56 15 41 144 22 61 140
d 37 181 31 207 42 104 253 198 142
d 38 69 164 278 167 22 35 191 145
d 39 38 136 109 39 40 99 140 242
d 40 182 142 226 214 6 233 173 134
d 41 144 13 173 79 139 38 92 217
d 42 50 258 23 1 22 137 105 26
d 43 191 203 101 244 15 221 59 230
d 44 247 134 182 33 6 282 284 48
d 3 147 56 157 132 159 227 261 71
d 4 142 184 226 204 91 201 265 27
d 5 69 278 56 185 181 277 215 139
d 6 158 172 101 18 107 237 182 256
d 7 44 48 262 180 124 177 107 82
d 8 169 114 98 59 220 71 259 283
d 9 239 49 141 52 131 6 195 284
d 10 256 49 186 260 63 48 182 234
d 11 274 46 219 33 1 239 173 133
d 12 38 120 201 97 152 249 147 236
d 13 177 247 145 70 261 91 268 153
d 14 129 93 149 114 11 43 243 88
d 15 183 49 190 285 102 162 57 156
d 16 56 268 13 95 187 115 227 153
d 17 46 87 239 124 211 272 225 78
d 18 261 3 1 255 72 87 154 242
d 19 236 114 241 158 286 57 255 284
d 20 4 33 8 108 49 186 85 12
d 21 277 41 76 153 21 190 204 257
d 22 204 237 2 130 216 47 250 195
d 23 214 255 242 10 163 60 114 94
d 24 171 56 232 20 13 233 172 239
d 25 94 177 28 259 140 106 22 266
d 26 213 268 10 255 282 95 271 15
d 27 153 169 139 212 10 166 29 281
d 28 51 238 21 174 253 54 169 26
d 29 192 37 124 265 245 55 218 99
d 30 37 247 15 273 201 136 93 253
d 31 40 134 234 194 181 26 188 250
d 32 261 253 161 139 252 8 29 147
d 33 140 35 264 172 14 129 183 103
d 34 30 275 167 151 81 177 82 171
d 35 198 10 71 256 224 69 101 127
d 36 17 56 87 22 118 128 99 41
d 37 223 31 181 91 188 207 94 253
d 38 69 164 100 126 266 110 204 167
d 39 38 20 39 109 126 287 208 142
d 40 182 228 158 216 240 145 112 120
d 41 155 79 144 114 147 217 226 109
d 42 258 108 23 267 75 216 96 252
d 43 203 221 97 101 287 43 176 199
d 44 154 88 230 282 48 115 38 201
d 3 270 58 258 224 161 190 181 21
d 4 213 128 162 187 279 221 81 124
d 5 83 69 257 76 138 16 259 56
d 6 78 52 20 92 162 168 197 278
d 7 44 195 265 6 0 29 51 71
d 8 98 46 211 33 114 287 265 71
d 9 239 243 93 141 152 53 23 49
d 10 71 194 233 256 234 46 156 79
d 11 138 53 54 92 157 51 139 24
d 12 97 128 201 33 178 242 134 169
d 13 177 145 119 198 75 83 187 91
d 14 129 119 215 275 6 257 98 133
d 15 49 190 183 226 150 136 39 12
d 16 136 56 31 245 13 115 206 146
d 17 181 23 211 284 237 239 283 179
d 18 3 154 54 255 246 129 245 241
d 19 236 283 57 158 73 136 246 284
d 20 4 234 279 251 3 149 133 226
d 21 253 80 63 3 21 36 129 242
d 22 206 161 204 279 216 142 260 252
d 23 76 20 255 70 176 267 101 10
d 24 251 194 171 75 228 125 56 132
d 25 106 94 241 21 102 262 177 53
d 26 213 2 84 280 44 256 241 182
d 27 111 229 205 139 9 219 166 29
d 28 144 194 157 174 12 238 45 97
d 29 80 83 218 208 25 184 86 168
d 30 272 127 3 261 148 244 4 80
d 31 40 216 125 20 287 64 105 176
d 32 252 104 149 81 267 287 176 284
d 33 140 96 105 235 264 196 148 172
d 34 97 275 81 177 167 61 52 207
d 35 198 256 30 224 128 71 34 69
d 36 17 206 55 56 61 0 15 41
d 37 31 142 249 30 266 17 181 224
d 38 69 164 126 145 105 125 226 116
d 39 38 109 144 136 40 39 108 126
d 40 182 216 197 270 127 192 145 3
d 41 23 118 196 144 244 215 232 99
d 42 258 252 23 256 21 28 137 217
d 43 203 101 230 239 135 131 234 59
d 44 8 193 282 48 227 86 279 149
d 3 253 255 62 229 109 154 134 235
d 4 99 77 55 19 31 223 140 125
d 5 210 197 207 61 128 22 196 278
d 6 49 190 13 225 126 17 265 257
d 7 5 162 252 193 84 275 40 99
d 8 261 227 287 247 163 92 138 274
d 9 218 17 30 277 58 5 59 124
d 10 120 217 126 101 136 17 123 254
d 11 136 123 60 214 94 108 61 171
d 12 204 33 53 169 221 81 134 259
d 13 15 137 13 91 75 27 232 122
d 14 247 278 102 117 119 218 10 101
d 15 229 205 84 280 152 20 121 226
d 16 198 275 136 89 109 31 92 210
d 17 68 250 147 211 86 94 227 248
d 18 154 3 131 63 255 54 220 261
d 19 236 136 14 57 283 76 242 21
d 20 234 186 116 90 4 273 107 12
d 21 29 151 269 123 76 253 198 154
d 22 182 35 204 214 130 84 126 206
d 23 62 52 120 255 48 132 90 158
d 24 108 194 171 175 56 233 34 223
d 25 94 177 273 166 53 208 125 226
d 26 213 86 10 15 63 229 19 270
d 27 169 153 139 205 58 279 109 241
d 28 238 91 235 253 261 228 45 143
d 29 37 49 42 262 202 74 275 5
d 30 37 93 15 105 60 172 201 244
d 31 40 234 134 26 162 194 106 64
d 32 252 7 51 161 284 263 261 211
d 33 140 264 37 14 183 251 105 35
d 34 275 167 106 103 94 82 177 171
d 35 198 256 71 47 226 127 253 69
d 36 17 56 15 81 41 22 140 218
d 37 31 181 42 207 104 253 17 221
d 38 69 164 22 278 145 41 35 38
d 39 38 136 40 109 241 282 74 183
d 40 182 142 197 134 145 239 6 254
d 41 144 92 79 38 215 32 217 84
d 42 258 23 105 26 137 22 1 69
d 43 101 203 221 80 230 272 59 127
d 44 44 282 149 48 270 240 110 271
d 3 197 115 96 46 78 233 130 285
d 4 258 65 239 162 145 7 250 150
d 5 69 260 185 72 156 105 277 216
d 6 52 194 175 182 172 198 149 18
d 7 44 265 180 117 183 11 6 101
d 8 98 114 237 283 252 89 265 22
d 9 239 202 49 131 110 74 248 21
d 10 171 256 114 138 32 146 156 170
d 11 138 186 33 219 92 53 163 151
d 12 97 201 13 147 169 176 179 120
d 13 177 187 75 145 247 91 58 216
d 14 129 215 114 237 243 252 74 133
d 15 136 49 190 183 57 91 117 110
d 16 136 56 90 102 216 169 115 80
d 17 23 239 175 284 253 211 269 135
d 18 3 246 154 87 245 21 261 129
d 19 236 246 85 136 63 105 74 284
d 20 234 4 251 85 32 204 203 186
d 21 19 41 21 190 63 87 270 198
d 22 161 55 204 252 282 279 216 195
d 23 10 200 44 214 122 255 76 70
d 24 220 171 56 97 4 20 182 279
d 25 177 94 168 54 29 39 115 53
d 26 213 84 268 255 283 15 10 229
d 27 212 139 170 169 153 59 205 109
d 28 66 253 102 238 167 245 54 45
d 29 83 124 37 192 75 262 189 15
d 30 247 127 134 37 93 15 198 71
d 31 40 134 188 234 64 216 181 106
d 32 139 149 261 128 252 7 29 287
d 33 140 135 235 264 157 172 191 244
d 34 275 177 151 238 207 167 60 81
d 35 198 71 256 224 127 23 226 14
d 36 17 56 144 41 102 22 87 128
d 37 217 31 46 45 181 158 188 253
d 38 69 164 125 221 104 171 22 100
d 39 20 38 259 39 144 215 109 22
d 40 182 216 112 267 179 134 269 100
d 41 79 144 23 130 179 168 225 155
d 42 252 137 258 1 108 75 69 36
d 43 203 101 97 127 221 102 193 20
d 44 227 282 287 75 267 38 193 154
d 3 170 160 258 256 130 5 163 252
d 4 125 183 265 88 26 202 14 221
d 5 153 115 255 254 160 10 214 262
d 6 114 112 287 118 24 178 22 88
d 7 118 44 117 176 213 173 175 23
d 8 229 82 121 24 46 144 47 38
d 9 102 32 282 242 56 93 59 201
d 10 126 274 12 136 154 108 149 104
d 11 108 75 12 94 136 51 219 171
d 12 202 109 259 204 245 169 94 97
d 13 54 75 216 268 76 267 258 187
d 14 268 215 137 120 111 218 129 248
d 15 86 266 152 20 19 135 76 173
d 16 58 103 107 245 136 147 156 140
d 17 138 20 147 211 252 219 23 8
d 18 3 154 129 255 246 150 233 131
d 19 236 136 8 57 196 144 149 71
d 20 234 49 4 186 97 122 273 127
d 21 76 164 104 198 63 253 19 270
d 22 190 84 148 33 204 234 89 252
d 23 120 89 19 255 10 127 71 249
d 24 175 34 56 171 269 172 139 4
d 25 273 177 94 186 166 210 218 54
d 26 213 195 117 255 15 17 156 86
d 27 153 139 169 55 212 170 241 123
d 28 238 66 102 171 253 26 91 1
d 29 248 66 37 124 42 49 83 192
d 30 60 201 15 37 212 198 93 132
d 31 40 234 134 62 29 64 194 212
d 32 239 178 10 161 252 51 139 7
d 33 140 264 183 14 35 165 237 78
d 34 275 167 13 193 103 287 157 279
d 35 198 256 71 54 286 47 69 226
d 36 17 56 248 22 231 144 61 30
d 37 31 207 181 8 253 179 61 149
d 38 69 22 135 67 265 104 167 120
d 39 38 101 199 282 109 242 28 74
d 40 182 136 254 147 112 134 109 171
d 41 216 79 144 217 215 23 241 167
d 42 258 23 257 69 119 26 22 217
d 43 82 101 176 97 221 59 203 14
d 44 44 282 270 48 30 98 181 195
d 3 7 12 187 105 134 170 213 260
d 4 78 146 219 88 149 36 281 14
d 5 156 13 28 84 153 214 61 37
d 6 143 256 161 61 112 276 262 43
d 7 139 183 273 213 5 215 80 267
d 8 25 82 5 229 17 128 110 203
d 9 279 276 32 16 17 222 248 282
d 10 55 133 56 8 261 196 126 207
d 11 41 108 219 147 57 64 12 51
d 12 202 0 204 109 69 245 94 259
d 13 177 145 54 187 171 93 119 267
d 14 129 114 50 221 6 226 140 148
d 15 49 190 183 57 275 212 214 251
d 16 136 227 56 13 268 230 115 157
d 17 78 135 239 167 124 49 20 17
d 18 90 261 246 255 1 3 245 17
d 19 236 74 284 85 63 150 11 118
d 20 251 127 273 250 4 85 212 136
d 21 198 21 3 208 202 133 37 118
d 22 282 265 193 26 252 65 272 191
d 23 255 10 152 140 158 20 264 95
d 24 182 56 279 171 134 97 175 64
d 25 177 94 54 241 140 53 105 211
d 26 213 255 167 283 172 156 241 249
d 27 169 139 153 241 205 281 257 27
d 28 253 245 241 167 45 136 240 215
d 29 113 37 86 252 141 93 103 262
d 30 136 134 176 93 201 110 105 244
d 31 40 234 134 233 21 45 194 108
d 32 89 221 236 7 161 24 84 30
d 33 140 105 204 208 237 95 264 76
d 34 275 266 144 76 136 195 167 127
d 35 198 256 71 226 127 62 47 147
d 36 17 248 144 56 22 53 130 140
d 37 45 181 278 207 69 42 179 31
d 38 69 22 236 201 164 275 152 67
d 39 38 234 199 115 216 245 228 71
d 40 182 118 112 60 197 77 226 44
d 41 20 144 79 99 217 38 51 23
d 42 258 23 26 69 22 257 84 232
d 43 101 176 221 97 59 272 203 208
d 44 30 44 282 48 121 110 88 270
d 3 153 22 43 107 170 285 63 172
d 4 214 221 150 269 252 162 238 137
d 5 69 257 185 88 254 28 66 260
d 6 194 175 52 182 112 233 18 12
d 7 44 180 94 265 6 95 31 139
d 8 237 98 283 114 172 47 149 89
d 9 239 110 48 49 85 169 222 214
d 10 32 198 171 207 256 233 23 114
d 11 138 256 151 171 46 186 29 78
d 12 176 74 36 233 97 270 13 147
d 13 187 177 109 113 216 93 145 251
d 14 129 215 98 243 28 149 114 153
d 15 190 183 49 31 57 99 197 157
d 16 216 83 85 95 170 115 102 13
d 17 8 138 105 211 175 120 219 234
d 18 3 255 261 54 246 154 153 190
d 19 236 74 57 71 174 158 136 144
d 20 4 49 23 234 275 32 176 3
d 21 19 270 277 282 76 179 232 10
d 22 181 161 237 204 231 234 96 260
d 23 255 200 10 214 44 2 70 92
d 24 171 220 194 249 20 132 174 75
d 25 94 106 177 200 39 186 189 208
d 26 213 36 268 84 15 10 255 17
d 27 139 212 170 153 205 52 281 111
d 28 102 238 66 240 167 253 26 118
d 29 248 124 83 192 2 37 265 280
d 30 127 247 37 277 85 134 93 270
d 31 40 64 134 45 188 234 137 280
d 32 252 149 139 24 128 286 214 235
d 33 140 264 105 235 191 172 96 161
d 34 177 167 81 275 60 268 30 17
d 35 71 256 54 198 251 224 254 108
d 36 56 41 61 17 128 22 47 15
d 37 31 30 249 158 266 116 194 181
d 38 164 69 246 191 44 203 145 18
d 39 38 20 39 109 282 10 142 159
d 40 182 112 142 119 176 216 71 220
d 41 23 79 159 155 144 127 226 225
d 42 252 69 1 222 108 137 119 12
d 43 203 97 272 111 101 209 193 46
d 44 282 154 8 227 75 267 121 265
d 3 104 127 130 240 210 115 134 259
d 4 25 151 6 163 83 279 72 221
d 5 212 149 267 69 104 280 121 115
d 6 46 67 241 92 118 240 8 238
d 7 44 29 175 98 209 189 6 113
d 8 98 3 24 190 144 33 48 141
d 9 239 93 108 247 48 254 248 1
d 10 79 71 85 156 123 170 114 146
d 11 53 91 256 138 29 107 171 75
d 12 83 33 169 113 97 81 215 128
d 13 157 37 75 187 216 96 247 28
d 14 215 19 129 119 186 76 98 196
d 15 226 49 135 190 159 29 57 215
d 16 245 241 209 156 115 22 103 85
d 17 211 20 179 129 8 23 264 220
d 18 3 255 261 246 215 245 54 154
d 19 236 158 74 57 71 133 20 136
d 20 4 49 251 275 149 176 32 84
d 21 253 63 19 141 270 89 238 242
d 22 279 269 181 161 204 260 145 206
d 23 255 70 249 267 93 101 200 10
d 24 194 279 251 97 171 132 21 70
d 25 106 94 177 53 105 102 29 241
d 26 213 36 84 92 35 2 256 82
d 27 139 153 169 58 29 109 205 9
d 28 12 238 174 118 144 115 0 240
d 29 230 218 80 86 166 89 124 83
d 30 37 3 176 110 192 213 80 93
d 31 40 134 234 64 140 87 70 124
d 32 267 284 104 149 65 141 252 11
d 33 140 105 235 110 148 218 172 240
d 34 275 97 167 136 177 207 103 268
d 35 198 256 71 128 253 180 30 224
d 36 17 206 15 61 81 56 144 281
d 37 194 12 31 22 266 181 17 248
d 38 69 145 152 141 38 105 226 191
d 39 38 136 40 109 142 279 144 246
d 40 197 182 0 263 216 278 142 137
d 41 23 99 6 196 232 29 282 254
d 42 222 256 252 55 113 133 135 23
d 43 239 135 196 230 262 146 208 12
d 44 8 193 279 73 149 164 7 160
d 3 126 171 177 234 180 208 194 109
d 4 99 216 145 39 77 8 210 97
d 5 221 3 70 22 234 82 93 197
d 6 221 151 10 284 272 168 247 279
d 7 5 252 57 118 230 55 231 54
d 8 253 213 261 200 227 247 183 90
d 9 220 277 218 129 240 205 227 259
d 10 101 120 208 253 218 122 91 144
d 11 66 223 136 123 14 199 270 108
d 12 110 155 204 118 15 123 287 166
d 13 13 135 232 137 226 71 253 15
d 14 278 247 277 117 101 130 75 257
d 15 229 121 7 280 152 215 205 180
d 16 198 89 275 91 244 281 229 147
d 17 68 60 107 279 250 86 237 153
d 18 131 254 75 63 191 5 18 220
d 19 157 44 242 233 159 80 276 90
d 20 116 273 92 246 90 152 66 122
d 21 123 29 40 154 22 50 269 66
d 22 188 182 82 35 214 84 121 88
d 23 52 158 204 62 90 11 129 274
d 24 108 182 64 45 215 207 175 231
d 25 53 96 29 77 172 259 274 177
d 26 186 19 190 84 68 188 86 117
d 27 241 270 169 153 276 48 7 281
d 28 146 261 136 235 253 228 10 167
d 29 86 113 42 275 37 74 35 62
d 30 134 238 136 172 19 93 115 99
d 31 40 9 156 234 235 194 146 195
d 32 89 263 236 28 176 221 252 161
d 33 140 105 37 204 193 249 130 59
d 34 275 72 106 167 136 278 126 279
d 35 127 198 256 57 71 47 180 147
d 36 17 248 61 144 210 15 71 130
d 37 42 249 31 207 30 97 181 39
d 38 69 22 164 152 98 5 145 195
d 39 38 234 282 136 112 34 279 82
d 40 182 118 173 142 134 71 38 74
d 41 38 134 92 32 215 217 144 35
d 42 23 258 105 264 127 96 67 1
d 43 101 184 80 221 146 272 166 181
d 44 110 221 242 44 240 282 149 270
d 3 202 149 205 20 68 145 268 195
d 4 278 258 257 40 285 105 45 122
d 5 137 19 52 21 134 123 125 279
d 6 51 50 0 17 226 221 150 112
d 7 12 220 156 118 65 192 49 137
d 8 182 151 183 44 150 256 83 21
d 9 199 157 185 29 59 266 52 143
d 10 152 133 128 100 275 165 33 119
d 11 146 31 219 205 105 99 83 66
d 12 103 0 270 53 260 68 183 155
d 13 16 10 143 177 117 282 64 253
d 14 129 42 114 273 140 54 107 76
d 15 49 190 183 92 251 155 25 47
d 16 172 157 174 227 56 13 268 59
d 17 78 135 179 107 242 124 181 95
d 18 1 127 210 280 85 242 164 17
d 19 257 236 21 74 208 258 210 198
d 20 273 4 250 212 279 89 270 259
d 21 198 3 21 30 207 29 181 145
d 22 52 252 243 202 12 195 45 153
d 23 23 158 201 152 61 95 212 111
d 24 51 182 72 172 171 97 69 156
d 25 222 53 29 177 94 67 21 96
d 26 188 90 213 19 261 186 84 193
d 27 241 205 169 175 139 281 153 29
d 28 252 278 73 261 167 91 47 92
d 29 145 266 37 119 67 113 86 99
d 30 73 134 49 93 136 92 172 201
d 31 40 46 234 194 9 177 164 235
d 32 89 165 252 263 7 134 176 24
d 33 140 224 19 44 204 37 123 278
d 34 275 72 33 151 52 226 177 278
d 35 127 198 222 256 71 47 125 64
d 36 17 128 144 248 214 152 15 61
d 37 30 16 39 181 97 207 69 31
d 38 164 69 23 22 5 201 189 98
d 39 140 38 234 282 109 136 34 112
d 40 182 71 153 173 44 110 147 142
d 41 38 33 35 134 151 92 217 144
d 42 1 23 127 277 96 204 99 275
d 43 221 144 101 45 166 272 119 203
d 44 27 110 242 44 282 232 42 240
d 3 0 39 73 82 28 40 108 55
d 4 79 190 3 61 46 251 241 7
d 5 57 111 260 271 126 148 136 177
d 6 249 271 181 242 273 154 17 61
d 7 44 273 180 283 65 147 237 19
d 8 132 114 21 98 265 134 96 31
d 9 267 239 72 49 77 243 83 121
d 10 257 242 146 34 256 191 137 244
d 11 285 258 92 256 53 163 229 219
d 12 201 134 264 120 147 55 114 208
d 13 177 172 183 182 118 26 282 70
d 14 129 266 249 140 224 153 107 122
d 15 190 49 183 36 275 251 57 162
d 16 230 227 239 8 13 157 136 268
d 17 49 78 167 135 145 120 87 124
d 18 174 141 1 153 261 90 265 170
d 19 236 127 108 63 241 74 99 174
d 20 273 127 140 92 1 74 279 212
d 21 21 198 257 77 41 247 23 131
d 22 210 252 26 135 282 268 188 216
d 23 125 158 251 164 137 214 180 163
d 24 264 182 171 172 279 243 57 65
d 25 32 21 261 53 94 105 259 177
d 26 30 105 146 213 81 186 233 148
d 27 241 153 250 169 57 216 281 95
d 28 54 252 106 217 73 124 253 34
d 29 253 46 189 37 148 156 249 282
d 30 124 256 172 226 201 93 116 253
d 31 40 237 234 188 233 250 112 67
d 32 189 132 261 2 176 82 115 134
d 33 194 140 240 62 81 41 237 204
d 34 275 23 37 151 183 248 167 160
d 35 41 198 28 127 71 47 16 229
d 36 17 201 9 144 92 210 22 206
d 37 61 44 26 207 99 63 208 151
d 38 137 74 69 63 204 184 235 128
d 39 38 277 241 43 261 109 34 84
d 40 60 182 242 173 229 132 185 50
d 41 72 253 271 232 110 140 216 277
d 42 99 160 23 75 147 27 131 164
d 43 216 25 223 14 252 9 221 102
d 44 211 106 280 30 265 38 42 121
d 3 41 118 266 184 260 21 194 43
d 4 7 234 283 35 120 228 76 42
d 5 236 172 2 84 69 25 197 260
d 6 228 175 100 285 264 266 97 182
d 7 44 283 180 165 78 39 128 215
d 8 170 164 98 92 96 10 114 21
d 9 239 207 72 39 152 131 49 93
d 10 163 11 266 271 137 256 146 25
d 11 220 138 256 271 163 201 46 92
d 12 201 134 86 145 120 114 233 7
d 13 204 177 70 267 228 104 45 225
d 14 129 266 153 48 107 250 140 122
d 15 275 190 49 183 162 205 147 22
d 16 46 227 157 8 13 188 153 130
d 17 78 239 87 11 120 145 124 206
d 18 267 261 1 170 114 153 87 48
d 19 236 63 74 208 249 241 284 108
d 20 34 215 140 3 65 136 227 190
d 21 21 190 198 277 107 80 218 185
d 22 210 26 206 250 135 161 252 61
d 23 76 251 122 164 137 180 1 169
d 24 143 232 171 264 182 178 84 270
d 25 21 201 259 5 53 179 94 273
d 26 30 148 213 105 255 81 186 74
d 27 153 281 57 169 241 146 54 166
d 28 144 252 277 41 167 10 3 180
d 29 282 46 148 25 189 93 2 37
d 30 256 127 226 172 247 124 213 94
d 31 40 185 76 234 43 229 211 188
d 32 261 189 2 134 8 164 131 115
d 33 140 41 194 105 67 124 81 10
d 34 275 252 151 20 167 99 87 81
d 35 198 13 41 127 28 172 69 71
d 36 17 144 9 201 128 184 71 22
d 37 208 230 61 44 31 200 63 38
d 38 69 63 74 120 52 223 160 27
d 39 38 43 34 19 109 138 111 237
d 40 182 134 214 270 145 30 229 242
d 41 271 72 4 140 115 122 118 130
d 42 99 23 98 164 28 160 124 27
d 43 276 223 102 185 109 78 97 25
d 44 227 111 265 272 136 82 86 67
d 3 0 39 28 40 51 280 184 94
d 4 256 227 122 61 252 151 242 44
d 5 165 236 181 214 104 262 141 226
d 6 42 118 252 232 249 155 271 122
d 7 173 10 80 273 132 213 189 39
d 8 181 82 21 10 210 96 134 110
d 9 78 208 77 267 72 287 212 143
d 10 14 127 280 201 136 118 8 278
d 11 94 108 163 279 51 285 258 52
d 12 202 259 155 107 264 287 71 243
d 13 54 268 137 172 15 257 69 177
d 14 125 138 129 266 111 120 148 149
d 15 266 20 49 190 57 152 251 275
d 16 103 195 239 230 58 8 19 245
d 17 147 18 78 179 167 49 25 170
d 18 265 220 125 233 174 90 254 61
d 19 127 274 80 275 99 157 44 174
d 20 273 92 1 74 199 210 140 127
d 21 50 247 21 123 152 77 198 41
d 22 210 84 193 252 188 239 216 161
d 23 120 174 158 92 214 56 255 75
d 24 155 182 172 65 171 264 70 57
d 25 32 236 112 21 24 5 53 201
d 26 146 233 30 148 105 55 165 81
d 27 153 241 57 70 281 250 256 208
d 28 68 197 243 106 274 279 244 124
d 29 248 46 253 189 42 282 277 37
d 30 226 256 172 15 124 157 201 253
d 31 40 234 229 90 237 211 67 250
d 32 2 65 176 161 115 190 7 8
d 33 140 194 204 219 10 14 247 62
d 34 252 275 160 141 167 237 171 97
d 35 198 41 71 28 127 256 47 3
d 36 17 144 22 9 201 249 92 166
d 37 44 61 207 107 0 181 26 146
d 38 69 74 120 156 63 31 137 38
d 39 38 92 64 158 135 109 277 138
d 40 182 74 83 60 30 222 150 173
d 41 271 110 72 140 22 232 1 56
d 42 99 160 23 112 50 203 264 206
d 43 216 102 25 223 113 11 24 232
d 44 211 106 65 227 280 30 114 272
d 3 41 118 192 102 43 70 243 21
d 4 7 116 66 254 35 182 252 107
d 5 28 191 236 84 69 25 259 168
d 6 228 100 262 97 175 32 264 180
d 7 44 283 165 180 78 39 237 25
d 8 164 98 77 10 92 105 96 114
d 9 239 28 72 39 152 49 59 167
d 10 78 11 163 137 271 199 26 5
d 11 82 71 138 256 258 46 92 271
d 12 176 201 216 134 120 98 114 71
d 13 228 177 204 70 267 214 42 268
d 14 129 266 153 149 122 126 114 138
d 15 36 190 49 183 57 47 166 251
d 16 8 227 13 157 56 115 260 197
d 17 78 239 197 120 145 233 124 179
d 18 141 1 267 80 261 153 114 170
d 19 11 236 108 74 63 51 284 208
d 20 215 65 136 180 242 3 275 140
d 21 21 185 277 50 198 275 122 74
d 22 181 206 252 84 170 94 67 161
d 23 2 164 285 137 1 174 251 87
d 24 75 172 174 171 178 92 139 56
d 25 112 177 21 32 5 77 179 236
d 26 30 148 55 105 128 139 213 82
d 27 153 83 241 49 281 57 143 70
d 28 23 68 197 144 102 252 240 124
d 29 248 282 138 100 25 86 46 37
d 30 256 275 127 226 172 173 213 134
d 31 40 234 229 194 237 44 24 90
d 32 2 115 65 161 20 249 229 176
d 33 140 267 194 22 10 148 219 14
d 34 160 275 167 141 115 159 97 100
d 35 198 71 127 41 29 28 136 62
d 36 17 92 22 144 61 128 276 30
d 37 44 62 31 179 61 24 253 255
d 38 69 0 156 262 42 241 120 88
d 39 38 109 43 138 167 34 281 185
d 40 182 45 14 83 191 173 214 50
d 41 271 72 168 144 227 186 112 119
d 42 147 99 23 50 264 231 127 267
d 43 102 172 232 59 221 97 98 236
d 44 227 114 265 110 272 76 33 218
d 3 0 39 107 280 105 38 273 25
d 4 256 79 135 44 122 242 252 151
d 5 128 210 181 271 68 262 122 226
d 6 42 249 118 232 271 155 15 122
d 7 80 5 44 273 213 162 171 188
d 8 181 227 21 82 10 96 233 110
d 9 78 77 267 85 208 72 193 212
d 10 127 217 14 136 8 280 146 223
d 11 94 136 51 258 285 52 108 279
d 12 62 202 287 155 264 259 80 204
d 13 15 268 137 54 177 151 126 133
d 14 129 266 149 153 138 111 268 194
d 15 20 49 190 36 57 266 115 180
d 16 224 99 58 115 227 13 230 103
d 17 179 135 78 167 147 239 95 120
d 18 1 255 215 261 265 114 3 127
d 19 236 208 74 279 76 98 190 243
d 20 4 250 180 112 261 119 136 270
d 21 198 100 223 30 275 21 277 215
d 22 1 282 252 199 161 97 118 131
d 23 152 158 174 201 129 224 44 120
d 24 139 172 182 171 279 88 141 232
d 25 94 179 177 166 53 21 259 102
d 26 213 255 68 10 128 163 203 84
d 27 153 241 281 169 139 209 163 256
d 28 261 10 102 252 167 136 202 120
d 29 248 86 113 100 266 101 25 275
d 30 127 134 247 73 256 270 136 172
d 31 40 9 234 235 110 211 164 207
d 32 20 134 89 161 176 263 2 249
d 33 140 19 37 79 105 27 224 22
d 34 275 30 167 151 105 81 72 33
d 35 127 57 198 71 256 41 10 156
d 36 17 128 61 214 92 22 280 279
d 37 30 31 158 97 61 43 62 208
d 38 164 22 69 189 120 262 21 88
d 39 38 109 112 234 68 43 71 241
d 40 182 71 173 79 45 113 212 129
d 41 271 72 110 35 33 217 53 252
d 42 147 23 99 96 160 12 264 238
d 43 102 25 216 232 221 178 101 97
d 44 211 227 110 106 156 75 282 16
d 3 41 118 102 84 279 244 43 173
d 4 7 126 254 35 252 98 42 120
d 5 145 236 172 84 25 274 168 38
d 6 163 220 100 97 6 185 175 180
d 7 283 44 165 78 180 25 237 39
d 8 164 77 281 10 98 105 92 96
d 9 239 28 72 39 167 49 48 152
d 10 11 232 279 163 137 183 146 199
d 11 82 150 138 71 256 92 271 163
d 12 201 176 134 120 216 167 133 233
d 13 228 177 70 133 267 251 140 280
d 14 129 266 153 107 48 149 138 133
d 15 190 49 183 57 47 36 285 251
d 16 224 227 13 157 115 8 56 146
d 17 78 239 120 197 87 233 179 82
d 18 141 1 261 267 80 170 153 255
d 19 236 11 74 243 190 114 241 76
d 20 147 215 199 180 140 136 65 78
d 21 21 185 277 122 12 215 94 218
d 22 181 252 161 170 206 94 67 135
d 23 2 76 137 174 122 70 251 79
d 24 172 75 171 174 232 92 167 20
d 25 21 179 53 259 29 48 133 52
d 26 128 30 188 268 38 163 261 258
d 27 153 241 7 95 270 83 54 144
d 28 252 261 73 124 102 167 146 157
d 29 248 25 86 100 93 46 182 99
d 30 127 134 247 256 173 226 172 136
d 31 40 9 19 235 207 223 215 43
d 32 134 20 89 2 185 263 115 176
d 33 140 19 37 148 266 14 22 58
d 34 275 167 151 141 160 81 56 136
d 35 127 198 71 29 3 41 57 28
d 36 17 128 92 144 22 61 210 279
d 37 30 31 62 44 207 181 208 182
d 38 69 164 22 189 0 156 191 248
d 39 38 109 43 34 82 241 204 264
d 40 182 173 45 71 158 86 30 134
d 41 271 72 33 217 38 150 22 144
d 42 23 50 99 147 12 96 14 98
d 43 102 276 221 232 84 59 43 101
d 44 227 156 110 75 42 265 111 270
d 3 147 259 88 96 75 112 160 152
d 4 114 127 95 19 227 232 184 180
d 5 165 185 164 51 214 104 141 149
d 6 18 87 185 154 89 97 106 164
d 7 44 29 180 78 244 119 98 45
d 8 252 98 58 114 190 277 226 134
d 9 73 239 49 24 93 243 66 186
d 10 171 71 201 48 23 116 32 229
d 11 215 13 138 256 162 53 92 160
d 12 270 30 147 83 275 255 9 81
d 13 282 37 177 143 89 172 267 96
d 14 181 129 107 138 114 69 76 35
d 15 49 190 238 224 215 268 283 214
d 16 172 84 59 182 95 157 14 187
d 17 179 95 107 25 283 220 59 86
d 18 265 220 1 283 73 9 37 103
d 19 236 275 241 132 114 157 65 174
d 20 273 270 92 275 119 116 4 127
d 21 198 89 181 141 63 123 208 152
d 22 210 252 188 16 214 154 161 279
d 23 70 44 93 200 158 129 111 114
d 24 182 251 75 172 97 286 4 171
d 25 53 115 48 96 51 29 241 266
d 26 84 256 81 109 190 186 206 2
d 27 270 241 133 153 227 139 68 170
d 28 286 144 146 240 127 261 276 12
d 29 166 113 86 83 80 138 75 280
d 30 198 110 136 213 148 61 158 143
d 31 9 40 235 156 223 43 207 179
d 32 65 134 93 141 151 45 236 263
d 33 148 140 105 235 37 285 142 99
d 34 136 207 76 72 19 56 167 84
d 35 55 127 57 224 109 81 128 229
d 36 248 63 17 61 87 130 271 41
d 37 42 187 31 97 182 266 219 163
d 38 22 191 152 69 125 52 145 143
d 39 282 128 108 82 38 234 74 54
d 40 182 118 38 168 23 165 220 68
d 41 196 168 254 89 35 171 199 32
d 42 258 23 256 12 222 133 96 224
d 43 239 101 135 221 230 181 173 146
d 44 193 73 279 48 42 265 271 270
d 3 253 255 234 180 143 4 109 26
d 4 99 77 140 159 251 203 54 89
d 5 210 187 198 144 147 70 170 271
d 6 49 13 279 159 132 121 202 257
d 7 5 162 57 135 42 252 214 54
d 8 261 253 227 21 287 47 50 43
d 9 218 277 129 5 30 17 124 205
d 10 120 217 101 56 126 76 253 254
d 11 136 123 223 65 7 105 142 277
d 12 155 204 287 15 166 53 123 270
d 13 13 15 232 278 137 156 77 27
d 14 278 247 101 277 75 117 257 238
d 15 229 205 20 152 121 215 280 224
d 16 198 275 99 91 89 233 229 244
d 17 68 107 279 86 147 25 170 0
d 18 220 73 75 210 254 5 138 131
d 19 242 44 157 233 90 174 80 194
d 20 116 273 92 246 122 152 257 212
d 21 29 123 40 50 154 22 198 269
d 22 188 35 182 214 88 202 84 121
d 23 52 158 62 90 132 129 204 11
d 24 108 182 64 175 231 215 208 207
d 25 53 177 94 29 166 54 181 219
d 26 213 261 255 19 68 201 193 15
d 27 241 153 169 139 281 276 29 252
d 28 261 10 235 146 136 228 167 155
d 29 86 113 42 275 138 74 37 35
d 30 136 238 270 152 134 172 73 201
d 31 40 234 134 9 233 194 272 43
d 32 236 89 161 28 252 176 211 263
d 33 140 105 237 37 204 264 14 95
d 34 275 167 13 141 106 278 160 159
d 35 198 127 71 256 57 47 226 147
d 36 17 144 248 22 92 41 77 130
d 37 42 207 31 179 69 249 39 8
d 38 69 22 152 52 104 119 195 164
d 39 38 136 241 112 234 228 82 237
d 40 182 118 44 233 71 74 79 278
d 41 134 35 92 144 217 38 32 54
d 42 258 23 105 238 1 12 67 195
d 43 101 80 184 221 230 176 173 181
d 44 110 221 242 240 270 44 282 75
d 3 247 151 201 90 111 164 89 19
d 4 258 221 176 230 51 257 52 252
d 5 119 46 234 103 80 73 104 144
d 6 95 61 23 114 175 215 0 226
d 7 12 44 51 29 180 78 237 3
d 8 98 277 252 151 10 280 171 106
d 9 181 202 38 243 146 281 214 237
d 10 224 201 250 221 255 15 198 131
d 11 103 219 211 105 233 256 286 52
d 12 7 198 225 270 276 160 31 159
d 13 260 55 152 209 143 177 112 124
d 14 28 13 129 137 58 72 162 67
d 15 61 101 49 215 199 190 192 221
d 16 38 272 59 173 229 115 94 135
d 17 107 284 286 58 53 179 83 85
d 18 255 117 261 245 37 283 246 220
d 19 236 85 74 174 239 103 63 284
d 20 2 251 273 79 92 207 32 210
d 21 198 208 233 133 152 222 24 63
d 22 188 247 9 55 192 252 199 129
d 23 214 255 158 46 183 71 210 82
d 24 160 182 4 55 134 265 181 171
d 25 211 94 152 210 177 53 168 115
d 26 231 213 255 167 84 82 186 137
d 27 153 241 169 21 139 281 163 166
d 28 261 253 285 192 124 157 231 10
d 29 99 158 113 37 86 275 22 93
d 30 19 22 201 232 198 136 81 159
d 31 40 234 9 110 212 134 43 77
d 32 89 236 190 115 24 51 109 151
d 33 140 37 237 264 208 249 281 95
d 34 13 275 167 266 187 160 56 30
d 35 198 127 71 57 256 54 62 226
d 36 17 248 22 144 56 279 241 210
d 37 158 207 31 237 266 176 249 61
d 38 22 69 203 249 104 100 145 27
d 39 38 241 282 109 82 237 112 199
d 40 182 55 58 79 109 68 74 106
d 41 12 32 79 217 144 92 29 130
d 42 258 23 84 222 142 12 34 235
d 43 101 199 221 176 232 97 248 1
d 44 75 37 107 250 11 270 267 121
d 3 197 258 285 117 283 38 229 25
d 4 33 49 180 187 41 171 188 135
d 5 69 68 260 142 177 140 242 230
d 6 194 52 24 249 160 254 182 184
d 7 44 180 237 218 78 247 117 6
d 8 98 114 237 283 71 22 252 192
d 9 239 202 49 21 74 93 194 48
d 10 227 256 32 114 171 259 104 48
d 11 138 92 256 186 151 29 98 53
d 12 97 169 201 11 128 270 36 179
d 13 187 177 272 216 75 145 113 164
d 14 129 215 114 252 133 237 76 137
d 15 136 49 190 57 183 205 91 110
d 16 90 136 216 59 56 102 115 80
d 17 23 239 175 131 107 169 105 133
d 18 246 3 245 87 261 1 21 61
d 19 236 85 246 284 74 63 105 247
d 20 251 234 4 85 273 3 30 204
d 21 208 198 63 141 281 78 21 190
d 22 161 282 279 252 242 265 194 72
d 23 10 136 44 18 70 200 137 76
d 24 75 220 182 171 97 281 178 56
d 25 168 177 39 211 136 54 182 115
d 26 84 7 255 213 283 221 103 117
d 27 212 218 170 270 139 153 279 29
d 28 144 182 245 12 248 66 253 26
d 29 113 166 83 75 130 252 171 94
d 30 198 110 97 201 270 50 121 146
d 31 62 40 234 212 134 267 10 104
d 32 10 149 89 65 93 45 115 146
d 33 140 148 237 264 235 183 218 281
d 34 275 13 266 141 136 167 193 207
d 35 198 71 256 55 54 226 62 117
d 36 17 248 22 56 30 38 41 130
d 37 207 45 158 245 31 179 253 187
d 38 69 22 243 104 105 58 129 257
d 39 38 199 128 144 108 89 278 237
d 40 182 132 218 165 164 109 118 267
d 41 168 79 271 81 12 144 130 32
d 42 273 258 50 263 142 23 207 219
d 43 222 102 235 176 280 250 101 199
d 44 101 241 227 272 13 244 83 206
d 3 96 115 9 197 283 118 264 153
d 4 120 150 31 169 209 7 226 32
d 5 254 112 69 266 248 25 236 72
d 6 213 99 194 89 52 145 182 114
d 7 44 3 180 78 265 29 39 11
d 8 114 98 252 237 283 22 116 63
d 9 239 202 49 74 110 152 248 114
d 10 2 227 32 171 114 256 170 138
d 11 138 151 186 256 105 271 163 29
d 12 97 201 11 169 147 270 186 36
d 13 177 272 187 113 216 145 35 232
d 14 129 133 215 74 149 76 252 237
d 15 190 49 47 57 136 183 205 275
d 16 227 102 90 56 230 13 157 136
d 17 167 169 239 23 175 78 131 105
d 18 246 245 3 261 129 1 175 90
d 19 236 284 85 74 246 268 247 63
d 20 251 127 273 85 150 160 148 212
d 21 198 133 58 208 202 248 82 129
d 22 282 265 252 26 279 161 268 72
d 23 10 76 255 18 75 20 140 70
d 24 75 171 182 56 97 108 175 155
d 25 177 94 273 219 211 54 140 39
d 26 213 255 117 283 201 151 170 241
d 27 153 139 169 241 279 281 87 252
d 28 245 238 253 144 120 155 215 261
d 29 37 113 42 262 75 86 16 106
d 30 201 198 219 93 132 15 105 33
d 31 40 234 233 62 134 194 153 25
d 32 10 84 51 236 161 89 65 24
d 33 140 237 264 183 281 204 78 167
d 34 13 275 266 167 141 160 157 278
d 35 198 71 226 256 127 62 1 69
d 36 17 22 248 30 144 203 56 61
d 37 207 45 179 31 158 253 41 266
d 38 69 22 100 67 21 103 104 56
d 39 38 199 278 226 128 77 89 188
d 40 182 136 164 79 109 106 165 277
d 41 168 79 134 12 217 144 271 89
d 42 50 142 258 23 222 263 21 133
d 43 101 102 239 199 176 135 173 285
d 44 227 193 272 121 270 33 278 111
d 3 1 5 180 208 3 87 228 216
d 4 125 22 186 262 41 12 168 180
d 5 195 97 52 258 81 196 213 194
d 6 200 176 279 129 19 92 89 33
d 7 213 5 55 126 32 135 11 269
d 8 152 82 235 121 95 50 32 45
d 9 277 282 75 28 201 59 52 143
d 10 126 285 27 143 149 17 154 142
d 11 136 108 105 234 94 109 63 276
d 12 287 240 204 270 202 53 52 222
d 13 54 137 15 264 13 151 113 86
d 14 111 278 120 215 251 51 228 49
d 15 152 235 215 7 1 20 199 111
d 16 198 58 59 80 272 147 140 38
d 17 68 107 147 184 105 25 131 0
d 18 283 255 66 220 245 108 246 117
d 19 85 247 101 236 103 284 242 157
d 20 92 116 273 251 109 199 32 45
d 21 29 50 141 152 98 104 22 233
d 22 182 188 89 84 265 65 252 261
d 23 19 120 183 62 255 270 253 44
d 24 175 108 155 97 182 171 208 281
d 25 211 177 219 94 273 210 181 182
d 26 213 255 117 151 201 283 231 262
d 27 153 241 252 281 169 139 279 55
d 28 261 238 245 192 155 253 231 120
d 29 42 113 86 37 93 262 50 16
d 30 201 62 219 132 226 93 156 33
d 31 40 234 9 62 212 25 233 29
d 32 10 51 84 236 161 28 190 239
d 33 140 237 264 183 37 40 249 129
d 34 275 13 167 266 160 106 159 211
d 35 198 71 256 69 57 1 127 105
d 36 17 22 248 77 210 56 30 279
d 37 207 158 31 41 179 93 253 78
d 38 69 22 257 203 100 249 6 0
d 39 38 242 188 136 77 112 278 68
d 40 182 132 79 145 109 147 240 30
d 41 12 79 144 32 217 134 92 89
d 42 105 23 142 258 84 133 177 12
d 43 101 199 221 176 232 242 208 97
d 44 75 45 107 250 270 267 44 30
d 3 282 123 145 144 88 161 243 112
d 4 184 233 128 95 187 242 150 163
d 5 69 88 177 131 257 156 121 66
d 6 194 178 44 18 182 24 59 175
d 7 44 180 94 262 209 280 78 237
d 8 149 98 237 114 156 154 61 32
d 9 256 110 19 239 262 114 2 202
d 10 32 2 207 73 48 36 50 249
d 11 151 1 256 53 105 215 29 18
d 12 10 176 147 270 201 120 97 186
d 13 177 113 184 267 272 117 164 36
d 14 129 251 271 215 114 180 226 149
d 15 190 206 49 47 183 41 112 125
d 16 59 227 90 56 13 104 95 170
d 17 119 239 120 131 8 23 286 107
d 18 255 127 1 261 174 269 80 245
d 19 74 236 284 85 71 271 247 51
d 20 32 4 251 127 234 273 150 97
d 21 122 19 198 63 277 78 87 104
d 22 181 161 252 282 72 135 232 265
d 23 10 2 44 18 70 137 93 264
d 24 182 220 171 97 75 281 210 6
d 25 11 241 200 196 53 274 96 48
d 26 84 191 255 7 10 249 54 117
d 27 270 212 218 153 28 151 227 170
d 28 12 66 276 182 127 253 115 0
d 29 166 113 130 196 75 280 86 272
d 30 198 110 37 148 213 61 158 143
d 31 40 212 104 77 112 193 267 67
d 32 65 93 10 115 89 151 141 53
d 33 148 140 235 191 99 267 177 142
d 34 136 76 167 207 144 1 264 100
d 35 55 179 268 71 198 156 126 128
d 36 22 63 56 30 17 61 133 212
d 37 266 187 194 42 31 249 193 22
d 38 69 22 21 152 260 58 89 73
d 39 128 108 282 109 38 278 82 40
d 40 182 164 165 68 118 129 223 137
d 41 196 254 124 244 103 222 71 29
d 42 222 263 55 23 227 50 28 133
d 43 239 135 101 230 245 173 92 69
d 44 73 48 256 193 272 68 32 282
d 3 253 255 249 109 143 151 180 287
d 4 99 140 77 86 210 168 247 236
d 5 198 70 138 252 206 170 193 163
d 6 49 13 10 132 202 279 183 11
d 7 5 57 162 135 42 54 252 159
d 8 261 253 227 50 21 45 160 119
d 9 218 30 129 277 5 264 171 59
d 10 120 217 101 253 165 111 254 91
d 11 123 136 223 277 45 14 270 105
d 12 155 204 270 166 15 123 53 279
d 13 13 232 15 278 151 226 193 71
d 14 278 247 277 117 101 287 75 163
d 15 229 20 205 121 152 280 215 7
d 16 198 99 275 91 89 229 244 233
d 17 107 68 279 184 12 163 42 86
d 18 75 283 220 254 9 245 117 5
d 19 242 233 157 44 103 85 174 241
d 20 116 273 92 246 152 109 251 150
d 21 29 40 123 22 95 269 50 154
d 22 182 214 188 35 88 252 84 121
d 23 52 62 158 132 90 129 11 19
d 24 108 215 207 64 182 171 173 175
d 25 177 53 94 29 166 259 181 104
d 26 213 261 201 86 193 68 19 203
d 27 241 153 169 281 139 166 163 29
d 28 10 261 136 235 167 146 45 120
d 29 86 113 138 42 37 275 50 196
d 30 270 136 152 172 238 134 201 73
d 31 40 234 9 194 272 207 211 233
d 32 10 236 161 252 28 176 211 284
d 33 140 105 37 204 40 264 246 14
d 34 275 167 106 160 141 279 13 56
d 35 198 127 71 256 57 47 123 91
d 36 17 144 22 248 92 41 236 30
d 37 42 207 31 179 8 181 175 29
d 38 69 22 152 164 235 3 195 6
d 39 38 136 68 234 153 241 117 222
d 40 182 44 190 71 23 96 233 118
d 41 35 144 134 217 79 54 92 213
d 42 23 96 1 105 18 137 6 12
d 43 101 184 221 80 35 224 203 59
d 44 110 221 242 282 44 240 195 8
d 3 257 96 60 73 182 229 76 53
d 4 145 182 258 221 226 134 265 82
d 5 16 69 185 275 284 23 140 67
d 6 172 276 160 252 261 230 14 105
d 7 44 180 237 51 27 29 117 7
d 8 183 98 114 252 190 23 25 87
d 9 239 200 142 49 32 266 93 44
d 10 166 171 46 167 265 259 256 271
d 11 138 92 157 18 284 256 53 259
d 12 201 147 128 127 186 134 78 270
d 13 177 11 145 69 9 58 161 131
d 14 129 225 135 114 252 122 159 235
d 15 129 49 190 221 159 275 130 142
d 16 165 231 84 245 181 157 89 227
d 17 181 179 135 246 82 165 106 70
d 18 215 1 103 60 61 219 240 33
d 19 236 184 243 158 257 93 50 174
d 20 3 4 259 215 136 191 263 112
d 21 21 3 87 131 63 169 77 191
d 22 161 34 206 279 269 252 232 250
d 23 76 122 200 164 44 176 20 249
d 24 172 75 4 182 125 69 97 136
d 25 197 224 136 172 21 53 56 166
d 26 84 254 111 213 79 22 152 286
d 27 241 12 169 29 211 209 167 197
d 28 167 31 73 194 120 269 45 12
d 29 83 55 37 100 75 113 93 210
d 30 127 93 134 201 97 36 143 184
d 31 40 234 18 229 88 207 39 158
d 32 261 139 176 24 147 279 211 143
d 33 140 191 168 78 240 246 86 204
d 34 275 37 193 159 160 10 20 152
d 35 198 71 127 2 224 256 105 107
d 36 17 40 22 23 38 118 144 210
d 37 245 198 207 23 30 159 46 256
d 38 69 96 231 38 254 261 7 156
d 39 38 260 22 136 175 68 6 268
d 40 182 110 170 71 8 220 79 144
d 41 271 54 35 202 4 109 147 155
d 42 252 96 108 50 12 270 23 156
d 43 102 221 218 271 199 42 272 111
d 44 75 227 86 110 33 181 47 279
d 3 149 122 15 261 106 136 17 142
d 4 122 256 165 163 283 167 214 139
d 5 19 226 115 88 118 242 68 166
d 6 42 232 118 261 76 96 184 281
d 7 173 80 213 224 82 171 211 4
d 8 82 62 181 159 33 214 223 20
d 9 78 266 253 208 202 90 282 119
d 10 78 46 126 278 154 17 118 171
d 11 94 108 138 71 53 127 136 62
d 12 202 259 155 128 147 204 270 215
d 13 268 54 22 177 9 69 138 137
d 14 225 129 120 111 235 3 114 218
d 15 129 49 29 190 266 221 152 142
d 16 165 103 231 195 123 136 19 151
d 17 181 147 179 271 247 68 233 78
d 18 210 215 285 1 240 233 220 61
d 19 199 64 274 285 275 93 94 184
d 20 273 199 92 4 279 262 191 259
d 21 50 198 29 122 63 141 41 131
d 22 193 181 206 252 134 84 161 282
d 23 174 120 136 213 76 270 200 158
d 24 182 75 175 155 172 4 270 69
d 25 197 219 194 133 152 53 115 80
d 26 84 117 64 233 213 254 142 165
d 27 29 241 169 12 250 138 49 209
d 28 269 31 157 73 45 54 199 194
d 29 248 83 100 160 55 37 42 171
d 30 93 201 15 256 17 157 127 6
d 31 40 234 158 272 207 196 229 239
d 32 173 143 10 65 24 279 29 176
d 33 140 246 78 204 240 112 168 39
d 34 275 160 193 152 159 20 141 279
d 35 198 71 127 107 256 246 134 268
d 36 17 22 118 92 15 194 279 210
d 37 198 207 200 29 250 183 181 159
d 38 69 156 168 231 150 254 201 38
d 39 38 260 136 99 68 268 34 224
d 40 182 212 8 110 86 233 80 161
d 41 35 271 97 219 154 203 79 13
d 42 273 96 23 52 219 252 50 127
d 43 280 102 136 221 218 195 193 14
d 44 187 167 251 75 252 46 162 134
d 3 169 96 60 31 37 136 278 110
d 4 89 182 233 187 151 121 199 252
d 5 269 5 68 69 226 118 88 44
d 6 158 215 261 175 22 184 36 233
d 7 44 27 237 180 29 48 99 81
d 8 98 23 183 114 65 46 96 198
d 9 239 32 142 200 150 167 90 49
d 10 78 46 171 207 137 118 277 265
d 11 138 92 157 71 53 127 69 284
d 12 128 201 176 147 134 133 74 278
d 13 177 145 96 58 277 201 11 268
d 14 225 129 218 114 159 135 3 252
d 15 129 49 29 159 221 190 200 208
d 16 165 245 119 22 231 136 157 26
d 17 179 181 233 135 98 117 70 246
d 18 1 215 103 240 219 127 37 126
d 19 236 94 174 257 64 243 76 208
d 20 4 52 136 215 119 3 259 88
d 21 122 198 21 76 3 24 275 100
d 22 181 206 134 161 287 269 97 282
d 23 2 76 122 200 174 270 70 176
d 24 75 136 172 182 270 128 173 212
d 25 133 194 53 115 197 200 224 152
d 26 84 268 256 254 221 142 163 38
d 27 270 7 212 241 248 167 170 179
d 28 12 194 261 167 115 45 157 199
d 29 83 248 55 100 113 138 210 37
d 30 127 134 247 176 97 148 198 93
d 31 18 40 207 33 7 280 88 19
d 32 139 65 149 93 146 203 249 89
d 33 140 148 105 37 199 250 40 78
d 34 207 275 72 81 144 9 251 195
d 35 55 198 57 256 224 71 27 127
d 36 17 41 128 40 61 206 38 261
d 37 158 30 256 22 207 245 182 69
d 38 69 164 22 64 230 145 203 177
d 39 22 38 68 108 54 175 19 185
d 40 182 71 158 112 270 113 165 110
d 41 35 271 12 155 159 127 147 196
d 42 252 96 12 156 127 23 18 194
d 43 221 102 272 218 199 111 3 99
d 44 75 227 94 107 110 242 267 192
d 3 30 48 63 166 176 60 112 287
d 4 95 167 19 187 229 218 151 42
d 5 19 244 21 86 239 20 44 69
d 6 233 136 142 89 245 208 22 92
d 7 29 44 227 265 94 208 245 177
d 8 229 98 114 63 145 23 84 16
d 9 284 239 49 90 2 141 228 95
d 10 71 200 32 46 80 198 220 3
d 11 138 13 115 14 18 92 271 256
d 12 81 237 147 134 133 57 11 270
d 13 177 282 272 145 191 37 119 209
d 14 129 232 126 119 114 73 52 107
d 15 49 221 190 142 251 47 25 105
d 16 172 157 265 95 227 55 136 217
d 17 181 47 179 135 118 107 37 131
d 18 1 210 242 240 215 76 61 103
d 19 210 236 225 24 184 257 10 7
d 20 4 273 133 204 37 250 191 78
d 21 141 89 181 198 63 122 78 277
d 22 279 161 154 34 252 260 206 282
d 23 18 70 93 270 44 76 111 114
d 24 251 182 212 171 8 97 286 69
d 25 115 53 241 96 48 275 152 95
d 26 190 7 256 128 2 84 54 17
d 27 270 218 248 89 158 7 212 227
d 28 115 276 182 144 12 146 248 286
d 29 166 138 130 280 83 113 80 86
d 30 198 176 244 213 192 61 110 136
d 31 282 43 93 245 172 285 33 39
d 32 65 93 147 141 251 53 146 158
d 33 148 105 25 140 274 113 235 218
d 34 76 1 9 251 72 207 144 19
d 35 55 128 198 220 110 3 71 25
d 36 206 17 62 271 41 135 133 166
d 37 22 42 187 31 267 236 278 182
d 38 69 22 274 152 107 125 58 282
d 39 108 278 54 185 74 36 97 231
d 40 129 182 78 232 165 38 8 19
d 41 196 96 244 199 89 124 254 71
d 42 23 55 50 28 235 83 160 133
d 43 135 239 101 146 230 202 109 131
d 44 193 68 256 73 265 240 85 282
d 3 217 246 12 128 180 90 22 153
d 4 85 138 75 8 89 105 264 33
d 5 96 208 166 108 284 201 223 241
d 6 237 204 159 242 284 264 136 286
d 7 57 246 33 267 235 183 173 80
d 8 187 6 253 153 88 171 57 140
d 9 47 129 88 205 16 221 108 218
d 10 251 91 99 280 87 139 249 41
d 11 135 245 261 246 19 142 140 2
d 12 22 213 15 37 204 255 221 218
d 13 13 71 193 25 15 278 94 182
d 14 277 101 144 75 202 166 287 161
d 15 66 10 116 55 168 11 180 138
d 16 264 112 202 91 244 247 88 210
d 17 279 236 107 68 208 283 0 25
d 18 75 215 254 220 210 73 63 37
d 19 233 157 242 194 185 235 166 285
d 20 273 152 92 181 246 278 66 47
d 21 123 122 216 66 198 141 233 22
d 22 253 188 181 252 214 42 279 147
d 23 42 230 158 11 270 90 121 111
d 24 159 182 1 148 176 207 198 45
d 25 96 11 112 53 274 104 161 270
d 26 56 190 208 191 1 25 89 84
d 27 270 203 89 276 248 184 28 80
d 28 46 81 163 191 255 115 62 146
d 29 86 263 130 149 92 252 280 113
d 30 136 243 208 229 261 37 213 95
d 31 257 15 175 214 267 282 163 94
d 32 229 263 89 236 64 93 226 277
d 33 1 256 171 130 148 127 101 43
d 34 76 126 182 59 83 100 143 269
d 35 147 258 57 117 29 114 149 78
d 36 248 199 106 187 188 83 130 41
d 37 69 278 93 156 182 140 61 161
d 38 107 195 225 16 116 133 269 214
d 39 234 103 77 211 150 74 183 267
d 40 118 96 11 23 145 44 38 79
d 41 173 98 87 134 121 20 48 78
d 42 261 125 236 208 21 2 235 242
d 43 278 261 49 154 15 126 210 114
d 44 133 253 182 247 65 19 216 121
d 3 41 261 243 242 26 172 160 196
d 4 66 254 116 214 249 210 195 182
d 5 240 128 170 2 280 254 52 17
d 6 6 228 236 271 160 231 217 117
d 7 165 178 135 269 227 177 131 169
d 8 236 225 164 156 191 83 223 112
d 9 187 271 166 28 129 59 188 208
d 10 84 236 269 99 111 251 24 169
d 11 71 82 262 202 35 225 229 212
d 12 72 37 213 155 204 123 240 216
d 13 278 230 13 25 253 85 3 210
d 14 101 52 277 268 278 75 146 40
d 15 11 279 260 147 36 152 220 2
d 16 202 49 282 229 91 98 198 210
d 17 12 237 255 279 68 122 107 205
d 18 254 75 79 73 57 156 225 42
d 19 44 194 242 159 157 238 233 219
d 20 246 109 239 212 152 273 92 278
d 21 154 66 123 22 73 148 79 214
d 22 95 188 253 283 178 84 58 147
d 23 158 51 230 90 262 117 244 166
d 24 148 215 198 108 231 207 52 45
d 25 96 53 125 161 113 274 236 271
d 26 190 252 208 25 19 282 84 222
d 27 270 89 169 203 70 276 146 27
d 28 136 115 261 146 167 89 46 41
d 29 5 86 282 58 113 275 222 149
d 30 134 136 244 192 93 19 261 66
d 31 9 40 223 234 257 156 280 38
d 32 263 236 229 257 28 69 176 8
d 33 105 140 37 193 1 256 248 35
d 34 275 187 126 72 76 106 33 136
d 35 198 256 57 147 114 127 47 67
d 36 17 130 248 188 215 140 7 135
d 37 97 42 69 181 31 236 61 278
d 38 195 69 22 278 152 190 173 161
d 39 38 211 234 80 267 8 228 166
d 40 182 118 44 74 79 145 147 134
d 41 216 87 134 173 272 92 119 174
d 42 261 264 23 161 283 125 50 1
d 43 82 225 261 126 272 15 173 166
d 44 182 253 186 11 145 110 160 216
d 3 7 12 109 230 82 21 24 2
d 4 78 146 267 196 144 271 55 220
d 5 240 284 138 153 219 161 158 128
d 6 171 217 240 154 255 117 236 115
d 7 139 57 245 168 211 118 107 49
d 8 225 178 236 200 109 191 88 119
d 9 279 187 129 57 276 48 59 208
d 10 84 111 135 25 8 118 20 56
d 11 202 240 219 262 47 105 71 31
d 12 72 134 273 120 147 233 236 23
d 13 177 145 119 196 233 251 182 42
d 14 129 243 114 50 140 88 33 168
d 15 49 190 142 39 57 214 251 162
d 16 188 227 136 26 268 108 13 114
d 17 124 135 78 239 118 139 181 37
d 18 1 87 170 103 44 278 214 240
d 19 257 236 225 241 76 24 64 120
d 20 250 4 141 3 273 215 89 270
d 21 3 21 198 41 79 137 118 205
d 22 280 200 232 34 252 125 181 282
d 23 158 152 201 244 191 255 166 91
d 24 215 198 98 176 108 172 171 5
d 25 53 96 177 166 94 259 125 161
d 26 213 190 19 186 252 25 84 107
d 27 169 148 241 153 27 166 230 276
d 28 136 167 215 245 45 73 31 98
d 29 37 86 5 281 275 113 167 58
d 30 136 244 93 134 201 15 33 69
d 31 40 234 9 38 211 25 285 23
d 32 263 161 176 221 8 284 24 62
d 33 140 105 39 35 246 204 129 167
d 34 275 187 136 36 141 150 72 14
d 35 198 127 47 71 256 136 231 14
d 36 17 22 166 7 248 118 203 279
d 37 207 97 181 42 29 140 253 69
d 38 69 22 98 195 167 152 3 190
d 39 38 136 241 109 211 83 77 222
d 40 182 8 112 96 235 71 79 193
d 41 144 38 213 61 250 216 15 24
d 42 23 264 261 161 181 125 275 1
d 43 261 126 225 221 15 184 272 230
d 44 182 110 44 253 6 270 30 48
d 3 226 113 185 197 67 243 120 200
d 4 138 195 66 14 164 210 37 83
d 5 71 281 138 201 287 190 246 129
d 6 244 95 157 141 166 117 101 267
d 7 282 34 245 256 209 127 241 149
d 8 213 34 149 277 74 92 65 139
d 9 203 187 238 121 69 169 129 208
d 10 84 226 203 129 201 164 68 20
d 11 202 190 164 7 264 37 140 270
d 12 72 281 209 99 142 54 140 164
d 13 230 177 77 121 144 202 254 253
d 14 75 129 207 232 99 231 54 160
d 15 151 279 2 11 246 49 190 147
d 16 229 49 282 172 37 115 98 233
d 17 107 25 179 237 78 242 86 240
d 18 1 210 220 225 157 63 192 57
d 19 194 157 236 220 233 80 239 164
d 20 273 92 246 210 1 212 269 126
d 21 79 123 198 154 22 247 164 148
d 22 178 188 95 232 118 252 58 191
d 23 158 91 111 166 56 51 95 152
d 24 198 215 182 171 108 45 88 54
d 25 53 177 94 259 96 125 271 166
d 26 213 190 19 84 186 252 86 25
d 27 169 148 270 153 241 166 276 281
d 28 167 136 261 146 215 91 45 10
d 29 37 86 113 275 281 5 167 99
d 30 134 136 244 93 201 238 73 66
d 31 40 234 9 223 38 272 280 194
d 32 263 161 176 221 236 8 118 92
d 33 140 105 39 37 35 193 14 124
d 34 275 187 25 36 33 29 136 167
d 35 198 127 256 71 47 136 218 57
d 36 17 7 248 203 46 85 135 22
d 37 97 181 42 207 69 82 31 158
d 38 69 22 195 190 152 278 235 98
d 39 38 136 211 267 234 8 77 228
d 40 182 79 44 142 112 71 276 147
d 41 173 38 144 87 134 92 167 216
d 42 261 125 264 23 161 1 275 283
d 43 261 184 126 221 272 15 278 180
d 44 253 19 182 247 44 110 48 11
d 3 231 273 130 170 67 26 103 262
d 4 95 273 239 145 184 103 172 187
d 5 177 259 91 185 119 269 236 176
d 6 233 277 194 182 20 184 148 72
d 7 44 180 6 265 2 83 29 31
d 8 114 245 71 98 23 169 282 33
d 9 239 93 131 66 160 6 243 49
d 10 29 256 201 49 234 53 137 185
d 11 46 138 219 256 18 26 33 92
d 12 201 120 134 78 273 147 209 114
d 13 177 70 150 233 268 119 280 164
d 14 129 243 114 57 50 88 136 122
d 15 49 190 183 79 57 251 91 285
d 16 268 13 227 136 188 108 157 32
d 17 78 124 135 244 272 239 25 281
d 18 1 103 220 253 170 61 23 223
d 19 236 257 225 258 21 241 270 208
d 20 273 4 279 270 17 89 212 37
d 21 285 41 198 21 3 277 67 208
d 22 232 47 252 55 12 65 280 118
d 23 158 163 214 242 84 174 122 114
d 24 69 182 162 171 92 172 20 235
d 25 53 259 94 266 136 96 118 210
d 26 213 268 19 186 190 236 203 261
d 27 166 169 148 241 281 153 27 42
d 28 167 136 51 230 10 261 240 73
d 29 37 192 281 105 93 275 184 113
d 30 247 136 134 93 244 201 272 173
d 31 9 40 234 38 44 271 189 124
d 32 190 263 161 29 257 176 205 253
d 33 140 39 105 35 58 161 18 64
d 34 275 30 187 129 238 136 279 151
d 35 198 10 127 47 71 65 256 224
d 36 17 118 7 203 248 279 32 22
d 37 223 97 207 158 181 31 269 247
d 38 69 22 195 190 126 100 110 243
d 39 38 126 20 136 221 77 56 22
d 40 182 79 112 216 214 159 205 134
d 41 147 217 272 144 159 130 53 207
d 42 207 23 12 96 52 108 18 283
d 43 97 221 199 84 272 262 101 166
d 44 75 110 230 88 44 86 172 47
d 3 203 21 276 63 17 67 32 216
d 4 162 213 95 182 276 221 147 127
d 5 185 69 58 12 199 136 182 117
d 6 92 145 188 151 172 180 52 105
d 7 44 238 29 177 35 98 174 65
d 8 98 157 252 96 23 114 113 58
d 9 239 56 152 31 49 83 170 230
d 10 71 171 32 256 48 186 202 10
d 11 215 13 138 129 256 18 92 248
d 12 147 120 275 201 270 57 98 182
d 13 177 282 37 96 145 231 164 69
d 14 129 61 114 180 231 181 69 19
d 15 49 190 259 251 90 25 105 47
d 16 172 59 55 157 120 119 61 95
d 17 107 181 103 95 135 118 179 25
d 18 1 127 210 220 186 103 265 113
d 19 236 208 74 21 132 93 257 270
d 20 273 4 270 191 3 212 12 133
d 21 198 141 208 181 21 63 3 277
d 22 154 232 161 279 252 16 145 282
d 23 200 44 158 70 114 248 18 201
d 24 182 171 198 172 69 4 94 251
d 25 53 115 200 94 96 28 149 120
d 26 84 190 254 213 186 74 258 70
d 27 270 148 241 27 170 133 169 38
d 28 286 115 167 240 12 146 136 89
d 29 55 166 83 113 93 75 184 130
d 30 198 134 136 207 110 176 261 203
d 31 18 40 9 235 234 280 189 223
d 32 139 221 93 146 56 273 176 58
d 33 105 140 27 35 280 113 56 161
d 34 136 187 14 275 126 182 81 94
d 35 198 224 156 256 14 238 57 55
d 36 17 63 130 40 24 84 90 207
d 37 187 69 256 223 182 97 247 181
d 38 195 69 190 257 58 173 245 129
d 39 22 38 234 267 236 246 36 181
d 40 79 220 112 276 182 275 145 5
d 41 155 196 127 103 146 115 161 107
d 42 12 232 96 108 1 218 23 264
d 43 166 272 225 97 102 181 26 271
d 44 262 75 279 110 227 11 267 265
d 3 242 134 65 48 93 106 109 104
d 4 42 127 272 221 161 59 209 117
d 5 257 175 5 75 115 274 113 22
d 6 261 45 92 132 189 152 142 95
d 7 44 83 180 181 0 51 236 175
d 8 252 98 192 190 24 129 19 43
d 9 202 181 201 146 185 141 232 59
d 10 41 71 198 171 204 48 221 24
d 11 13 103 256 219 18 213 140 122
d 12 152 270 57 53 81 74 123 229
d 13 124 37 282 267 156 193 272 23
d 14 232 231 86 97 175 75 138 151
d 15 61 238 170 215 2 190 1 112
d 16 229 233 231 172 59 46 209 38
d 17 25 107 27 237 242 45 226 53
d 18 220 233 210 225 254 1 157 156
d 19 44 157 159 5 103 165 196 141
d 20 273 79 212 257 12 126 92 219
d 21 261 208 79 181 123 98 141 198
d 22 232 178 16 188 279 93 73 161
d 23 248 70 18 111 210 270 158 262
d 24 251 198 97 4 265 182 84 228
d 25 96 11 27 53 270 241 196 48
d 26 190 84 241 258 74 166 221 191
d 27 270 151 158 89 218 227 190 74
d 28 115 62 286 248 70 240 163 41
d 29 166 130 83 5 208 280 184 117
d 30 232 198 207 176 110 244 261 134
d 31 235 257 93 282 22 38 280 94
d 32 93 3 104 221 273 53 146 99
d 33 105 198 274 235 142 113 271 285
d 34 126 14 26 136 182 76 128 121
d 35 55 156 149 14 224 114 250 241
d 36 106 102 120 199 63 130 32 62
d 37 187 251 182 278 236 63 224 247
d 38 58 195 192 107 73 225 236 173
d 39 170 74 271 279 280 54 48 50
d 40 103 275 38 57 5 79 165 157
d 41 196 254 277 115 118 150 287 124
d 42 218 23 264 83 28 149 223 242
d 43 225 255 166 135 26 133 99 5
d 44 262 265 11 3 13 68 203 126
d 3 284 171 126 113 254 226 181 136
d 4 138 132 17 8 83 59 119 144
d 5 50 201 205 71 219 83 103 183
d 6 244 286 48 141 131 159 189 227
d 7 238 57 282 18 140 55 209 245
d 8 186 213 243 83 141 96 192 249
d 9 257 98 173 129 136 140 274 259
d 10 105 111 184 41 216 118 211 48
d 11 214 2 264 140 93 176 262 125
d 12 174 220 53 152 118 55 164 39
d 13 114 13 144 226 193 121 23 253
d 14 151 277 106 75 101 231 10 166
d 15 147 188 30 11 42 208 2 85
d 16 50 91 116 212 233 229 210 162
d 17 25 107 237 27 279 285 1 242
d 18 225 220 254 210 233 79 57 157
d 19 44 157 233 165 159 142 242 194
d 20 257 92 273 212 82 181 122 109
d 21 13 123 231 22 233 154 98 133
d 22 188 268 214 178 121 250 117 14
d 23 201 90 190 110 152 51 95 111
d 24 215 198 64 32 182 208 46 247
d 25 53 94 259 142 125 210 177 22
d 26 19 213 190 261 186 258 86 193
d 27 169 148 241 153 174 27 166 80
d 28 228 245 167 136 73 240 45 115
d 29 5 37 275 113 49 209 66 93
d 30 244 93 134 156 148 144 242 261
d 31 40 234 9 194 38 191 31 25
d 32 263 123 7 176 211 236 161 179
d 33 140 39 204 105 246 129 81 18
d 34 275 13 278 36 127 279 141 187
d 35 198 127 47 71 25 73 86 256
d 36 17 7 210 118 193 141 108 46
d 37 207 42 218 39 253 155 191 8
d 38 69 167 98 135 195 67 13 170
d 39 38 136 84 241 222 122 86 8
d 40 182 132 110 193 83 134 9 74
d 41 12 217 144 61 216 92 272 146
d 42 23 264 149 286 26 192 34 105
d 43 221 26 199 166 135 255 202 109
d 44 44 107 48 164 266 75 265 57
d 3 241 190 123 120 126 212 92 127
d 4 225 179 171 144 6 132 59 203
d 5 50 13 201 248 83 205 38 19
d 6 74 284 77 64 76 278 142 202
d 7 76 80 238 127 241 109 66 174
d 8 251 35 186 115 9 226 109 255
d 9 157 126 257 129 203 43 100 81
d 10 254 122 274 111 281 26 118 280
d 11 264 2 214 21 147 208 47 158
d 12 220 174 118 55 106 53 123 18
d 13 144 177 135 114 13 119 121 226
d 14 129 114 180 243 151 231 140 244
d 15 49 190 214 47 159 79 25 59
d 16 157 268 227 172 61 188 181 17
d 17 181 78 47 139 135 103 172 239
d 18 1 153 210 285 216 242 127 48
d 19 208 21 236 74 257 258 270 132
d 20 4 279 273 270 259 136 3 250
d 21 21 198 3 207 277 169 77 178
d 22 268 252 250 61 206 282 45 243
d 23 201 7 122 158 152 1 190 110
d 24 182 172 69 279 4 198 270 171
d 25 53 94 259 166 210 142 197 177
d 26 213 19 86 214 186 285 261 258
d 27 169 148 241 130 27 153 166 174
d 28 245 167 136 73 54 228 10 240
d 29 37 5 49 113 77 66 62 141
d 30 93 244 136 74 60 6 134 15
d 31 234 40 194 9 38 191 235 211
d 32 263 161 176 7 62 239 279 257
d 33 140 39 204 105 81 35 246 129
d 34 275 13 266 56 278 150 141 14
d 35 198 127 47 71 25 64 125 256
d 36 17 222 144 22 15 209 7 77
d 37 207 42 218 253 39 191 155 269
d 38 69 167 98 6 131 86 13 67
d 39 38 136 222 84 86 43 237 241
d 40 182 121 132 193 112 9 114 74
d 41 144 12 217 61 13 92 38 272
d 42 23 105 264 26 186 142 192 214
d 43 221 166 80 104 101 199 109 274
d 44 44 107 18 250 48 164 201 110
d 3 231 130 67 273 103 170 165 47
d 4 95 273 239 184 142 145 187 50
d 5 259 177 236 91 222 15 176 119
d 6 233 72 182 20 32 154 113 80
d 7 44 6 265 29 244 280 96 35
d 8 114 71 245 98 23 156 44 25
d 9 239 93 131 49 66 196 243 160
d 10 29 256 234 53 201 22 191 49
d 11 46 138 33 26 239 256 146 219
d 12 120 201 181 134 273 147 78 237
d 13 177 70 119 150 196 268 37 233
d 14 129 114 243 57 88 50 231 138
d 15 49 190 183 79 47 186 25 110
d 16 268 227 13 108 157 136 188 55
d 17 78 135 124 172 272 139 281 284
d 18 1 103 127 85 153 255 170 261
d 19 21 257 236 258 114 208 131 74
d 20 270 4 279 273 212 8 89 91
d 21 285 198 21 41 3 207 23 80
d 22 47 250 65 252 129 111 12 206
d 23 242 163 214 158 122 20 201 84
d 24 162 69 182 172 171 92 235 94
d 25 53 259 94 266 210 129 177 118
d 26 213 19 261 214 258 268 203 236
d 27 166 169 148 241 153 42 27 281
d 28 167 230 51 136 54 253 184 245
d 29 37 192 50 88 26 113 245 233
d 30 247 136 273 272 93 169 201 30
d 31 234 40 9 38 194 271 44 80
d 32 190 161 263 176 235 10 84 257
d 33 140 39 244 204 105 18 279 168
d 34 275 30 13 129 141 279 276 187
d 35 198 10 47 65 127 71 70 224
d 36 17 118 144 22 87 0 279 206
d 37 207 223 253 269 94 158 68 188
d 38 69 167 126 266 6 123 98 13
d 39 38 126 221 56 128 20 27 246
d 40 216 182 132 214 79 205 228 112
d 41 147 12 217 144 61 145 15 89
d 42 23 207 108 18 142 135 98 0
d 43 199 221 97 101 190 262 180 11
d 44 250 75 230 88 107 86 47 172
d 3 199 167 282 277 6 228 64 251
d 4 46 162 213 7 182 209 282 272
d 5 58 185 214 177 117 136 13 251
d 6 280 188 266 92 105 115 155 182
d 7 44 0 37 217 152 35 6 62
d 8 266 98 114 281 283 265 7 176
d 9 239 83 261 74 1 267 49 36
d 10 85 194 71 246 256 27 162 230
d 11 187 258 138 9 68 271 53 46
d 12 201 120 147 11 139 69 134 98
d 13 177 272 70 210 113 282 145 37
d 14 129 180 56 114 153 6 240 38
d 15 49 190 90 39 112 214 50 212
d 16 268 90 14 95 108 136 13 56
d 17 78 239 135 232 119 103 131 191
d 18 1 127 17 261 180 87 170 190
d 19 74 208 21 236 262 257 14 120
d 20 4 279 3 270 227 215 135 263
d 21 21 78 137 63 30 198 41 191
d 22 206 161 279 252 250 153 137 12
d 23 76 18 104 1 83 122 70 84
d 24 69 172 210 171 182 75 178 4
d 25 50 210 94 266 53 136 259 200
d 26 7 214 213 255 261 159 19 174
d 27 148 169 218 241 166 281 111 21
d 28 182 144 167 245 267 240 158 120
d 29 37 192 156 223 166 139 83 184
d 30 242 244 198 97 146 148 40 54
d 31 234 40 272 38 176 108 10 104
d 32 100 190 147 161 45 104 141 146
d 33 140 39 208 105 148 99 204 264
d 34 275 64 13 136 187 14 30 266
d 35 198 47 71 25 276 127 172 55
d 36 17 22 0 209 53 107 193 144
d 37 207 264 253 228 39 61 42 149
d 38 69 167 203 145 147 98 285 249
d 39 38 128 237 27 82 8 228 86
d 40 182 60 121 164 112 83 280 126
d 41 150 271 161 12 61 18 146 232
d 42 23 263 50 256 142 28 186 149
d 43 221 102 32 55 199 109 15 271
d 44 227 191 73 182 33 136 270 102
d 3 47 190 0 109 276 229 273 180
d 4 37 17 20 76 15 35 55 112
d 5 250 50 270 144 151 193 167 114
d 6 48 21 232 27 32 185 129 122
d 7 266 121 241 16 26 214 11 150
d 8 185 127 70 90 47 186 43 287
d 9 203 58 221 257 114 59 124 246
d 10 5 159 203 161 122 50 250 136
d 11 94 190 21 214 136 264 250 147
d 12 249 118 106 152 53 220 11 221
d 13 172 158 13 114 177 144 282 61
d 14 10 178 138 114 151 277 180 56
d 15 84 208 121 188 215 1 49 180
d 16 240 268 222 123 116 23 266 172
d 17 25 61 18 119 78 107 1 131
d 18 234 17 261 190 220 127 1 262
d 19 74 142 21 208 85 132 236 164
d 20 279 212 81 92 4 127 257 273
d 21 137 149 198 233 78 163 24 98
d 22 243 214 250 206 252 268 260 188
d 23 187 99 190 113 261 62 264 270
d 24 223 64 237 81 57 286 194 175
d 25 50 210 211 205 94 53 46 200
d 26 285 159 214 255 213 8 241 167
d 27 148 44 169 145 281 255 166 29
d 28 200 142 245 215 106 70 120 45
d 29 58 218 69 74 223 37 88 93
d 30 284 242 245 134 226 244 146 173
d 31 40 234 119 79 162 108 262 25
d 32 123 3 161 151 159 141 261 52
d 33 140 39 219 208 264 105 204 285
d 34 275 266 13 127 56 141 97 187
d 35 198 47 25 71 226 179 62 134
d 36 17 22 53 119 193 144 166 108
d 37 207 264 228 83 116 39 269 42
d 38 69 200 167 277 99 131 249 145
d 39 38 263 27 245 237 114 248 159
d 40 182 121 11 67 83 132 164 280
d 41 13 139 18 12 61 144 173 140
d 42 23 50 142 215 149 26 28 186
d 43 244 191 15 221 199 101 48 232
d 44 247 233 134 58 182 33 44 19
d 3 206 90 122 231 272 173 161 233
d 4 254 191 142 172 49 33 265 105
d 5 69 163 94 260 39 111 57 144
d 6 207 163 79 39 178 52 175 149
d 7 44 237 104 262 275 31 45 48
d 8 114 37 124 96 170 206 95 156
d 9 45 36 239 49 13 20 248 66
d 10 73 228 68 256 96 199 44 51
d 11 224 283 271 256 138 219 181 163
d 12 208 147 201 74 203 41 145 120
d 13 107 177 113 36 126 74 91 52
d 14 129 114 180 198 226 56 115 133
d 15 49 162 54 119 47 214 253 190
d 16 90 127 268 136 115 170 118 119
d 17 239 119 78 169 259 284 120 83
d 18 261 1 174 127 17 264 54 255
d 19 74 208 236 51 21 75 85 239
d 20 215 165 3 4 207 227 279 89
d 21 12 202 24 21 77 3 277 149
d 22 45 94 153 161 206 11 252 260
d 23 87 137 157 255 177 76 1 122
d 24 174 71 57 171 15 91 194 223
d 25 210 182 211 21 35 94 34 205
d 26 255 241 213 207 91 45 214 54
d 27 148 287 153 145 169 272 281 27
d 28 245 277 175 54 234 127 257 267
d 29 218 128 37 100 249 93 26 46
d 30 226 242 263 146 223 46 256 67
d 31 40 234 127 119 108 12 24 33
d 32 108 115 161 147 151 90 255 159
d 33 41 140 264 39 219 267 244 124
d 34 266 275 97 102 20 127 146 187
d 35 198 226 62 123 23 284 172 71
d 36 17 22 209 206 172 87 103 62
d 37 45 207 40 109 122 13 264 285
d 38 69 112 256 245 128 200 248 203
d 39 253 38 199 237 109 108 249 19
d 40 182 52 191 9 34 45 247 280
d 41 58 240 53 23 105 61 29 91
d 42 23 197 77 92 133 75 21 218
d 43 165 221 248 78 59 97 232 258
d 44 17 55 250 107 44 38 256 8
d 3 199 86 122 134 127 226 282 16
d 4 253 215 162 227 123 43 201 7
d 5 69 165 185 259 233 177 212 163
d 6 79 184 194 178 127 259 171 139
d 7 280 44 132 209 31 180 99 237
d 8 2 8 114 137 75 156 98 71
d 9 239 45 287 133 66 13 49 85
d 10 183 106 68 92 256 96 2 112
d 11 170 155 111 148 153 275 9 92
d 12 139 201 147 208 41 120 74 200
d 13 113 177 110 107 74 91 119 145
d 14 129 180 114 107 226 56 240 221
d 15 49 47 54 162 253 214 119 57
d 16 90 127 268 136 170 56 92 114
d 17 239 169 119 109 259 135 78 201
d 18 1 127 261 255 264 180 87 132
d 19 208 74 236 21 51 182 14 271
d 20 117 4 227 161 165 215 89 207
d 21 202 198 21 105 12 107 164 275
d 22 161 206 11 252 208 204 68 96
d 23 87 70 76 129 10 255 29 9
d 24 15 172 215 212 171 210 69 146
d 25 53 182 125 259 228 166 210 94
d 26 255 213 45 261 214 19 241 201
d 27 169 148 270 241 281 70 104 276
d 28 144 22 10 276 175 234 167 182
d 29 128 37 86 218 34 35 215 70
d 30 244 148 66 114 17 134 158 30
d 31 40 234 191 271 194 38 215 229
d 32 10 147 161 104 7 176 92 279
d 33 140 39 105 204 99 246 168 186
d 34 275 13 97 72 20 168 64 56
d 35 198 127 47 123 64 231 256 14
d 36 17 206 118 93 209 203 22 210
d 37 207 94 42 218 40 107 29 97
d 38 69 167 256 204 189 109 41 98
d 39 38 136 84 52 222 81 241 13
d 40 182 0 9 110 112 106 190 66
d 41 23 103 167 272 144 196 61 122
d 42 23 222 218 236 171 149 177 256
d 43 101 221 283 115 40 109 230 258
d 44 8 256 44 55 46 173 265 250
d 3 126 171 177 234 180 277 109 54
d 4 216 99 145 39 77 210 236 64
d 5 221 3 207 197 22 93 206 144
d 6 221 197 152 151 73 202 257 153
d 7 252 5 162 136 174 145 119 186
d 8 261 227 213 247 257 253 90 160
d 9 277 220 218 240 17 257 259 230
d 10 101 120 208 217 126 254 79 16
d 11 136 66 123 170 223 31 108 163
d 12 110 139 155 204 287 123 221 122
d 13 135 13 137 113 177 15 278 282
d 14 278 117 101 277 247 107 180 138
d 15 229 152 280 205 121 20 7 215
d 16 198 275 91 233 89 90 195 266
d 17 68 60 107 279 109 25 119 147
d 18 127 220 233 1 190 17 191 254
d 19 242 208 74 233 157 194 21 14
d 20 116 246 273 92 4 212 152 279
d 21 154 50 123 66 40 29 198 148
d 22 35 84 182 82 252 93 188 214
d 23 52 201 158 62 90 129 132 204
d 24 182 108 175 231 69 215 32 155
d 25 53 259 94 125 236 166 266 210
d 26 19 213 261 214 285 252 201 190
d 27 169 148 241 61 166 276 70 281
d 28 167 10 235 54 136 73 228 215
d 29 37 49 42 86 113 45 156 275
d 30 93 244 136 105 201 134 148 73
d 31 234 40 194 191 240 114 19 9
d 32 161 10 176 211 62 24 190 263
d 33 140 39 204 105 246 35 18 168
d 34 275 13 141 56 72 168 14 83
d 35 198 127 47 71 123 25 231 125
d 36 17 118 22 209 210 7 36 144
d 37 207 42 97 191 283 7 247 155
d 38 69 167 21 98 189 195 204 41
d 39 38 136 84 221 86 230 80 226
d 40 182 194 110 74 107 240 134 210
d 41 12 144 79 167 272 92 248 126
d 42 23 171 96 105 275 18 7 140
d 43 221 101 184 224 199 106 109 272
d 44 107 110 44 98 250 11 47 164
d 3 222 214 83 256 268 55 278 44
d 4 258 106 161 33 124 287 255 270
d 5 69 134 242 119 185 44 100 5
d 6 150 160 63 172 11 276 175 197
d 7 44 237 51 216 29 104 252 35
d 8 114 98 23 89 190 46 7 156
d 9 239 142 49 32 93 90 15 151
d 10 194 32 46 147 10 171 190 265
d 11 138 206 92 256 53 129 163 111
d 12 147 201 127 104 38 270 186 157
d 13 177 70 145 227 9 131 164 282
d 14 88 129 215 177 114 56 10 221
d 15 49 245 190 159 25 47 80 149
d 16 55 157 61 165 236 231 18 227
d 17 181 78 139 135 47 247 103 120
d 18 153 285 255 1 242 164 49 61
d 19 74 229 236 184 208 270 14 76
d 20 279 4 127 3 270 234 166 259
d 21 21 77 63 3 281 19 87 122
d 22 206 161 252 282 194 279 232 72
d 23 136 200 44 10 76 122 1 70
d 24 182 172 69 75 270 4 171 178
d 25 197 224 53 50 83 94 117 77
d 26 84 254 167 154 190 82 93 172
d 27 270 212 61 241 153 146 170 187
d 28 31 66 144 146 167 240 261 253
d 29 83 113 55 37 77 93 75 58
d 30 93 221 97 148 237 143 198 277
d 31 40 234 194 31 22 18 240 3
d 32 65 139 141 24 53 100 284 104
d 33 140 105 39 246 204 148 22 99
d 34 275 146 72 57 52 243 14 67
d 35 198 127 107 256 71 224 218 47
d 36 17 118 209 7 144 22 210 40
d 37 207 245 29 187 99 59 140 182
d 38 69 167 261 21 156 203 44 260
d 39 38 136 84 191 36 34 128 86
d 40 182 112 220 134 208 159 110 210
d 41 150 219 79 205 217 147 272 277
d 42 273 252 207 23 50 7 232 36
d 43 222 221 97 280 202 271 246 102
d 44 241 86 101 279 286 141 35 33
d 3 96 83 157 141 76 264 259 183
d 4 161 121 81 201 272 234 170 167
d 5 5 124 75 171 257 76 144 44
d 6 105 89 110 222 233 85 22 64
d 7 44 237 29 131 94 180 95 208
d 8 114 98 252 283 220 214 142 78
d 9 239 49 90 142 152 222 119 44
d 10 171 32 10 23 147 48 80 194
d 11 138 53 256 92 268 259 151 50
d 12 201 147 127 270 161 120 50 112
d 13 177 70 145 119 184 131 151 37
d 14 129 88 215 180 56 81 118 107
d 15 49 190 47 159 245 214 25 80
d 16 55 157 181 170 17 165 227 59
d 17 181 139 78 135 239 119 234 47
d 18 255 261 1 127 153 48 242 213
d 19 74 236 283 229 184 63 208 134
d 20 4 3 127 215 77 150 207 204
d 21 21 122 19 277 198 78 87 3
d 22 96 161 282 252 181 16 72 204
d 23 76 200 10 44 70 129 190 137
d 24 75 182 92 108 171 69 97 126
d 25 94 125 53 166 210 102 259 56
d 26 213 117 214 261 84 255 19 285
d 27 148 169 241 61 281 153 276 27
d 28 167 10 73 54 215 144 245 146
d 29 37 86 83 138 49 93 58 26
d 30 93 201 136 6 219 105 244 190
d 31 234 40 191 240 9 194 207 162
d 32 10 161 24 65 279 176 46 236
d 33 140 39 204 105 168 246 129 279
d 34 275 13 141 20 56 97 279 151
d 35 198 127 47 71 147 256 25 64
d 36 17 118 144 210 7 108 198 192
d 37 207 42 97 253 41 39 269 23
d 38 69 167 21 7 109 131 170 6
d 39 38 136 84 222 230 89 86 237
d 40 182 8 9 193 112 171 107 210
d 41 12 144 168 272 20 154 217 122
d 42 171 23 252 274 7 18 50 264
d 43 221 239 101 131 199 135 198 149
d 44 75 33 44 164 107 227 85 272
d 3 47 190 0 109 24 229 153 275
d 4 37 17 20 119 80 210 212 284
d 5 50 250 102 180 270 13 128 19
d 6 48 21 240 232 27 32 129 17
d 7 266 175 47 231 239 209 40 173
d 8 185 70 127 17 279 47 32 189
d 9 203 58 221 257 259 214 12 124
d 10 5 159 161 203 173 50 122 129
d 11 214 94 190 264 254 21 136 146
d 12 249 220 203 118 106 257 140 263
d 13 144 158 13 114 36 172 164 61
d 14 10 178 151 101 215 277 138 281
d 15 84 208 188 121 215 49 244 190
d 16 240 116 212 50 272 91 222 269
d 17 61 181 73 25 119 107 86 284
d 18 210 255 234 174 220 225 233 153
d 19 142 275 229 74 233 157 80 132
d 20 127 273 92 150 122 55 247 207
d 21 198 149 13 197 22 76 233 123
d 22 268 214 243 60 188 252 206 282
d 23 190 99 187 62 201 255 137 110
d 24 223 64 279 182 57 286 71 194
d 25 99 94 53 142 80 117 205 22
d 26 285 167 213 214 55 93 156 186
d 27 146 169 61 44 153 38 241 148
d 28 200 142 1 42 242 73 54 70
d 29 58 74 5 37 93 218 77 167
d 30 93 245 157 141 134 201 156 242
d 31 234 40 191 207 272 194 25 253
d 32 123 143 261 3 284 236 24 159
d 33 140 39 204 105 167 220 246 226
d 34 275 127 141 160 279 146 56 97
d 35 198 127 71 107 47 218 253 123
d 36 17 144 22 209 7 210 118 108
d 37 207 200 198 246 26 42 31 4
d 38 69 167 156 9 231 145 203 200
d 39 38 136 84 115 36 43 241 86
d 40 182 11 8 134 110 74 208 112
d 41 13 139 144 38 272 167 12 20
d 42 50 23 264 171 105 26 192 156
d 43 221 191 244 15 80 59 258 101
d 44 33 247 182 134 6 164 110 249
d 3 135 107 48 99 14 201 159 258
d 4 174 117 265 72 147 193 65 176
d 5 285 69 134 122 119 258 136 88
d 6 52 134 182 158 198 78 240 233
d 7 44 237 78 103 31 111 280 119
d 8 114 98 156 91 23 282 283 8
d 9 239 66 49 56 217 287 34 141
d 10 182 10 256 3 24 83 21 156
d 11 92 158 208 139 138 53 271 163
d 12 7 201 147 227 268 125 120 144
d 13 157 177 124 91 145 152 119 58
d 14 129 66 114 180 76 56 27 182
d 15 49 190 159 101 25 214 105 100
d 16 207 221 157 61 227 39 122 284
d 17 181 139 206 247 78 47 9 120
d 18 285 153 1 48 255 240 98 229
d 19 208 184 76 236 74 21 270 229
d 20 136 279 34 259 110 4 3 215
d 21 77 21 131 198 201 76 169 80
d 22 250 206 55 26 237 252 161 97
d 23 122 210 25 212 135 137 164 76
d 24 4 270 69 277 75 172 86 171
d 25 197 201 258 53 99 105 94 236
d 26 101 213 275 254 215 280 241 59
d 27 31 153 174 123 255 70 54 38
d 28 231 54 144 73 91 42 167 120
d 29 77 100 37 218 93 148 258 57
d 30 286 256 93 201 221 104 144 141
d 31 234 40 97 194 106 26 276 246
d 32 226 37 29 275 84 235 1 115
d 33 140 240 161 103 39 244 81 35
d 34 275 30 97 192 278 279 160 141
d 35 198 127 36 71 123 239 175 234
d 36 17 118 206 38 7 114 108 241
d 37 109 34 205 41 91 245 118 250
d 38 69 63 167 100 251 239 89 245
d 39 38 287 239 188 36 90 221 226
d 40 159 220 182 106 169 146 242 210
d 41 53 79 147 23 226 146 61 130
d 42 75 23 184 35 206 98 207 135
d 43 78 221 97 232 180 262 222 153
d 44 88 38 33 250 86 11 201 98
d 3 184 168 202 39 137 216 106 135
d 4 10 34 167 160 36 21 233 20
d 5 69 224 30 91 81 15 245 45
d 6 173 249 149 215 247 69 224 211
d 7 80 247 194 120 237 151 131 94
d 8 169 71 114 31 255 98 181 95
d 9 239 38 152 243 37 268 49 71
d 10 57 192 194 256 43 138 160 3
d 11 248 139 112 86 59 286 18 157
d 12 147 201 278 264 259 268 7 125
d 13 177 152 157 69 231 22 119 268
d 14 129 114 6 76 88 201 65 46
d 15 190 49 245 159 285 259 183 249
d 16 157 207 103 221 97 165 167 239
d 17 181 247 47 139 135 78 97 282
d 18 1 3 103 210 255 285 63 157
d 19 236 76 210 103 258 283 5 174
d 20 273 219 207 279 4 90 92 20
d 21 198 277 150 21 40 179 178 123
d 22 178 182 195 204 93 161 88 260
d 23 129 201 136 132 158 270 152 255
d 24 215 108 182 231 92 97 69 171
d 25 94 166 53 259 177 197 125 21
d 26 213 261 254 78 38 186 201 285
d 27 169 148 241 209 153 166 27 281
d 28 167 73 215 136 10 31 120 54
d 29 37 86 26 138 55 90 157 100
d 30 136 93 201 219 244 74 33 6
d 31 234 40 191 9 25 240 211 194
d 32 176 161 10 263 62 279 29 275
d 33 140 39 204 105 279 246 168 167
d 34 275 141 56 13 187 279 36 168
d 35 198 127 47 71 256 147 123 215
d 36 17 118 22 203 210 7 166 222
d 37 207 97 42 253 23 247 107 39
d 38 69 6 41 156 57 167 152 131
d 39 38 136 222 191 90 230 112 226
d 40 182 8 112 286 145 107 214 268
d 41 144 219 18 168 61 1 272 51
d 42 184 267 257 23 236 154 273 115
d 43 8 40 221 9 97 12 106 208
d 44 280 167 187 88 33 250 227 286
d 3 132 227 168 252 92 106 81 74
d 4 34 160 167 39 84 107 207 187
d 5 69 30 224 245 91 81 171 18
d 6 173 16 224 118 247 258 162 66
d 7 247 237 287 265 131 44 41 36
d 8 131 114 71 113 200 98 156 214
d 9 37 142 38 152 243 66 189 171
d 10 57 192 22 194 106 284 256 205
d 11 248 112 139 86 18 59 211 62
d 12 7 201 147 125 278 268 196 134
d 13 177 152 119 157 70 251 52 124
d 14 129 6 83 114 139 3 64 76
d 15 49 159 190 249 72 245 25 207
d 16 207 157 221 103 61 46 181 8
d 17 139 181 47 78 135 169 120 172
d 18 153 285 255 1 3 48 127 197
d 19 208 236 184 74 76 21 283 174
d 20 136 259 215 3 77 4 279 138
d 21 21 169 198 122 3 283 1 58
d 22 206 193 161 250 237 26 122 252
d 23 76 122 70 137 67 20 9 25
d 24 75 69 270 92 4 194 171 252
d 25 236 99 201 269 53 73 163 224
d 26 64 195 38 241 148 215 167 55
d 27 70 222 75 99 38 86 61 153
d 28 144 68 104 73 42 143 194 146
d 29 148 218 77 100 93 57 37 215
d 30 256 245 93 134 148 65 213 40
d 31 229 272 40 234 194 191 181 33
d 32 143 189 261 61 100 287 147 43
d 33 140 246 244 39 168 105 103 167
d 34 275 20 97 141 127 279 31 52
d 35 198 127 33 0 107 71 205 14
d 36 17 118 22 7 144 206 108 209
d 37 182 207 242 31 94 44 253 4
d 38 69 63 167 9 261 120 189 172
d 39 38 136 84 226 230 85 80 81
d 40 182 208 112 280 170 1 260 159
d 41 23 168 146 20 127 130 226 38
d 42 252 171 23 99 156 177 26 34
d 43 12 221 57 195 97 208 55 285
d 44 250 11 164 227 33 136 111 85
d 3 253 255 109 54 120 135 130 230
d 4 99 77 13 25 33 210 160 131
d 5 197 210 207 195 179 23 206 144
d 6 49 190 13 126 200 233 54 159
d 7 162 5 252 143 129 202 123 239
d 8 261 227 21 17 32 147 199 45
d 9 218 30 277 17 89 58 37 124
d 10 120 217 126 101 192 254 46 89
d 11 136 123 60 94 248 223 108 214
d 12 202 237 278 287 180 218 225 259
d 13 137 15 91 232 54 27 177 80
d 14 247 138 125 268 117 149 58 51
d 15 205 280 20 84 152 229 121 190
d 16 275 198 195 157 89 172 266 123
d 17 147 138 181 18 65 284 68 116
d 18 210 153 37 220 73 48 61 280
d 19 274 275 8 147 99 184 74 174
d 20 273 116 127 199 242 92 279 136
d 21 50 198 154 244 197 56 149 76
d 22 84 134 35 252 206 188 25 191
d 23 120 52 201 204 272 62 212 71
d 24 155 175 270 83 171 19 69 194
d 25 236 99 181 53 94 197 0 271
d 26 64 285 214 213 195 287 111 88
d 27 70 61 169 222 153 38 86 260
d 28 235 54 42 230 68 73 164 222
d 29 37 42 77 93 21 113 218 62
d 30 245 93 201 144 65 256 275 141
d 31 234 40 191 229 272 194 53 25
d 32 143 159 275 203 90 46 24 216
d 33 140 246 39 167 204 78 279 219
d 34 275 141 20 279 252 159 127 97
d 35 198 127 71 33 0 107 261 125
d 36 17 18 118 7 144 22 210 241
d 37 207 31 200 242 41 4 155 253
d 38 69 167 9 200 189 64 131 109
d 39 38 136 84 36 81 191 222 115
d 40 182 208 74 240 110 268 106 164
d 41 167 144 20 38 217 77 61 53
d 42 171 23 99 275 163 215 105 206
d 43 221 106 57 195 149 242 97 80
d 44 30 11 66 33 270 250 122 57
d 3 28 39 79 148 204 224 86 55
d 4 116 256 79 33 255 174 37 167
d 5 126 44 214 264 260 69 242 66
d 6 181 249 242 103 76 149 281 271
d 7 151 44 128 273 104 65 237 48
d 8 114 233 96 273 67 98 44 132
d 9 121 239 36 230 249 49 107 193
d 10 257 273 255 228 66 161 271 4
d 11 157 285 187 92 181 256 138 100
d 12 208 196 201 147 134 78 203 74
d 13 98 177 118 80 126 183 9 159
d 14 129 180 182 107 114 140 76 74
d 15 214 49 190 47 210 54 266 37
d 16 18 239 227 103 171 157 284 55
d 17 181 287 119 259 139 135 284 247
d 18 265 255 174 141 118 153 48 17
d 19 229 74 75 127 118 63 76 53
d 20 127 197 161 136 124 247 32 77
d 21 77 131 182 261 63 152 280 100
d 22 225 55 134 129 173 252 135 26
d 23 135 122 148 137 157 82 174 241
d 24 264 71 57 172 270 265 69 134
d 25 261 258 276 197 35 94 195 236
d 26 233 64 214 255 123 213 30 280
d 27 250 31 61 144 271 169 201 153
d 28 54 245 231 152 277 101 164 226
d 29 253 77 100 249 37 11 218 281
d 30 152 93 124 201 242 90 141 144
d 31 234 40 127 211 53 39 189 250
d 32 82 108 65 156 37 21 115 90
d 33 240 140 41 78 264 113 279 214
d 34 275 105 37 168 248 218 266 127
d 35 198 169 62 41 71 127 37 56
d 36 17 134 209 118 67 210 7 107
d 37 26 109 61 207 69 200 31 41
d 38 131 69 204 128 189 167 203 57
d 39 38 142 253 152 260 136 43 36
d 40 52 242 182 74 247 106 218 280
d 41 53 167 72 216 58 12 23 91
d 42 77 75 95 171 7 23 206 218
d 43 78 221 14 165 97 59 18 75
d 44 38 17 33 106 249 250 107 280
d 3 244 168 132 33 185 90 50 84
d 4 236 24 232 206 21 174 246 220
d 5 264 63 103 141 287 25 132 33
d 6 103 156 36 76 168 145 98 100
d 7 237 104 44 163 199 80 253 78
d 8 98 114 22 92 29 8 272 93
d 9 121 239 180 249 125 91 49 93
d 10 8 271 255 192 106 216 116 198
d 11 21 275 110 248 111 231 170 146
d 12 147 201 74 134 139 78 120 125
d 13 177 124 74 60 119 110 96 70
d 14 129 107 123 180 88 146 114 170
d 15 47 49 190 159 214 265 39 135
d 16 103 18 55 157 117 120 227 49
d 17 181 139 78 287 201 135 120 210
d 18 265 153 255 1 17 242 213 61
d 19 74 229 63 76 190 184 148 89
d 20 270 136 127 77 279 117 3 259
d 21 21 77 63 131 3 122 169 191
d 22 193 206 161 55 134 252 164 61
d 23 122 137 87 2 25 76 222 135
d 24 172 69 270 75 4 171 227 274
d 25 197 258 80 53 14 21 240 38
d 26 280 213 55 111 258 80 64 152
d 27 241 61 168 153 170 31 38 86
d 28 231 54 230 73 269 167 226 157
d 29 100 77 218 37 248 34 156 277
d 30 93 195 104 97 141 146 173 256
d 31 40 234 97 211 78 127 194 287
d 32 65 21 203 279 115 29 37 143
d 33 140 240 148 113 22 83 81 35
d 34 275 64 30 141 91 218 97 160
d 35 198 127 71 238 36 280 55 256
d 36 17 118 209 206 18 22 210 21
d 37 31 94 26 207 109 232 159 28
d 38 69 167 153 131 109 126 95 262
d 39 38 136 241 221 142 90 36 84
d 40 182 208 74 242 221 280 127 159
d 41 23 53 226 79 144 167 263 146
d 42 171 23 206 7 163 66 3 18
d 43 221 97 106 285 137 31 78 22
d 44 250 88 98 8 33 66 148 44
